ISO-10303-21;
HEADER;
FILE_DESCRIPTION(('FreeCAD Model'),'2;1');
FILE_NAME('Open CASCADE Shape Model','2026-03-05T13:21:47',(
    'kicad StepUp'),('ksu MCAD'),'Open CASCADE STEP processor 7.8',
  'FreeCAD','Unknown');
FILE_SCHEMA(('AUTOMOTIVE_DESIGN { 1 0 10303 214 1 1 1 1 }'));
ENDSEC;
DATA;
#1 = APPLICATION_PROTOCOL_DEFINITION('international standard',
  'automotive_design',2000,#2);
#2 = APPLICATION_CONTEXT(
  'core data for automotive mechanical design processes');
#3 = SHAPE_DEFINITION_REPRESENTATION(#4,#10);
#4 = PRODUCT_DEFINITION_SHAPE('','',#5);
#5 = PRODUCT_DEFINITION('design','',#6,#9);
#6 = PRODUCT_DEFINITION_FORMATION('','',#7);
#7 = PRODUCT('open','open','',(#8));
#8 = PRODUCT_CONTEXT('',#2,'mechanical');
#9 = PRODUCT_DEFINITION_CONTEXT('part definition',#2,'design');
#10 = SHAPE_REPRESENTATION('',(#11,#15,#19),#23);
#11 = AXIS2_PLACEMENT_3D('',#12,#13,#14);
#12 = CARTESIAN_POINT('',(0.,0.,0.));
#13 = DIRECTION('',(0.,0.,1.));
#14 = DIRECTION('',(1.,0.,-0.));
#15 = AXIS2_PLACEMENT_3D('',#16,#17,#18);
#16 = CARTESIAN_POINT('',(0.,0.,0.));
#17 = DIRECTION('',(0.,0.,1.));
#18 = DIRECTION('',(1.,0.,0.));
#19 = AXIS2_PLACEMENT_3D('',#20,#21,#22);
#20 = CARTESIAN_POINT('',(0.,0.,0.));
#21 = DIRECTION('',(0.,0.,1.));
#22 = DIRECTION('',(1.,0.,0.));
#23 = ( GEOMETRIC_REPRESENTATION_CONTEXT(3) 
GLOBAL_UNCERTAINTY_ASSIGNED_CONTEXT((#27)) GLOBAL_UNIT_ASSIGNED_CONTEXT(
(#24,#25,#26)) REPRESENTATION_CONTEXT('Context #1',
  '3D Context with UNIT and UNCERTAINTY') );
#24 = ( LENGTH_UNIT() NAMED_UNIT(*) SI_UNIT(.MILLI.,.METRE.) );
#25 = ( NAMED_UNIT(*) PLANE_ANGLE_UNIT() SI_UNIT($,.RADIAN.) );
#26 = ( NAMED_UNIT(*) SI_UNIT($,.STERADIAN.) SOLID_ANGLE_UNIT() );
#27 = UNCERTAINTY_MEASURE_WITH_UNIT(LENGTH_MEASURE(1.E-07),#24,
  'distance_accuracy_value','confusion accuracy');
#28 = PRODUCT_RELATED_PRODUCT_CATEGORY('part',$,(#7));
#29 = SHAPE_DEFINITION_REPRESENTATION(#30,#36);
#30 = PRODUCT_DEFINITION_SHAPE('','',#31);
#31 = PRODUCT_DEFINITION('design','',#32,#35);
#32 = PRODUCT_DEFINITION_FORMATION('','',#33);
#33 = PRODUCT('Board_Geoms_2c83','Board_Geoms_2c83','',(#34));
#34 = PRODUCT_CONTEXT('',#2,'mechanical');
#35 = PRODUCT_DEFINITION_CONTEXT('part definition',#2,'design');
#36 = SHAPE_REPRESENTATION('',(#11,#37),#41);
#37 = AXIS2_PLACEMENT_3D('',#38,#39,#40);
#38 = CARTESIAN_POINT('',(-137.6,84.7,0.));
#39 = DIRECTION('',(0.,0.,1.));
#40 = DIRECTION('',(1.,0.,0.));
#41 = ( GEOMETRIC_REPRESENTATION_CONTEXT(3) 
GLOBAL_UNCERTAINTY_ASSIGNED_CONTEXT((#45)) GLOBAL_UNIT_ASSIGNED_CONTEXT(
(#42,#43,#44)) REPRESENTATION_CONTEXT('Context #1',
  '3D Context with UNIT and UNCERTAINTY') );
#42 = ( LENGTH_UNIT() NAMED_UNIT(*) SI_UNIT(.MILLI.,.METRE.) );
#43 = ( NAMED_UNIT(*) PLANE_ANGLE_UNIT() SI_UNIT($,.RADIAN.) );
#44 = ( NAMED_UNIT(*) SI_UNIT($,.STERADIAN.) SOLID_ANGLE_UNIT() );
#45 = UNCERTAINTY_MEASURE_WITH_UNIT(LENGTH_MEASURE(1.E-07),#42,
  'distance_accuracy_value','confusion accuracy');
#46 = CONTEXT_DEPENDENT_SHAPE_REPRESENTATION(#47,#49);
#47 = ( REPRESENTATION_RELATIONSHIP('','',#36,#10) 
REPRESENTATION_RELATIONSHIP_WITH_TRANSFORMATION(#48) 
SHAPE_REPRESENTATION_RELATIONSHIP() );
#48 = ITEM_DEFINED_TRANSFORMATION('','',#11,#15);
#49 = PRODUCT_DEFINITION_SHAPE('Placement','Placement of an item',#50);
#50 = NEXT_ASSEMBLY_USAGE_OCCURRENCE('14','Board_Geoms_2c83','',#5,#31,$
  );
#51 = PRODUCT_RELATED_PRODUCT_CATEGORY('part',$,(#33));
#52 = SHAPE_DEFINITION_REPRESENTATION(#53,#59);
#53 = PRODUCT_DEFINITION_SHAPE('','',#54);
#54 = PRODUCT_DEFINITION('design','',#55,#58);
#55 = PRODUCT_DEFINITION_FORMATION('','',#56);
#56 = PRODUCT('Pcb_2c83','Pcb_2c83','',(#57));
#57 = PRODUCT_CONTEXT('',#2,'mechanical');
#58 = PRODUCT_DEFINITION_CONTEXT('part definition',#2,'design');
#59 = ADVANCED_BREP_SHAPE_REPRESENTATION('',(#11,#60),#444);
#60 = MANIFOLD_SOLID_BREP('',#61);
#61 = CLOSED_SHELL('',(#62,#102,#133,#164,#186,#219,#252,#285,#318,#351,
    #384,#414));
#62 = ADVANCED_FACE('',(#63),#97,.T.);
#63 = FACE_BOUND('',#64,.T.);
#64 = EDGE_LOOP('',(#65,#75,#83,#91));
#65 = ORIENTED_EDGE('',*,*,#66,.T.);
#66 = EDGE_CURVE('',#67,#69,#71,.T.);
#67 = VERTEX_POINT('',#68);
#68 = CARTESIAN_POINT('',(172.357229,-78.38926,0.));
#69 = VERTEX_POINT('',#70);
#70 = CARTESIAN_POINT('',(172.357229,-78.38926,-1.59));
#71 = LINE('',#72,#73);
#72 = CARTESIAN_POINT('',(172.357229,-78.38926,0.));
#73 = VECTOR('',#74,1.);
#74 = DIRECTION('',(0.,0.,-1.));
#75 = ORIENTED_EDGE('',*,*,#76,.T.);
#76 = EDGE_CURVE('',#69,#77,#79,.T.);
#77 = VERTEX_POINT('',#78);
#78 = CARTESIAN_POINT('',(108.279554,-78.38926,-1.59));
#79 = LINE('',#80,#81);
#80 = CARTESIAN_POINT('',(172.357229,-78.38926,-1.59));
#81 = VECTOR('',#82,1.);
#82 = DIRECTION('',(-1.,0.,0.));
#83 = ORIENTED_EDGE('',*,*,#84,.F.);
#84 = EDGE_CURVE('',#85,#77,#87,.T.);
#85 = VERTEX_POINT('',#86);
#86 = CARTESIAN_POINT('',(108.279554,-78.38926,0.));
#87 = LINE('',#88,#89);
#88 = CARTESIAN_POINT('',(108.279554,-78.38926,0.));
#89 = VECTOR('',#90,1.);
#90 = DIRECTION('',(0.,0.,-1.));
#91 = ORIENTED_EDGE('',*,*,#92,.F.);
#92 = EDGE_CURVE('',#67,#85,#93,.T.);
#93 = LINE('',#94,#95);
#94 = CARTESIAN_POINT('',(172.357229,-78.38926,0.));
#95 = VECTOR('',#96,1.);
#96 = DIRECTION('',(-1.,0.,0.));
#97 = PLANE('',#98);
#98 = AXIS2_PLACEMENT_3D('',#99,#100,#101);
#99 = CARTESIAN_POINT('',(172.357229,-78.38926,0.));
#100 = DIRECTION('',(0.,1.,0.));
#101 = DIRECTION('',(-1.,0.,0.));
#102 = ADVANCED_FACE('',(#103),#128,.T.);
#103 = FACE_BOUND('',#104,.T.);
#104 = EDGE_LOOP('',(#105,#115,#121,#122));
#105 = ORIENTED_EDGE('',*,*,#106,.T.);
#106 = EDGE_CURVE('',#107,#109,#111,.T.);
#107 = VERTEX_POINT('',#108);
#108 = CARTESIAN_POINT('',(172.357229,-118.843147,0.));
#109 = VERTEX_POINT('',#110);
#110 = CARTESIAN_POINT('',(172.357229,-118.843147,-1.59));
#111 = LINE('',#112,#113);
#112 = CARTESIAN_POINT('',(172.357229,-118.843147,0.));
#113 = VECTOR('',#114,1.);
#114 = DIRECTION('',(0.,0.,-1.));
#115 = ORIENTED_EDGE('',*,*,#116,.T.);
#116 = EDGE_CURVE('',#109,#69,#117,.T.);
#117 = LINE('',#118,#119);
#118 = CARTESIAN_POINT('',(172.357229,-118.843147,-1.59));
#119 = VECTOR('',#120,1.);
#120 = DIRECTION('',(0.,1.,0.));
#121 = ORIENTED_EDGE('',*,*,#66,.F.);
#122 = ORIENTED_EDGE('',*,*,#123,.F.);
#123 = EDGE_CURVE('',#107,#67,#124,.T.);
#124 = LINE('',#125,#126);
#125 = CARTESIAN_POINT('',(172.357229,-118.843147,0.));
#126 = VECTOR('',#127,1.);
#127 = DIRECTION('',(0.,1.,0.));
#128 = PLANE('',#129);
#129 = AXIS2_PLACEMENT_3D('',#130,#131,#132);
#130 = CARTESIAN_POINT('',(172.357229,-118.843147,0.));
#131 = DIRECTION('',(1.,-0.,0.));
#132 = DIRECTION('',(0.,1.,0.));
#133 = ADVANCED_FACE('',(#134),#159,.T.);
#134 = FACE_BOUND('',#135,.T.);
#135 = EDGE_LOOP('',(#136,#137,#145,#153));
#136 = ORIENTED_EDGE('',*,*,#84,.T.);
#137 = ORIENTED_EDGE('',*,*,#138,.T.);
#138 = EDGE_CURVE('',#77,#139,#141,.T.);
#139 = VERTEX_POINT('',#140);
#140 = CARTESIAN_POINT('',(108.279554,-118.843147,-1.59));
#141 = LINE('',#142,#143);
#142 = CARTESIAN_POINT('',(108.279554,-78.38926,-1.59));
#143 = VECTOR('',#144,1.);
#144 = DIRECTION('',(0.,-1.,0.));
#145 = ORIENTED_EDGE('',*,*,#146,.F.);
#146 = EDGE_CURVE('',#147,#139,#149,.T.);
#147 = VERTEX_POINT('',#148);
#148 = CARTESIAN_POINT('',(108.279554,-118.843147,0.));
#149 = LINE('',#150,#151);
#150 = CARTESIAN_POINT('',(108.279554,-118.843147,0.));
#151 = VECTOR('',#152,1.);
#152 = DIRECTION('',(0.,0.,-1.));
#153 = ORIENTED_EDGE('',*,*,#154,.F.);
#154 = EDGE_CURVE('',#85,#147,#155,.T.);
#155 = LINE('',#156,#157);
#156 = CARTESIAN_POINT('',(108.279554,-78.38926,0.));
#157 = VECTOR('',#158,1.);
#158 = DIRECTION('',(0.,-1.,0.));
#159 = PLANE('',#160);
#160 = AXIS2_PLACEMENT_3D('',#161,#162,#163);
#161 = CARTESIAN_POINT('',(108.279554,-78.38926,0.));
#162 = DIRECTION('',(-1.,-0.,-0.));
#163 = DIRECTION('',(0.,-1.,0.));
#164 = ADVANCED_FACE('',(#165),#181,.T.);
#165 = FACE_BOUND('',#166,.T.);
#166 = EDGE_LOOP('',(#167,#168,#174,#175));
#167 = ORIENTED_EDGE('',*,*,#146,.T.);
#168 = ORIENTED_EDGE('',*,*,#169,.T.);
#169 = EDGE_CURVE('',#139,#109,#170,.T.);
#170 = LINE('',#171,#172);
#171 = CARTESIAN_POINT('',(108.279554,-118.843147,-1.59));
#172 = VECTOR('',#173,1.);
#173 = DIRECTION('',(1.,0.,0.));
#174 = ORIENTED_EDGE('',*,*,#106,.F.);
#175 = ORIENTED_EDGE('',*,*,#176,.F.);
#176 = EDGE_CURVE('',#147,#107,#177,.T.);
#177 = LINE('',#178,#179);
#178 = CARTESIAN_POINT('',(108.279554,-118.843147,0.));
#179 = VECTOR('',#180,1.);
#180 = DIRECTION('',(1.,0.,0.));
#181 = PLANE('',#182);
#182 = AXIS2_PLACEMENT_3D('',#183,#184,#185);
#183 = CARTESIAN_POINT('',(108.279554,-118.843147,0.));
#184 = DIRECTION('',(0.,-1.,0.));
#185 = DIRECTION('',(1.,0.,0.));
#186 = ADVANCED_FACE('',(#187),#214,.F.);
#187 = FACE_BOUND('',#188,.F.);
#188 = EDGE_LOOP('',(#189,#199,#206,#207));
#189 = ORIENTED_EDGE('',*,*,#190,.T.);
#190 = EDGE_CURVE('',#191,#193,#195,.T.);
#191 = VERTEX_POINT('',#192);
#192 = CARTESIAN_POINT('',(114.18,-117.44,0.));
#193 = VERTEX_POINT('',#194);
#194 = CARTESIAN_POINT('',(114.18,-117.44,-1.59));
#195 = LINE('',#196,#197);
#196 = CARTESIAN_POINT('',(114.18,-117.44,0.));
#197 = VECTOR('',#198,1.);
#198 = DIRECTION('',(0.,0.,-1.));
#199 = ORIENTED_EDGE('',*,*,#200,.T.);
#200 = EDGE_CURVE('',#193,#193,#201,.T.);
#201 = CIRCLE('',#202,0.4);
#202 = AXIS2_PLACEMENT_3D('',#203,#204,#205);
#203 = CARTESIAN_POINT('',(113.78,-117.44,-1.59));
#204 = DIRECTION('',(0.,0.,1.));
#205 = DIRECTION('',(1.,0.,-0.));
#206 = ORIENTED_EDGE('',*,*,#190,.F.);
#207 = ORIENTED_EDGE('',*,*,#208,.F.);
#208 = EDGE_CURVE('',#191,#191,#209,.T.);
#209 = CIRCLE('',#210,0.4);
#210 = AXIS2_PLACEMENT_3D('',#211,#212,#213);
#211 = CARTESIAN_POINT('',(113.78,-117.44,0.));
#212 = DIRECTION('',(0.,0.,1.));
#213 = DIRECTION('',(1.,0.,-0.));
#214 = CYLINDRICAL_SURFACE('',#215,0.4);
#215 = AXIS2_PLACEMENT_3D('',#216,#217,#218);
#216 = CARTESIAN_POINT('',(113.78,-117.44,0.));
#217 = DIRECTION('',(0.,0.,1.));
#218 = DIRECTION('',(1.,0.,-0.));
#219 = ADVANCED_FACE('',(#220),#247,.F.);
#220 = FACE_BOUND('',#221,.F.);
#221 = EDGE_LOOP('',(#222,#232,#239,#240));
#222 = ORIENTED_EDGE('',*,*,#223,.T.);
#223 = EDGE_CURVE('',#224,#226,#228,.T.);
#224 = VERTEX_POINT('',#225);
#225 = CARTESIAN_POINT('',(114.18,-115.44,0.));
#226 = VERTEX_POINT('',#227);
#227 = CARTESIAN_POINT('',(114.18,-115.44,-1.59));
#228 = LINE('',#229,#230);
#229 = CARTESIAN_POINT('',(114.18,-115.44,0.));
#230 = VECTOR('',#231,1.);
#231 = DIRECTION('',(0.,0.,-1.));
#232 = ORIENTED_EDGE('',*,*,#233,.T.);
#233 = EDGE_CURVE('',#226,#226,#234,.T.);
#234 = CIRCLE('',#235,0.4);
#235 = AXIS2_PLACEMENT_3D('',#236,#237,#238);
#236 = CARTESIAN_POINT('',(113.78,-115.44,-1.59));
#237 = DIRECTION('',(0.,0.,1.));
#238 = DIRECTION('',(1.,0.,-0.));
#239 = ORIENTED_EDGE('',*,*,#223,.F.);
#240 = ORIENTED_EDGE('',*,*,#241,.F.);
#241 = EDGE_CURVE('',#224,#224,#242,.T.);
#242 = CIRCLE('',#243,0.4);
#243 = AXIS2_PLACEMENT_3D('',#244,#245,#246);
#244 = CARTESIAN_POINT('',(113.78,-115.44,0.));
#245 = DIRECTION('',(0.,0.,1.));
#246 = DIRECTION('',(1.,0.,-0.));
#247 = CYLINDRICAL_SURFACE('',#248,0.4);
#248 = AXIS2_PLACEMENT_3D('',#249,#250,#251);
#249 = CARTESIAN_POINT('',(113.78,-115.44,0.));
#250 = DIRECTION('',(0.,0.,1.));
#251 = DIRECTION('',(1.,0.,-0.));
#252 = ADVANCED_FACE('',(#253),#280,.F.);
#253 = FACE_BOUND('',#254,.F.);
#254 = EDGE_LOOP('',(#255,#265,#272,#273));
#255 = ORIENTED_EDGE('',*,*,#256,.T.);
#256 = EDGE_CURVE('',#257,#259,#261,.T.);
#257 = VERTEX_POINT('',#258);
#258 = CARTESIAN_POINT('',(114.18,-113.44,0.));
#259 = VERTEX_POINT('',#260);
#260 = CARTESIAN_POINT('',(114.18,-113.44,-1.59));
#261 = LINE('',#262,#263);
#262 = CARTESIAN_POINT('',(114.18,-113.44,0.));
#263 = VECTOR('',#264,1.);
#264 = DIRECTION('',(0.,0.,-1.));
#265 = ORIENTED_EDGE('',*,*,#266,.T.);
#266 = EDGE_CURVE('',#259,#259,#267,.T.);
#267 = CIRCLE('',#268,0.4);
#268 = AXIS2_PLACEMENT_3D('',#269,#270,#271);
#269 = CARTESIAN_POINT('',(113.78,-113.44,-1.59));
#270 = DIRECTION('',(0.,0.,1.));
#271 = DIRECTION('',(1.,0.,-0.));
#272 = ORIENTED_EDGE('',*,*,#256,.F.);
#273 = ORIENTED_EDGE('',*,*,#274,.F.);
#274 = EDGE_CURVE('',#257,#257,#275,.T.);
#275 = CIRCLE('',#276,0.4);
#276 = AXIS2_PLACEMENT_3D('',#277,#278,#279);
#277 = CARTESIAN_POINT('',(113.78,-113.44,0.));
#278 = DIRECTION('',(0.,0.,1.));
#279 = DIRECTION('',(1.,0.,-0.));
#280 = CYLINDRICAL_SURFACE('',#281,0.4);
#281 = AXIS2_PLACEMENT_3D('',#282,#283,#284);
#282 = CARTESIAN_POINT('',(113.78,-113.44,0.));
#283 = DIRECTION('',(0.,0.,1.));
#284 = DIRECTION('',(1.,0.,-0.));
#285 = ADVANCED_FACE('',(#286),#313,.F.);
#286 = FACE_BOUND('',#287,.F.);
#287 = EDGE_LOOP('',(#288,#298,#305,#306));
#288 = ORIENTED_EDGE('',*,*,#289,.T.);
#289 = EDGE_CURVE('',#290,#292,#294,.T.);
#290 = VERTEX_POINT('',#291);
#291 = CARTESIAN_POINT('',(114.18,-111.44,0.));
#292 = VERTEX_POINT('',#293);
#293 = CARTESIAN_POINT('',(114.18,-111.44,-1.59));
#294 = LINE('',#295,#296);
#295 = CARTESIAN_POINT('',(114.18,-111.44,0.));
#296 = VECTOR('',#297,1.);
#297 = DIRECTION('',(0.,0.,-1.));
#298 = ORIENTED_EDGE('',*,*,#299,.T.);
#299 = EDGE_CURVE('',#292,#292,#300,.T.);
#300 = CIRCLE('',#301,0.4);
#301 = AXIS2_PLACEMENT_3D('',#302,#303,#304);
#302 = CARTESIAN_POINT('',(113.78,-111.44,-1.59));
#303 = DIRECTION('',(0.,0.,1.));
#304 = DIRECTION('',(1.,0.,-0.));
#305 = ORIENTED_EDGE('',*,*,#289,.F.);
#306 = ORIENTED_EDGE('',*,*,#307,.F.);
#307 = EDGE_CURVE('',#290,#290,#308,.T.);
#308 = CIRCLE('',#309,0.4);
#309 = AXIS2_PLACEMENT_3D('',#310,#311,#312);
#310 = CARTESIAN_POINT('',(113.78,-111.44,0.));
#311 = DIRECTION('',(0.,0.,1.));
#312 = DIRECTION('',(1.,0.,-0.));
#313 = CYLINDRICAL_SURFACE('',#314,0.4);
#314 = AXIS2_PLACEMENT_3D('',#315,#316,#317);
#315 = CARTESIAN_POINT('',(113.78,-111.44,0.));
#316 = DIRECTION('',(0.,0.,1.));
#317 = DIRECTION('',(1.,0.,-0.));
#318 = ADVANCED_FACE('',(#319),#346,.F.);
#319 = FACE_BOUND('',#320,.F.);
#320 = EDGE_LOOP('',(#321,#331,#338,#339));
#321 = ORIENTED_EDGE('',*,*,#322,.T.);
#322 = EDGE_CURVE('',#323,#325,#327,.T.);
#323 = VERTEX_POINT('',#324);
#324 = CARTESIAN_POINT('',(145.28,-113.44,0.));
#325 = VERTEX_POINT('',#326);
#326 = CARTESIAN_POINT('',(145.28,-113.44,-1.59));
#327 = LINE('',#328,#329);
#328 = CARTESIAN_POINT('',(145.28,-113.44,0.));
#329 = VECTOR('',#330,1.);
#330 = DIRECTION('',(0.,0.,-1.));
#331 = ORIENTED_EDGE('',*,*,#332,.T.);
#332 = EDGE_CURVE('',#325,#325,#333,.T.);
#333 = CIRCLE('',#334,0.4);
#334 = AXIS2_PLACEMENT_3D('',#335,#336,#337);
#335 = CARTESIAN_POINT('',(144.88,-113.44,-1.59));
#336 = DIRECTION('',(0.,0.,1.));
#337 = DIRECTION('',(1.,0.,-0.));
#338 = ORIENTED_EDGE('',*,*,#322,.F.);
#339 = ORIENTED_EDGE('',*,*,#340,.F.);
#340 = EDGE_CURVE('',#323,#323,#341,.T.);
#341 = CIRCLE('',#342,0.4);
#342 = AXIS2_PLACEMENT_3D('',#343,#344,#345);
#343 = CARTESIAN_POINT('',(144.88,-113.44,0.));
#344 = DIRECTION('',(0.,0.,1.));
#345 = DIRECTION('',(1.,0.,-0.));
#346 = CYLINDRICAL_SURFACE('',#347,0.4);
#347 = AXIS2_PLACEMENT_3D('',#348,#349,#350);
#348 = CARTESIAN_POINT('',(144.88,-113.44,0.));
#349 = DIRECTION('',(0.,0.,1.));
#350 = DIRECTION('',(1.,0.,-0.));
#351 = ADVANCED_FACE('',(#352),#379,.F.);
#352 = FACE_BOUND('',#353,.F.);
#353 = EDGE_LOOP('',(#354,#364,#371,#372));
#354 = ORIENTED_EDGE('',*,*,#355,.T.);
#355 = EDGE_CURVE('',#356,#358,#360,.T.);
#356 = VERTEX_POINT('',#357);
#357 = CARTESIAN_POINT('',(145.28,-111.44,0.));
#358 = VERTEX_POINT('',#359);
#359 = CARTESIAN_POINT('',(145.28,-111.44,-1.59));
#360 = LINE('',#361,#362);
#361 = CARTESIAN_POINT('',(145.28,-111.44,0.));
#362 = VECTOR('',#363,1.);
#363 = DIRECTION('',(0.,0.,-1.));
#364 = ORIENTED_EDGE('',*,*,#365,.T.);
#365 = EDGE_CURVE('',#358,#358,#366,.T.);
#366 = CIRCLE('',#367,0.4);
#367 = AXIS2_PLACEMENT_3D('',#368,#369,#370);
#368 = CARTESIAN_POINT('',(144.88,-111.44,-1.59));
#369 = DIRECTION('',(0.,0.,1.));
#370 = DIRECTION('',(1.,0.,-0.));
#371 = ORIENTED_EDGE('',*,*,#355,.F.);
#372 = ORIENTED_EDGE('',*,*,#373,.F.);
#373 = EDGE_CURVE('',#356,#356,#374,.T.);
#374 = CIRCLE('',#375,0.4);
#375 = AXIS2_PLACEMENT_3D('',#376,#377,#378);
#376 = CARTESIAN_POINT('',(144.88,-111.44,0.));
#377 = DIRECTION('',(0.,0.,1.));
#378 = DIRECTION('',(1.,0.,-0.));
#379 = CYLINDRICAL_SURFACE('',#380,0.4);
#380 = AXIS2_PLACEMENT_3D('',#381,#382,#383);
#381 = CARTESIAN_POINT('',(144.88,-111.44,0.));
#382 = DIRECTION('',(0.,0.,1.));
#383 = DIRECTION('',(1.,0.,-0.));
#384 = ADVANCED_FACE('',(#385,#391,#394,#397,#400,#403,#406),#409,.T.);
#385 = FACE_BOUND('',#386,.T.);
#386 = EDGE_LOOP('',(#387,#388,#389,#390));
#387 = ORIENTED_EDGE('',*,*,#92,.T.);
#388 = ORIENTED_EDGE('',*,*,#154,.T.);
#389 = ORIENTED_EDGE('',*,*,#176,.T.);
#390 = ORIENTED_EDGE('',*,*,#123,.T.);
#391 = FACE_BOUND('',#392,.T.);
#392 = EDGE_LOOP('',(#393));
#393 = ORIENTED_EDGE('',*,*,#208,.F.);
#394 = FACE_BOUND('',#395,.T.);
#395 = EDGE_LOOP('',(#396));
#396 = ORIENTED_EDGE('',*,*,#241,.F.);
#397 = FACE_BOUND('',#398,.T.);
#398 = EDGE_LOOP('',(#399));
#399 = ORIENTED_EDGE('',*,*,#274,.F.);
#400 = FACE_BOUND('',#401,.T.);
#401 = EDGE_LOOP('',(#402));
#402 = ORIENTED_EDGE('',*,*,#307,.F.);
#403 = FACE_BOUND('',#404,.T.);
#404 = EDGE_LOOP('',(#405));
#405 = ORIENTED_EDGE('',*,*,#340,.F.);
#406 = FACE_BOUND('',#407,.T.);
#407 = EDGE_LOOP('',(#408));
#408 = ORIENTED_EDGE('',*,*,#373,.F.);
#409 = PLANE('',#410);
#410 = AXIS2_PLACEMENT_3D('',#411,#412,#413);
#411 = CARTESIAN_POINT('',(140.3183915,-98.6162035,0.));
#412 = DIRECTION('',(0.,0.,1.));
#413 = DIRECTION('',(1.,0.,-0.));
#414 = ADVANCED_FACE('',(#415,#421,#424,#427,#430,#433,#436),#439,.F.);
#415 = FACE_BOUND('',#416,.F.);
#416 = EDGE_LOOP('',(#417,#418,#419,#420));
#417 = ORIENTED_EDGE('',*,*,#76,.T.);
#418 = ORIENTED_EDGE('',*,*,#138,.T.);
#419 = ORIENTED_EDGE('',*,*,#169,.T.);
#420 = ORIENTED_EDGE('',*,*,#116,.T.);
#421 = FACE_BOUND('',#422,.F.);
#422 = EDGE_LOOP('',(#423));
#423 = ORIENTED_EDGE('',*,*,#200,.F.);
#424 = FACE_BOUND('',#425,.F.);
#425 = EDGE_LOOP('',(#426));
#426 = ORIENTED_EDGE('',*,*,#233,.F.);
#427 = FACE_BOUND('',#428,.F.);
#428 = EDGE_LOOP('',(#429));
#429 = ORIENTED_EDGE('',*,*,#266,.F.);
#430 = FACE_BOUND('',#431,.F.);
#431 = EDGE_LOOP('',(#432));
#432 = ORIENTED_EDGE('',*,*,#299,.F.);
#433 = FACE_BOUND('',#434,.F.);
#434 = EDGE_LOOP('',(#435));
#435 = ORIENTED_EDGE('',*,*,#332,.F.);
#436 = FACE_BOUND('',#437,.F.);
#437 = EDGE_LOOP('',(#438));
#438 = ORIENTED_EDGE('',*,*,#365,.F.);
#439 = PLANE('',#440);
#440 = AXIS2_PLACEMENT_3D('',#441,#442,#443);
#441 = CARTESIAN_POINT('',(140.3183915,-98.6162035,-1.59));
#442 = DIRECTION('',(0.,0.,1.));
#443 = DIRECTION('',(1.,0.,-0.));
#444 = ( GEOMETRIC_REPRESENTATION_CONTEXT(3) 
GLOBAL_UNCERTAINTY_ASSIGNED_CONTEXT((#448)) GLOBAL_UNIT_ASSIGNED_CONTEXT
((#445,#446,#447)) REPRESENTATION_CONTEXT('Context #1',
  '3D Context with UNIT and UNCERTAINTY') );
#445 = ( LENGTH_UNIT() NAMED_UNIT(*) SI_UNIT(.MILLI.,.METRE.) );
#446 = ( NAMED_UNIT(*) PLANE_ANGLE_UNIT() SI_UNIT($,.RADIAN.) );
#447 = ( NAMED_UNIT(*) SI_UNIT($,.STERADIAN.) SOLID_ANGLE_UNIT() );
#448 = UNCERTAINTY_MEASURE_WITH_UNIT(LENGTH_MEASURE(1.E-07),#445,
  'distance_accuracy_value','confusion accuracy');
#449 = CONTEXT_DEPENDENT_SHAPE_REPRESENTATION(#450,#452);
#450 = ( REPRESENTATION_RELATIONSHIP('','',#59,#36) 
REPRESENTATION_RELATIONSHIP_WITH_TRANSFORMATION(#451) 
SHAPE_REPRESENTATION_RELATIONSHIP() );
#451 = ITEM_DEFINED_TRANSFORMATION('','',#11,#37);
#452 = PRODUCT_DEFINITION_SHAPE('Placement','Placement of an item',#453
  );
#453 = NEXT_ASSEMBLY_USAGE_OCCURRENCE('13','Pcb_2c83','',#31,#54,$);
#454 = PRODUCT_RELATED_PRODUCT_CATEGORY('part',$,(#56));
#455 = SHAPE_DEFINITION_REPRESENTATION(#456,#462);
#456 = PRODUCT_DEFINITION_SHAPE('','',#457);
#457 = PRODUCT_DEFINITION('design','',#458,#461);
#458 = PRODUCT_DEFINITION_FORMATION('','',#459);
#459 = PRODUCT('Step_Models_2c83','Step_Models_2c83','',(#460));
#460 = PRODUCT_CONTEXT('',#2,'mechanical');
#461 = PRODUCT_DEFINITION_CONTEXT('part definition',#2,'design');
#462 = SHAPE_REPRESENTATION('',(#11,#463),#467);
#463 = AXIS2_PLACEMENT_3D('',#464,#465,#466);
#464 = CARTESIAN_POINT('',(0.,0.,0.));
#465 = DIRECTION('',(0.,0.,1.));
#466 = DIRECTION('',(1.,0.,0.));
#467 = ( GEOMETRIC_REPRESENTATION_CONTEXT(3) 
GLOBAL_UNCERTAINTY_ASSIGNED_CONTEXT((#471)) GLOBAL_UNIT_ASSIGNED_CONTEXT
((#468,#469,#470)) REPRESENTATION_CONTEXT('Context #1',
  '3D Context with UNIT and UNCERTAINTY') );
#468 = ( LENGTH_UNIT() NAMED_UNIT(*) SI_UNIT(.MILLI.,.METRE.) );
#469 = ( NAMED_UNIT(*) PLANE_ANGLE_UNIT() SI_UNIT($,.RADIAN.) );
#470 = ( NAMED_UNIT(*) SI_UNIT($,.STERADIAN.) SOLID_ANGLE_UNIT() );
#471 = UNCERTAINTY_MEASURE_WITH_UNIT(LENGTH_MEASURE(1.E-07),#468,
  'distance_accuracy_value','confusion accuracy');
#472 = CONTEXT_DEPENDENT_SHAPE_REPRESENTATION(#473,#475);
#473 = ( REPRESENTATION_RELATIONSHIP('','',#462,#10) 
REPRESENTATION_RELATIONSHIP_WITH_TRANSFORMATION(#474) 
SHAPE_REPRESENTATION_RELATIONSHIP() );
#474 = ITEM_DEFINED_TRANSFORMATION('','',#11,#19);
#475 = PRODUCT_DEFINITION_SHAPE('Placement','Placement of an item',#476
  );
#476 = NEXT_ASSEMBLY_USAGE_OCCURRENCE('24','Step_Models_2c83','',#5,#457
  ,$);
#477 = PRODUCT_RELATED_PRODUCT_CATEGORY('part',$,(#459));
#478 = SHAPE_DEFINITION_REPRESENTATION(#479,#485);
#479 = PRODUCT_DEFINITION_SHAPE('','',#480);
#480 = PRODUCT_DEFINITION('design','',#481,#484);
#481 = PRODUCT_DEFINITION_FORMATION('','',#482);
#482 = PRODUCT('Top_2c83','Top_2c83','',(#483));
#483 = PRODUCT_CONTEXT('',#2,'mechanical');
#484 = PRODUCT_DEFINITION_CONTEXT('part definition',#2,'design');
#485 = SHAPE_REPRESENTATION('',(#11,#486,#490,#494,#498,#502,#506,#510,
    #514),#518);
#486 = AXIS2_PLACEMENT_3D('',#487,#488,#489);
#487 = CARTESIAN_POINT('',(30.83,-12.36,0.));
#488 = DIRECTION('',(0.,0.,1.));
#489 = DIRECTION('',(1.,0.,0.));
#490 = AXIS2_PLACEMENT_3D('',#491,#492,#493);
#491 = CARTESIAN_POINT('',(30.83,-9.8,0.));
#492 = DIRECTION('',(0.,0.,1.));
#493 = DIRECTION('',(1.,0.,0.));
#494 = AXIS2_PLACEMENT_3D('',#495,#496,#497);
#495 = CARTESIAN_POINT('',(30.83,-7.24,0.));
#496 = DIRECTION('',(0.,0.,1.));
#497 = DIRECTION('',(1.,0.,0.));
#498 = AXIS2_PLACEMENT_3D('',#499,#500,#501);
#499 = CARTESIAN_POINT('',(30.83,-14.92,0.));
#500 = DIRECTION('',(0.,0.,1.));
#501 = DIRECTION('',(1.,0.,0.));
#502 = AXIS2_PLACEMENT_3D('',#503,#504,#505);
#503 = CARTESIAN_POINT('',(-23.82,-26.74,0.));
#504 = DIRECTION('',(0.,0.,1.));
#505 = DIRECTION('',(1.,0.,0.));
#506 = AXIS2_PLACEMENT_3D('',#507,#508,#509);
#507 = CARTESIAN_POINT('',(7.28,-26.74,0.));
#508 = DIRECTION('',(0.,0.,1.));
#509 = DIRECTION('',(1.,0.,0.));
#510 = AXIS2_PLACEMENT_3D('',#511,#512,#513);
#511 = CARTESIAN_POINT('',(30.83,-4.68,0.));
#512 = DIRECTION('',(0.,0.,1.));
#513 = DIRECTION('',(1.,0.,0.));
#514 = AXIS2_PLACEMENT_3D('',#515,#516,#517);
#515 = CARTESIAN_POINT('',(30.83,-17.48,0.));
#516 = DIRECTION('',(0.,0.,1.));
#517 = DIRECTION('',(1.,0.,0.));
#518 = ( GEOMETRIC_REPRESENTATION_CONTEXT(3) 
GLOBAL_UNCERTAINTY_ASSIGNED_CONTEXT((#522)) GLOBAL_UNIT_ASSIGNED_CONTEXT
((#519,#520,#521)) REPRESENTATION_CONTEXT('Context #1',
  '3D Context with UNIT and UNCERTAINTY') );
#519 = ( LENGTH_UNIT() NAMED_UNIT(*) SI_UNIT(.MILLI.,.METRE.) );
#520 = ( NAMED_UNIT(*) PLANE_ANGLE_UNIT() SI_UNIT($,.RADIAN.) );
#521 = ( NAMED_UNIT(*) SI_UNIT($,.STERADIAN.) SOLID_ANGLE_UNIT() );
#522 = UNCERTAINTY_MEASURE_WITH_UNIT(LENGTH_MEASURE(1.E-07),#519,
  'distance_accuracy_value','confusion accuracy');
#523 = CONTEXT_DEPENDENT_SHAPE_REPRESENTATION(#524,#526);
#524 = ( REPRESENTATION_RELATIONSHIP('','',#485,#462) 
REPRESENTATION_RELATIONSHIP_WITH_TRANSFORMATION(#525) 
SHAPE_REPRESENTATION_RELATIONSHIP() );
#525 = ITEM_DEFINED_TRANSFORMATION('','',#11,#463);
#526 = PRODUCT_DEFINITION_SHAPE('Placement','Placement of an item',#527
  );
#527 = NEXT_ASSEMBLY_USAGE_OCCURRENCE('23','Top_2c83','',#457,#480,$);
#528 = PRODUCT_RELATED_PRODUCT_CATEGORY('part',$,(#482));
#529 = SHAPE_DEFINITION_REPRESENTATION(#530,#536);
#530 = PRODUCT_DEFINITION_SHAPE('','',#531);
#531 = PRODUCT_DEFINITION('design','',#532,#535);
#532 = PRODUCT_DEFINITION_FORMATION('','',#533);
#533 = PRODUCT('R1_R_0603_1608Metric_822f6e41ad9e',
  'R1_R_0603_1608Metric_822f6e41ad9e','',(#534));
#534 = PRODUCT_CONTEXT('',#2,'mechanical');
#535 = PRODUCT_DEFINITION_CONTEXT('part definition',#2,'design');
#536 = ADVANCED_BREP_SHAPE_REPRESENTATION('',(#11,#537),#1327);
#537 = MANIFOLD_SOLID_BREP('',#538);
#538 = CLOSED_SHELL('',(#539,#579,#662,#687,#712,#779,#796,#813,#862,
    #879,#896,#945,#962,#1031,#1062,#1086,#1155,#1179,#1196,#1213,#1230,
    #1247,#1264,#1281,#1298,#1315));
#539 = ADVANCED_FACE('',(#540),#574,.F.);
#540 = FACE_BOUND('',#541,.F.);
#541 = EDGE_LOOP('',(#542,#552,#560,#568));
#542 = ORIENTED_EDGE('',*,*,#543,.F.);
#543 = EDGE_CURVE('',#544,#546,#548,.T.);
#544 = VERTEX_POINT('',#545);
#545 = CARTESIAN_POINT('',(-0.8,-0.4,4.5E-02));
#546 = VERTEX_POINT('',#547);
#547 = CARTESIAN_POINT('',(-0.8,-0.4,0.405));
#548 = LINE('',#549,#550);
#549 = CARTESIAN_POINT('',(-0.8,-0.4,0.));
#550 = VECTOR('',#551,1.);
#551 = DIRECTION('',(0.,0.,1.));
#552 = ORIENTED_EDGE('',*,*,#553,.T.);
#553 = EDGE_CURVE('',#544,#554,#556,.T.);
#554 = VERTEX_POINT('',#555);
#555 = CARTESIAN_POINT('',(-0.8,0.4,4.5E-02));
#556 = LINE('',#557,#558);
#557 = CARTESIAN_POINT('',(-0.8,-0.4,4.5E-02));
#558 = VECTOR('',#559,1.);
#559 = DIRECTION('',(0.,1.,0.));
#560 = ORIENTED_EDGE('',*,*,#561,.T.);
#561 = EDGE_CURVE('',#554,#562,#564,.T.);
#562 = VERTEX_POINT('',#563);
#563 = CARTESIAN_POINT('',(-0.8,0.4,0.405));
#564 = LINE('',#565,#566);
#565 = CARTESIAN_POINT('',(-0.8,0.4,0.));
#566 = VECTOR('',#567,1.);
#567 = DIRECTION('',(0.,0.,1.));
#568 = ORIENTED_EDGE('',*,*,#569,.F.);
#569 = EDGE_CURVE('',#546,#562,#570,.T.);
#570 = LINE('',#571,#572);
#571 = CARTESIAN_POINT('',(-0.8,-0.4,0.405));
#572 = VECTOR('',#573,1.);
#573 = DIRECTION('',(0.,1.,0.));
#574 = PLANE('',#575);
#575 = AXIS2_PLACEMENT_3D('',#576,#577,#578);
#576 = CARTESIAN_POINT('',(-0.8,-0.4,0.));
#577 = DIRECTION('',(1.,0.,0.));
#578 = DIRECTION('',(0.,0.,1.));
#579 = ADVANCED_FACE('',(#580),#657,.F.);
#580 = FACE_BOUND('',#581,.F.);
#581 = EDGE_LOOP('',(#582,#592,#599,#600,#609,#617,#626,#634,#642,#650)
  );
#582 = ORIENTED_EDGE('',*,*,#583,.F.);
#583 = EDGE_CURVE('',#584,#586,#588,.T.);
#584 = VERTEX_POINT('',#585);
#585 = CARTESIAN_POINT('',(-0.755,-0.4,-2.775557561563E-17));
#586 = VERTEX_POINT('',#587);
#587 = CARTESIAN_POINT('',(-0.545,-0.4,-2.775557561563E-17));
#588 = LINE('',#589,#590);
#589 = CARTESIAN_POINT('',(-0.8,-0.4,0.));
#590 = VECTOR('',#591,1.);
#591 = DIRECTION('',(1.,0.,0.));
#592 = ORIENTED_EDGE('',*,*,#593,.F.);
#593 = EDGE_CURVE('',#544,#584,#594,.T.);
#594 = CIRCLE('',#595,4.5E-02);
#595 = AXIS2_PLACEMENT_3D('',#596,#597,#598);
#596 = CARTESIAN_POINT('',(-0.755,-0.4,4.5E-02));
#597 = DIRECTION('',(0.,-1.,0.));
#598 = DIRECTION('',(0.,0.,1.));
#599 = ORIENTED_EDGE('',*,*,#543,.T.);
#600 = ORIENTED_EDGE('',*,*,#601,.T.);
#601 = EDGE_CURVE('',#546,#602,#604,.T.);
#602 = VERTEX_POINT('',#603);
#603 = CARTESIAN_POINT('',(-0.755,-0.4,0.45));
#604 = CIRCLE('',#605,4.5E-02);
#605 = AXIS2_PLACEMENT_3D('',#606,#607,#608);
#606 = CARTESIAN_POINT('',(-0.755,-0.4,0.405));
#607 = DIRECTION('',(0.,1.,0.));
#608 = DIRECTION('',(0.,0.,1.));
#609 = ORIENTED_EDGE('',*,*,#610,.T.);
#610 = EDGE_CURVE('',#602,#611,#613,.T.);
#611 = VERTEX_POINT('',#612);
#612 = CARTESIAN_POINT('',(-0.545,-0.4,0.45));
#613 = LINE('',#614,#615);
#614 = CARTESIAN_POINT('',(-0.8,-0.4,0.45));
#615 = VECTOR('',#616,1.);
#616 = DIRECTION('',(1.,0.,0.));
#617 = ORIENTED_EDGE('',*,*,#618,.F.);
#618 = EDGE_CURVE('',#619,#611,#621,.T.);
#619 = VERTEX_POINT('',#620);
#620 = CARTESIAN_POINT('',(-0.5,-0.4,0.405));
#621 = CIRCLE('',#622,4.5E-02);
#622 = AXIS2_PLACEMENT_3D('',#623,#624,#625);
#623 = CARTESIAN_POINT('',(-0.545,-0.4,0.405));
#624 = DIRECTION('',(0.,-1.,0.));
#625 = DIRECTION('',(0.,0.,1.));
#626 = ORIENTED_EDGE('',*,*,#627,.F.);
#627 = EDGE_CURVE('',#628,#619,#630,.T.);
#628 = VERTEX_POINT('',#629);
#629 = CARTESIAN_POINT('',(-0.755,-0.4,0.405));
#630 = LINE('',#631,#632);
#631 = CARTESIAN_POINT('',(-0.755,-0.4,0.405));
#632 = VECTOR('',#633,1.);
#633 = DIRECTION('',(1.,0.,0.));
#634 = ORIENTED_EDGE('',*,*,#635,.F.);
#635 = EDGE_CURVE('',#636,#628,#638,.T.);
#636 = VERTEX_POINT('',#637);
#637 = CARTESIAN_POINT('',(-0.755,-0.4,4.5E-02));
#638 = LINE('',#639,#640);
#639 = CARTESIAN_POINT('',(-0.755,-0.4,4.5E-02));
#640 = VECTOR('',#641,1.);
#641 = DIRECTION('',(0.,0.,1.));
#642 = ORIENTED_EDGE('',*,*,#643,.T.);
#643 = EDGE_CURVE('',#636,#644,#646,.T.);
#644 = VERTEX_POINT('',#645);
#645 = CARTESIAN_POINT('',(-0.5,-0.4,4.5E-02));
#646 = LINE('',#647,#648);
#647 = CARTESIAN_POINT('',(-0.755,-0.4,4.5E-02));
#648 = VECTOR('',#649,1.);
#649 = DIRECTION('',(1.,0.,0.));
#650 = ORIENTED_EDGE('',*,*,#651,.T.);
#651 = EDGE_CURVE('',#644,#586,#652,.T.);
#652 = CIRCLE('',#653,4.5E-02);
#653 = AXIS2_PLACEMENT_3D('',#654,#655,#656);
#654 = CARTESIAN_POINT('',(-0.545,-0.4,4.5E-02));
#655 = DIRECTION('',(0.,1.,0.));
#656 = DIRECTION('',(0.,0.,1.));
#657 = PLANE('',#658);
#658 = AXIS2_PLACEMENT_3D('',#659,#660,#661);
#659 = CARTESIAN_POINT('',(-0.8,-0.4,0.));
#660 = DIRECTION('',(0.,1.,0.));
#661 = DIRECTION('',(0.,0.,1.));
#662 = ADVANCED_FACE('',(#663),#682,.T.);
#663 = FACE_BOUND('',#664,.T.);
#664 = EDGE_LOOP('',(#665,#666,#675,#681));
#665 = ORIENTED_EDGE('',*,*,#553,.T.);
#666 = ORIENTED_EDGE('',*,*,#667,.T.);
#667 = EDGE_CURVE('',#554,#668,#670,.T.);
#668 = VERTEX_POINT('',#669);
#669 = CARTESIAN_POINT('',(-0.755,0.4,-2.775557561563E-17));
#670 = CIRCLE('',#671,4.5E-02);
#671 = AXIS2_PLACEMENT_3D('',#672,#673,#674);
#672 = CARTESIAN_POINT('',(-0.755,0.4,4.5E-02));
#673 = DIRECTION('',(0.,-1.,0.));
#674 = DIRECTION('',(0.,0.,1.));
#675 = ORIENTED_EDGE('',*,*,#676,.F.);
#676 = EDGE_CURVE('',#584,#668,#677,.T.);
#677 = LINE('',#678,#679);
#678 = CARTESIAN_POINT('',(-0.755,-0.4,-2.775557561563E-17));
#679 = VECTOR('',#680,1.);
#680 = DIRECTION('',(0.,1.,0.));
#681 = ORIENTED_EDGE('',*,*,#593,.F.);
#682 = CYLINDRICAL_SURFACE('',#683,4.5E-02);
#683 = AXIS2_PLACEMENT_3D('',#684,#685,#686);
#684 = CARTESIAN_POINT('',(-0.755,-0.4,4.5E-02));
#685 = DIRECTION('',(0.,1.,0.));
#686 = DIRECTION('',(-1.,0.,0.));
#687 = ADVANCED_FACE('',(#688),#707,.T.);
#688 = FACE_BOUND('',#689,.T.);
#689 = EDGE_LOOP('',(#690,#691,#699,#706));
#690 = ORIENTED_EDGE('',*,*,#601,.T.);
#691 = ORIENTED_EDGE('',*,*,#692,.T.);
#692 = EDGE_CURVE('',#602,#693,#695,.T.);
#693 = VERTEX_POINT('',#694);
#694 = CARTESIAN_POINT('',(-0.755,0.4,0.45));
#695 = LINE('',#696,#697);
#696 = CARTESIAN_POINT('',(-0.755,-0.4,0.45));
#697 = VECTOR('',#698,1.);
#698 = DIRECTION('',(0.,1.,0.));
#699 = ORIENTED_EDGE('',*,*,#700,.F.);
#700 = EDGE_CURVE('',#562,#693,#701,.T.);
#701 = CIRCLE('',#702,4.5E-02);
#702 = AXIS2_PLACEMENT_3D('',#703,#704,#705);
#703 = CARTESIAN_POINT('',(-0.755,0.4,0.405));
#704 = DIRECTION('',(0.,1.,0.));
#705 = DIRECTION('',(0.,0.,1.));
#706 = ORIENTED_EDGE('',*,*,#569,.F.);
#707 = CYLINDRICAL_SURFACE('',#708,4.5E-02);
#708 = AXIS2_PLACEMENT_3D('',#709,#710,#711);
#709 = CARTESIAN_POINT('',(-0.755,-0.4,0.405));
#710 = DIRECTION('',(0.,1.,0.));
#711 = DIRECTION('',(-1.,0.,0.));
#712 = ADVANCED_FACE('',(#713),#774,.T.);
#713 = FACE_BOUND('',#714,.T.);
#714 = EDGE_LOOP('',(#715,#723,#724,#725,#726,#734,#743,#751,#759,#767)
  );
#715 = ORIENTED_EDGE('',*,*,#716,.F.);
#716 = EDGE_CURVE('',#668,#717,#719,.T.);
#717 = VERTEX_POINT('',#718);
#718 = CARTESIAN_POINT('',(-0.545,0.4,-2.775557561563E-17));
#719 = LINE('',#720,#721);
#720 = CARTESIAN_POINT('',(-0.8,0.4,0.));
#721 = VECTOR('',#722,1.);
#722 = DIRECTION('',(1.,0.,0.));
#723 = ORIENTED_EDGE('',*,*,#667,.F.);
#724 = ORIENTED_EDGE('',*,*,#561,.T.);
#725 = ORIENTED_EDGE('',*,*,#700,.T.);
#726 = ORIENTED_EDGE('',*,*,#727,.T.);
#727 = EDGE_CURVE('',#693,#728,#730,.T.);
#728 = VERTEX_POINT('',#729);
#729 = CARTESIAN_POINT('',(-0.545,0.4,0.45));
#730 = LINE('',#731,#732);
#731 = CARTESIAN_POINT('',(-0.8,0.4,0.45));
#732 = VECTOR('',#733,1.);
#733 = DIRECTION('',(1.,0.,0.));
#734 = ORIENTED_EDGE('',*,*,#735,.F.);
#735 = EDGE_CURVE('',#736,#728,#738,.T.);
#736 = VERTEX_POINT('',#737);
#737 = CARTESIAN_POINT('',(-0.5,0.4,0.405));
#738 = CIRCLE('',#739,4.5E-02);
#739 = AXIS2_PLACEMENT_3D('',#740,#741,#742);
#740 = CARTESIAN_POINT('',(-0.545,0.4,0.405));
#741 = DIRECTION('',(0.,-1.,0.));
#742 = DIRECTION('',(0.,0.,1.));
#743 = ORIENTED_EDGE('',*,*,#744,.F.);
#744 = EDGE_CURVE('',#745,#736,#747,.T.);
#745 = VERTEX_POINT('',#746);
#746 = CARTESIAN_POINT('',(-0.755,0.4,0.405));
#747 = LINE('',#748,#749);
#748 = CARTESIAN_POINT('',(-0.755,0.4,0.405));
#749 = VECTOR('',#750,1.);
#750 = DIRECTION('',(1.,0.,0.));
#751 = ORIENTED_EDGE('',*,*,#752,.F.);
#752 = EDGE_CURVE('',#753,#745,#755,.T.);
#753 = VERTEX_POINT('',#754);
#754 = CARTESIAN_POINT('',(-0.755,0.4,4.5E-02));
#755 = LINE('',#756,#757);
#756 = CARTESIAN_POINT('',(-0.755,0.4,4.5E-02));
#757 = VECTOR('',#758,1.);
#758 = DIRECTION('',(0.,0.,1.));
#759 = ORIENTED_EDGE('',*,*,#760,.T.);
#760 = EDGE_CURVE('',#753,#761,#763,.T.);
#761 = VERTEX_POINT('',#762);
#762 = CARTESIAN_POINT('',(-0.5,0.4,4.5E-02));
#763 = LINE('',#764,#765);
#764 = CARTESIAN_POINT('',(-0.755,0.4,4.5E-02));
#765 = VECTOR('',#766,1.);
#766 = DIRECTION('',(1.,0.,0.));
#767 = ORIENTED_EDGE('',*,*,#768,.T.);
#768 = EDGE_CURVE('',#761,#717,#769,.T.);
#769 = CIRCLE('',#770,4.5E-02);
#770 = AXIS2_PLACEMENT_3D('',#771,#772,#773);
#771 = CARTESIAN_POINT('',(-0.545,0.4,4.5E-02));
#772 = DIRECTION('',(0.,1.,0.));
#773 = DIRECTION('',(0.,0.,1.));
#774 = PLANE('',#775);
#775 = AXIS2_PLACEMENT_3D('',#776,#777,#778);
#776 = CARTESIAN_POINT('',(-0.8,0.4,0.));
#777 = DIRECTION('',(0.,1.,0.));
#778 = DIRECTION('',(0.,0.,1.));
#779 = ADVANCED_FACE('',(#780),#791,.F.);
#780 = FACE_BOUND('',#781,.F.);
#781 = EDGE_LOOP('',(#782,#783,#784,#785));
#782 = ORIENTED_EDGE('',*,*,#716,.F.);
#783 = ORIENTED_EDGE('',*,*,#676,.F.);
#784 = ORIENTED_EDGE('',*,*,#583,.T.);
#785 = ORIENTED_EDGE('',*,*,#786,.T.);
#786 = EDGE_CURVE('',#586,#717,#787,.T.);
#787 = LINE('',#788,#789);
#788 = CARTESIAN_POINT('',(-0.545,-0.4,-2.775557561563E-17));
#789 = VECTOR('',#790,1.);
#790 = DIRECTION('',(0.,1.,0.));
#791 = PLANE('',#792);
#792 = AXIS2_PLACEMENT_3D('',#793,#794,#795);
#793 = CARTESIAN_POINT('',(-0.8,-0.4,0.));
#794 = DIRECTION('',(0.,0.,1.));
#795 = DIRECTION('',(1.,0.,0.));
#796 = ADVANCED_FACE('',(#797),#808,.T.);
#797 = FACE_BOUND('',#798,.T.);
#798 = EDGE_LOOP('',(#799,#800,#801,#802));
#799 = ORIENTED_EDGE('',*,*,#651,.T.);
#800 = ORIENTED_EDGE('',*,*,#786,.T.);
#801 = ORIENTED_EDGE('',*,*,#768,.F.);
#802 = ORIENTED_EDGE('',*,*,#803,.F.);
#803 = EDGE_CURVE('',#644,#761,#804,.T.);
#804 = LINE('',#805,#806);
#805 = CARTESIAN_POINT('',(-0.5,-0.4,4.5E-02));
#806 = VECTOR('',#807,1.);
#807 = DIRECTION('',(0.,1.,0.));
#808 = CYLINDRICAL_SURFACE('',#809,4.5E-02);
#809 = AXIS2_PLACEMENT_3D('',#810,#811,#812);
#810 = CARTESIAN_POINT('',(-0.545,-0.4,4.5E-02));
#811 = DIRECTION('',(0.,1.,0.));
#812 = DIRECTION('',(1.,0.,0.));
#813 = ADVANCED_FACE('',(#814),#857,.F.);
#814 = FACE_BOUND('',#815,.F.);
#815 = EDGE_LOOP('',(#816,#817,#818,#819,#827,#835,#843,#851));
#816 = ORIENTED_EDGE('',*,*,#643,.F.);
#817 = ORIENTED_EDGE('',*,*,#635,.T.);
#818 = ORIENTED_EDGE('',*,*,#627,.T.);
#819 = ORIENTED_EDGE('',*,*,#820,.T.);
#820 = EDGE_CURVE('',#619,#821,#823,.T.);
#821 = VERTEX_POINT('',#822);
#822 = CARTESIAN_POINT('',(0.5,-0.4,0.405));
#823 = LINE('',#824,#825);
#824 = CARTESIAN_POINT('',(-0.5,-0.4,0.405));
#825 = VECTOR('',#826,1.);
#826 = DIRECTION('',(1.,0.,0.));
#827 = ORIENTED_EDGE('',*,*,#828,.T.);
#828 = EDGE_CURVE('',#821,#829,#831,.T.);
#829 = VERTEX_POINT('',#830);
#830 = CARTESIAN_POINT('',(0.755,-0.4,0.405));
#831 = LINE('',#832,#833);
#832 = CARTESIAN_POINT('',(-0.755,-0.4,0.405));
#833 = VECTOR('',#834,1.);
#834 = DIRECTION('',(1.,0.,0.));
#835 = ORIENTED_EDGE('',*,*,#836,.F.);
#836 = EDGE_CURVE('',#837,#829,#839,.T.);
#837 = VERTEX_POINT('',#838);
#838 = CARTESIAN_POINT('',(0.755,-0.4,4.5E-02));
#839 = LINE('',#840,#841);
#840 = CARTESIAN_POINT('',(0.755,-0.4,4.5E-02));
#841 = VECTOR('',#842,1.);
#842 = DIRECTION('',(0.,0.,1.));
#843 = ORIENTED_EDGE('',*,*,#844,.F.);
#844 = EDGE_CURVE('',#845,#837,#847,.T.);
#845 = VERTEX_POINT('',#846);
#846 = CARTESIAN_POINT('',(0.5,-0.4,4.5E-02));
#847 = LINE('',#848,#849);
#848 = CARTESIAN_POINT('',(-0.755,-0.4,4.5E-02));
#849 = VECTOR('',#850,1.);
#850 = DIRECTION('',(1.,0.,0.));
#851 = ORIENTED_EDGE('',*,*,#852,.F.);
#852 = EDGE_CURVE('',#644,#845,#853,.T.);
#853 = LINE('',#854,#855);
#854 = CARTESIAN_POINT('',(-0.755,-0.4,4.5E-02));
#855 = VECTOR('',#856,1.);
#856 = DIRECTION('',(1.,0.,0.));
#857 = PLANE('',#858);
#858 = AXIS2_PLACEMENT_3D('',#859,#860,#861);
#859 = CARTESIAN_POINT('',(-0.755,-0.4,4.5E-02));
#860 = DIRECTION('',(0.,1.,0.));
#861 = DIRECTION('',(0.,0.,1.));
#862 = ADVANCED_FACE('',(#863),#874,.T.);
#863 = FACE_BOUND('',#864,.T.);
#864 = EDGE_LOOP('',(#865,#866,#867,#868));
#865 = ORIENTED_EDGE('',*,*,#727,.F.);
#866 = ORIENTED_EDGE('',*,*,#692,.F.);
#867 = ORIENTED_EDGE('',*,*,#610,.T.);
#868 = ORIENTED_EDGE('',*,*,#869,.T.);
#869 = EDGE_CURVE('',#611,#728,#870,.T.);
#870 = LINE('',#871,#872);
#871 = CARTESIAN_POINT('',(-0.545,-0.4,0.45));
#872 = VECTOR('',#873,1.);
#873 = DIRECTION('',(0.,1.,0.));
#874 = PLANE('',#875);
#875 = AXIS2_PLACEMENT_3D('',#876,#877,#878);
#876 = CARTESIAN_POINT('',(-0.8,-0.4,0.45));
#877 = DIRECTION('',(0.,0.,1.));
#878 = DIRECTION('',(1.,0.,0.));
#879 = ADVANCED_FACE('',(#880),#891,.T.);
#880 = FACE_BOUND('',#881,.T.);
#881 = EDGE_LOOP('',(#882,#888,#889,#890));
#882 = ORIENTED_EDGE('',*,*,#883,.T.);
#883 = EDGE_CURVE('',#619,#736,#884,.T.);
#884 = LINE('',#885,#886);
#885 = CARTESIAN_POINT('',(-0.5,-0.4,0.405));
#886 = VECTOR('',#887,1.);
#887 = DIRECTION('',(0.,1.,0.));
#888 = ORIENTED_EDGE('',*,*,#735,.T.);
#889 = ORIENTED_EDGE('',*,*,#869,.F.);
#890 = ORIENTED_EDGE('',*,*,#618,.F.);
#891 = CYLINDRICAL_SURFACE('',#892,4.5E-02);
#892 = AXIS2_PLACEMENT_3D('',#893,#894,#895);
#893 = CARTESIAN_POINT('',(-0.545,-0.4,0.405));
#894 = DIRECTION('',(0.,1.,0.));
#895 = DIRECTION('',(1.,0.,0.));
#896 = ADVANCED_FACE('',(#897),#940,.T.);
#897 = FACE_BOUND('',#898,.T.);
#898 = EDGE_LOOP('',(#899,#900,#901,#902,#910,#918,#926,#934));
#899 = ORIENTED_EDGE('',*,*,#760,.F.);
#900 = ORIENTED_EDGE('',*,*,#752,.T.);
#901 = ORIENTED_EDGE('',*,*,#744,.T.);
#902 = ORIENTED_EDGE('',*,*,#903,.T.);
#903 = EDGE_CURVE('',#736,#904,#906,.T.);
#904 = VERTEX_POINT('',#905);
#905 = CARTESIAN_POINT('',(0.5,0.4,0.405));
#906 = LINE('',#907,#908);
#907 = CARTESIAN_POINT('',(-0.5,0.4,0.405));
#908 = VECTOR('',#909,1.);
#909 = DIRECTION('',(1.,0.,0.));
#910 = ORIENTED_EDGE('',*,*,#911,.T.);
#911 = EDGE_CURVE('',#904,#912,#914,.T.);
#912 = VERTEX_POINT('',#913);
#913 = CARTESIAN_POINT('',(0.755,0.4,0.405));
#914 = LINE('',#915,#916);
#915 = CARTESIAN_POINT('',(-0.755,0.4,0.405));
#916 = VECTOR('',#917,1.);
#917 = DIRECTION('',(1.,0.,0.));
#918 = ORIENTED_EDGE('',*,*,#919,.F.);
#919 = EDGE_CURVE('',#920,#912,#922,.T.);
#920 = VERTEX_POINT('',#921);
#921 = CARTESIAN_POINT('',(0.755,0.4,4.5E-02));
#922 = LINE('',#923,#924);
#923 = CARTESIAN_POINT('',(0.755,0.4,4.5E-02));
#924 = VECTOR('',#925,1.);
#925 = DIRECTION('',(0.,0.,1.));
#926 = ORIENTED_EDGE('',*,*,#927,.F.);
#927 = EDGE_CURVE('',#928,#920,#930,.T.);
#928 = VERTEX_POINT('',#929);
#929 = CARTESIAN_POINT('',(0.5,0.4,4.5E-02));
#930 = LINE('',#931,#932);
#931 = CARTESIAN_POINT('',(-0.755,0.4,4.5E-02));
#932 = VECTOR('',#933,1.);
#933 = DIRECTION('',(1.,0.,0.));
#934 = ORIENTED_EDGE('',*,*,#935,.F.);
#935 = EDGE_CURVE('',#761,#928,#936,.T.);
#936 = LINE('',#937,#938);
#937 = CARTESIAN_POINT('',(-0.755,0.4,4.5E-02));
#938 = VECTOR('',#939,1.);
#939 = DIRECTION('',(1.,0.,0.));
#940 = PLANE('',#941);
#941 = AXIS2_PLACEMENT_3D('',#942,#943,#944);
#942 = CARTESIAN_POINT('',(-0.755,0.4,4.5E-02));
#943 = DIRECTION('',(0.,1.,0.));
#944 = DIRECTION('',(0.,0.,1.));
#945 = ADVANCED_FACE('',(#946),#957,.F.);
#946 = FACE_BOUND('',#947,.F.);
#947 = EDGE_LOOP('',(#948,#949,#950,#956));
#948 = ORIENTED_EDGE('',*,*,#803,.F.);
#949 = ORIENTED_EDGE('',*,*,#852,.T.);
#950 = ORIENTED_EDGE('',*,*,#951,.T.);
#951 = EDGE_CURVE('',#845,#928,#952,.T.);
#952 = LINE('',#953,#954);
#953 = CARTESIAN_POINT('',(0.5,-0.4,4.5E-02));
#954 = VECTOR('',#955,1.);
#955 = DIRECTION('',(0.,1.,0.));
#956 = ORIENTED_EDGE('',*,*,#935,.F.);
#957 = PLANE('',#958);
#958 = AXIS2_PLACEMENT_3D('',#959,#960,#961);
#959 = CARTESIAN_POINT('',(-0.755,-0.4,4.5E-02));
#960 = DIRECTION('',(0.,0.,1.));
#961 = DIRECTION('',(1.,0.,0.));
#962 = ADVANCED_FACE('',(#963),#1026,.F.);
#963 = FACE_BOUND('',#964,.F.);
#964 = EDGE_LOOP('',(#965,#975,#982,#983,#984,#985,#994,#1002,#1011,
    #1019));
#965 = ORIENTED_EDGE('',*,*,#966,.F.);
#966 = EDGE_CURVE('',#967,#969,#971,.T.);
#967 = VERTEX_POINT('',#968);
#968 = CARTESIAN_POINT('',(0.545,-0.4,-2.775557561563E-17));
#969 = VERTEX_POINT('',#970);
#970 = CARTESIAN_POINT('',(0.755,-0.4,-2.775557561563E-17));
#971 = LINE('',#972,#973);
#972 = CARTESIAN_POINT('',(0.5,-0.4,0.));
#973 = VECTOR('',#974,1.);
#974 = DIRECTION('',(1.,0.,0.));
#975 = ORIENTED_EDGE('',*,*,#976,.F.);
#976 = EDGE_CURVE('',#845,#967,#977,.T.);
#977 = CIRCLE('',#978,4.5E-02);
#978 = AXIS2_PLACEMENT_3D('',#979,#980,#981);
#979 = CARTESIAN_POINT('',(0.545,-0.4,4.5E-02));
#980 = DIRECTION('',(0.,-1.,0.));
#981 = DIRECTION('',(0.,0.,1.));
#982 = ORIENTED_EDGE('',*,*,#844,.T.);
#983 = ORIENTED_EDGE('',*,*,#836,.T.);
#984 = ORIENTED_EDGE('',*,*,#828,.F.);
#985 = ORIENTED_EDGE('',*,*,#986,.T.);
#986 = EDGE_CURVE('',#821,#987,#989,.T.);
#987 = VERTEX_POINT('',#988);
#988 = CARTESIAN_POINT('',(0.545,-0.4,0.45));
#989 = CIRCLE('',#990,4.5E-02);
#990 = AXIS2_PLACEMENT_3D('',#991,#992,#993);
#991 = CARTESIAN_POINT('',(0.545,-0.4,0.405));
#992 = DIRECTION('',(0.,1.,0.));
#993 = DIRECTION('',(0.,0.,1.));
#994 = ORIENTED_EDGE('',*,*,#995,.T.);
#995 = EDGE_CURVE('',#987,#996,#998,.T.);
#996 = VERTEX_POINT('',#997);
#997 = CARTESIAN_POINT('',(0.755,-0.4,0.45));
#998 = LINE('',#999,#1000);
#999 = CARTESIAN_POINT('',(0.5,-0.4,0.45));
#1000 = VECTOR('',#1001,1.);
#1001 = DIRECTION('',(1.,0.,0.));
#1002 = ORIENTED_EDGE('',*,*,#1003,.F.);
#1003 = EDGE_CURVE('',#1004,#996,#1006,.T.);
#1004 = VERTEX_POINT('',#1005);
#1005 = CARTESIAN_POINT('',(0.8,-0.4,0.405));
#1006 = CIRCLE('',#1007,4.5E-02);
#1007 = AXIS2_PLACEMENT_3D('',#1008,#1009,#1010);
#1008 = CARTESIAN_POINT('',(0.755,-0.4,0.405));
#1009 = DIRECTION('',(0.,-1.,0.));
#1010 = DIRECTION('',(0.,0.,1.));
#1011 = ORIENTED_EDGE('',*,*,#1012,.F.);
#1012 = EDGE_CURVE('',#1013,#1004,#1015,.T.);
#1013 = VERTEX_POINT('',#1014);
#1014 = CARTESIAN_POINT('',(0.8,-0.4,4.5E-02));
#1015 = LINE('',#1016,#1017);
#1016 = CARTESIAN_POINT('',(0.8,-0.4,0.));
#1017 = VECTOR('',#1018,1.);
#1018 = DIRECTION('',(0.,0.,1.));
#1019 = ORIENTED_EDGE('',*,*,#1020,.T.);
#1020 = EDGE_CURVE('',#1013,#969,#1021,.T.);
#1021 = CIRCLE('',#1022,4.5E-02);
#1022 = AXIS2_PLACEMENT_3D('',#1023,#1024,#1025);
#1023 = CARTESIAN_POINT('',(0.755,-0.4,4.5E-02));
#1024 = DIRECTION('',(0.,1.,0.));
#1025 = DIRECTION('',(0.,0.,1.));
#1026 = PLANE('',#1027);
#1027 = AXIS2_PLACEMENT_3D('',#1028,#1029,#1030);
#1028 = CARTESIAN_POINT('',(0.5,-0.4,0.));
#1029 = DIRECTION('',(0.,1.,0.));
#1030 = DIRECTION('',(0.,0.,1.));
#1031 = ADVANCED_FACE('',(#1032),#1057,.F.);
#1032 = FACE_BOUND('',#1033,.F.);
#1033 = EDGE_LOOP('',(#1034,#1035,#1043,#1051));
#1034 = ORIENTED_EDGE('',*,*,#820,.F.);
#1035 = ORIENTED_EDGE('',*,*,#1036,.T.);
#1036 = EDGE_CURVE('',#619,#1037,#1039,.T.);
#1037 = VERTEX_POINT('',#1038);
#1038 = CARTESIAN_POINT('',(-0.5,-0.4,0.45));
#1039 = LINE('',#1040,#1041);
#1040 = CARTESIAN_POINT('',(-0.5,-0.4,0.405));
#1041 = VECTOR('',#1042,1.);
#1042 = DIRECTION('',(0.,0.,1.));
#1043 = ORIENTED_EDGE('',*,*,#1044,.T.);
#1044 = EDGE_CURVE('',#1037,#1045,#1047,.T.);
#1045 = VERTEX_POINT('',#1046);
#1046 = CARTESIAN_POINT('',(0.5,-0.4,0.45));
#1047 = LINE('',#1048,#1049);
#1048 = CARTESIAN_POINT('',(-0.5,-0.4,0.45));
#1049 = VECTOR('',#1050,1.);
#1050 = DIRECTION('',(1.,0.,0.));
#1051 = ORIENTED_EDGE('',*,*,#1052,.F.);
#1052 = EDGE_CURVE('',#821,#1045,#1053,.T.);
#1053 = LINE('',#1054,#1055);
#1054 = CARTESIAN_POINT('',(0.5,-0.4,0.405));
#1055 = VECTOR('',#1056,1.);
#1056 = DIRECTION('',(0.,0.,1.));
#1057 = PLANE('',#1058);
#1058 = AXIS2_PLACEMENT_3D('',#1059,#1060,#1061);
#1059 = CARTESIAN_POINT('',(-0.5,-0.4,0.405));
#1060 = DIRECTION('',(0.,1.,0.));
#1061 = DIRECTION('',(0.,0.,1.));
#1062 = ADVANCED_FACE('',(#1063),#1081,.F.);
#1063 = FACE_BOUND('',#1064,.F.);
#1064 = EDGE_LOOP('',(#1065,#1066,#1067,#1075));
#1065 = ORIENTED_EDGE('',*,*,#1036,.F.);
#1066 = ORIENTED_EDGE('',*,*,#883,.T.);
#1067 = ORIENTED_EDGE('',*,*,#1068,.T.);
#1068 = EDGE_CURVE('',#736,#1069,#1071,.T.);
#1069 = VERTEX_POINT('',#1070);
#1070 = CARTESIAN_POINT('',(-0.5,0.4,0.45));
#1071 = LINE('',#1072,#1073);
#1072 = CARTESIAN_POINT('',(-0.5,0.4,0.405));
#1073 = VECTOR('',#1074,1.);
#1074 = DIRECTION('',(0.,0.,1.));
#1075 = ORIENTED_EDGE('',*,*,#1076,.F.);
#1076 = EDGE_CURVE('',#1037,#1069,#1077,.T.);
#1077 = LINE('',#1078,#1079);
#1078 = CARTESIAN_POINT('',(-0.5,-0.4,0.45));
#1079 = VECTOR('',#1080,1.);
#1080 = DIRECTION('',(0.,1.,0.));
#1081 = PLANE('',#1082);
#1082 = AXIS2_PLACEMENT_3D('',#1083,#1084,#1085);
#1083 = CARTESIAN_POINT('',(-0.5,-0.4,0.405));
#1084 = DIRECTION('',(1.,0.,0.));
#1085 = DIRECTION('',(0.,0.,1.));
#1086 = ADVANCED_FACE('',(#1087),#1150,.T.);
#1087 = FACE_BOUND('',#1088,.T.);
#1088 = EDGE_LOOP('',(#1089,#1099,#1106,#1107,#1108,#1109,#1118,#1126,
    #1135,#1143));
#1089 = ORIENTED_EDGE('',*,*,#1090,.F.);
#1090 = EDGE_CURVE('',#1091,#1093,#1095,.T.);
#1091 = VERTEX_POINT('',#1092);
#1092 = CARTESIAN_POINT('',(0.545,0.4,-2.775557561563E-17));
#1093 = VERTEX_POINT('',#1094);
#1094 = CARTESIAN_POINT('',(0.755,0.4,-2.775557561563E-17));
#1095 = LINE('',#1096,#1097);
#1096 = CARTESIAN_POINT('',(0.5,0.4,0.));
#1097 = VECTOR('',#1098,1.);
#1098 = DIRECTION('',(1.,0.,0.));
#1099 = ORIENTED_EDGE('',*,*,#1100,.F.);
#1100 = EDGE_CURVE('',#928,#1091,#1101,.T.);
#1101 = CIRCLE('',#1102,4.5E-02);
#1102 = AXIS2_PLACEMENT_3D('',#1103,#1104,#1105);
#1103 = CARTESIAN_POINT('',(0.545,0.4,4.5E-02));
#1104 = DIRECTION('',(0.,-1.,0.));
#1105 = DIRECTION('',(0.,0.,1.));
#1106 = ORIENTED_EDGE('',*,*,#927,.T.);
#1107 = ORIENTED_EDGE('',*,*,#919,.T.);
#1108 = ORIENTED_EDGE('',*,*,#911,.F.);
#1109 = ORIENTED_EDGE('',*,*,#1110,.T.);
#1110 = EDGE_CURVE('',#904,#1111,#1113,.T.);
#1111 = VERTEX_POINT('',#1112);
#1112 = CARTESIAN_POINT('',(0.545,0.4,0.45));
#1113 = CIRCLE('',#1114,4.5E-02);
#1114 = AXIS2_PLACEMENT_3D('',#1115,#1116,#1117);
#1115 = CARTESIAN_POINT('',(0.545,0.4,0.405));
#1116 = DIRECTION('',(0.,1.,0.));
#1117 = DIRECTION('',(0.,0.,1.));
#1118 = ORIENTED_EDGE('',*,*,#1119,.T.);
#1119 = EDGE_CURVE('',#1111,#1120,#1122,.T.);
#1120 = VERTEX_POINT('',#1121);
#1121 = CARTESIAN_POINT('',(0.755,0.4,0.45));
#1122 = LINE('',#1123,#1124);
#1123 = CARTESIAN_POINT('',(0.5,0.4,0.45));
#1124 = VECTOR('',#1125,1.);
#1125 = DIRECTION('',(1.,0.,0.));
#1126 = ORIENTED_EDGE('',*,*,#1127,.F.);
#1127 = EDGE_CURVE('',#1128,#1120,#1130,.T.);
#1128 = VERTEX_POINT('',#1129);
#1129 = CARTESIAN_POINT('',(0.8,0.4,0.405));
#1130 = CIRCLE('',#1131,4.5E-02);
#1131 = AXIS2_PLACEMENT_3D('',#1132,#1133,#1134);
#1132 = CARTESIAN_POINT('',(0.755,0.4,0.405));
#1133 = DIRECTION('',(0.,-1.,0.));
#1134 = DIRECTION('',(0.,0.,1.));
#1135 = ORIENTED_EDGE('',*,*,#1136,.F.);
#1136 = EDGE_CURVE('',#1137,#1128,#1139,.T.);
#1137 = VERTEX_POINT('',#1138);
#1138 = CARTESIAN_POINT('',(0.8,0.4,4.5E-02));
#1139 = LINE('',#1140,#1141);
#1140 = CARTESIAN_POINT('',(0.8,0.4,0.));
#1141 = VECTOR('',#1142,1.);
#1142 = DIRECTION('',(0.,0.,1.));
#1143 = ORIENTED_EDGE('',*,*,#1144,.T.);
#1144 = EDGE_CURVE('',#1137,#1093,#1145,.T.);
#1145 = CIRCLE('',#1146,4.5E-02);
#1146 = AXIS2_PLACEMENT_3D('',#1147,#1148,#1149);
#1147 = CARTESIAN_POINT('',(0.755,0.4,4.5E-02));
#1148 = DIRECTION('',(0.,1.,0.));
#1149 = DIRECTION('',(0.,0.,1.));
#1150 = PLANE('',#1151);
#1151 = AXIS2_PLACEMENT_3D('',#1152,#1153,#1154);
#1152 = CARTESIAN_POINT('',(0.5,0.4,0.));
#1153 = DIRECTION('',(0.,1.,0.));
#1154 = DIRECTION('',(0.,0.,1.));
#1155 = ADVANCED_FACE('',(#1156),#1174,.T.);
#1156 = FACE_BOUND('',#1157,.T.);
#1157 = EDGE_LOOP('',(#1158,#1159,#1160,#1168));
#1158 = ORIENTED_EDGE('',*,*,#903,.F.);
#1159 = ORIENTED_EDGE('',*,*,#1068,.T.);
#1160 = ORIENTED_EDGE('',*,*,#1161,.T.);
#1161 = EDGE_CURVE('',#1069,#1162,#1164,.T.);
#1162 = VERTEX_POINT('',#1163);
#1163 = CARTESIAN_POINT('',(0.5,0.4,0.45));
#1164 = LINE('',#1165,#1166);
#1165 = CARTESIAN_POINT('',(-0.5,0.4,0.45));
#1166 = VECTOR('',#1167,1.);
#1167 = DIRECTION('',(1.,0.,0.));
#1168 = ORIENTED_EDGE('',*,*,#1169,.F.);
#1169 = EDGE_CURVE('',#904,#1162,#1170,.T.);
#1170 = LINE('',#1171,#1172);
#1171 = CARTESIAN_POINT('',(0.5,0.4,0.405));
#1172 = VECTOR('',#1173,1.);
#1173 = DIRECTION('',(0.,0.,1.));
#1174 = PLANE('',#1175);
#1175 = AXIS2_PLACEMENT_3D('',#1176,#1177,#1178);
#1176 = CARTESIAN_POINT('',(-0.5,0.4,0.405));
#1177 = DIRECTION('',(0.,1.,0.));
#1178 = DIRECTION('',(0.,0.,1.));
#1179 = ADVANCED_FACE('',(#1180),#1191,.T.);
#1180 = FACE_BOUND('',#1181,.T.);
#1181 = EDGE_LOOP('',(#1182,#1183,#1184,#1190));
#1182 = ORIENTED_EDGE('',*,*,#951,.T.);
#1183 = ORIENTED_EDGE('',*,*,#1100,.T.);
#1184 = ORIENTED_EDGE('',*,*,#1185,.F.);
#1185 = EDGE_CURVE('',#967,#1091,#1186,.T.);
#1186 = LINE('',#1187,#1188);
#1187 = CARTESIAN_POINT('',(0.545,-0.4,-2.775557561563E-17));
#1188 = VECTOR('',#1189,1.);
#1189 = DIRECTION('',(0.,1.,0.));
#1190 = ORIENTED_EDGE('',*,*,#976,.F.);
#1191 = CYLINDRICAL_SURFACE('',#1192,4.5E-02);
#1192 = AXIS2_PLACEMENT_3D('',#1193,#1194,#1195);
#1193 = CARTESIAN_POINT('',(0.545,-0.4,4.5E-02));
#1194 = DIRECTION('',(0.,1.,0.));
#1195 = DIRECTION('',(-1.,0.,0.));
#1196 = ADVANCED_FACE('',(#1197),#1208,.F.);
#1197 = FACE_BOUND('',#1198,.F.);
#1198 = EDGE_LOOP('',(#1199,#1200,#1201,#1202));
#1199 = ORIENTED_EDGE('',*,*,#1090,.F.);
#1200 = ORIENTED_EDGE('',*,*,#1185,.F.);
#1201 = ORIENTED_EDGE('',*,*,#966,.T.);
#1202 = ORIENTED_EDGE('',*,*,#1203,.T.);
#1203 = EDGE_CURVE('',#969,#1093,#1204,.T.);
#1204 = LINE('',#1205,#1206);
#1205 = CARTESIAN_POINT('',(0.755,-0.4,-2.775557561563E-17));
#1206 = VECTOR('',#1207,1.);
#1207 = DIRECTION('',(0.,1.,0.));
#1208 = PLANE('',#1209);
#1209 = AXIS2_PLACEMENT_3D('',#1210,#1211,#1212);
#1210 = CARTESIAN_POINT('',(0.5,-0.4,0.));
#1211 = DIRECTION('',(0.,0.,1.));
#1212 = DIRECTION('',(1.,0.,0.));
#1213 = ADVANCED_FACE('',(#1214),#1225,.T.);
#1214 = FACE_BOUND('',#1215,.T.);
#1215 = EDGE_LOOP('',(#1216,#1217,#1218,#1219));
#1216 = ORIENTED_EDGE('',*,*,#1020,.T.);
#1217 = ORIENTED_EDGE('',*,*,#1203,.T.);
#1218 = ORIENTED_EDGE('',*,*,#1144,.F.);
#1219 = ORIENTED_EDGE('',*,*,#1220,.F.);
#1220 = EDGE_CURVE('',#1013,#1137,#1221,.T.);
#1221 = LINE('',#1222,#1223);
#1222 = CARTESIAN_POINT('',(0.8,-0.4,4.5E-02));
#1223 = VECTOR('',#1224,1.);
#1224 = DIRECTION('',(0.,1.,0.));
#1225 = CYLINDRICAL_SURFACE('',#1226,4.5E-02);
#1226 = AXIS2_PLACEMENT_3D('',#1227,#1228,#1229);
#1227 = CARTESIAN_POINT('',(0.755,-0.4,4.5E-02));
#1228 = DIRECTION('',(0.,1.,0.));
#1229 = DIRECTION('',(1.,0.,0.));
#1230 = ADVANCED_FACE('',(#1231),#1242,.T.);
#1231 = FACE_BOUND('',#1232,.T.);
#1232 = EDGE_LOOP('',(#1233,#1234,#1235,#1236));
#1233 = ORIENTED_EDGE('',*,*,#1012,.F.);
#1234 = ORIENTED_EDGE('',*,*,#1220,.T.);
#1235 = ORIENTED_EDGE('',*,*,#1136,.T.);
#1236 = ORIENTED_EDGE('',*,*,#1237,.F.);
#1237 = EDGE_CURVE('',#1004,#1128,#1238,.T.);
#1238 = LINE('',#1239,#1240);
#1239 = CARTESIAN_POINT('',(0.8,-0.4,0.405));
#1240 = VECTOR('',#1241,1.);
#1241 = DIRECTION('',(0.,1.,0.));
#1242 = PLANE('',#1243);
#1243 = AXIS2_PLACEMENT_3D('',#1244,#1245,#1246);
#1244 = CARTESIAN_POINT('',(0.8,-0.4,0.));
#1245 = DIRECTION('',(1.,0.,0.));
#1246 = DIRECTION('',(0.,0.,1.));
#1247 = ADVANCED_FACE('',(#1248),#1259,.T.);
#1248 = FACE_BOUND('',#1249,.T.);
#1249 = EDGE_LOOP('',(#1250,#1251,#1252,#1258));
#1250 = ORIENTED_EDGE('',*,*,#1237,.T.);
#1251 = ORIENTED_EDGE('',*,*,#1127,.T.);
#1252 = ORIENTED_EDGE('',*,*,#1253,.F.);
#1253 = EDGE_CURVE('',#996,#1120,#1254,.T.);
#1254 = LINE('',#1255,#1256);
#1255 = CARTESIAN_POINT('',(0.755,-0.4,0.45));
#1256 = VECTOR('',#1257,1.);
#1257 = DIRECTION('',(0.,1.,0.));
#1258 = ORIENTED_EDGE('',*,*,#1003,.F.);
#1259 = CYLINDRICAL_SURFACE('',#1260,4.5E-02);
#1260 = AXIS2_PLACEMENT_3D('',#1261,#1262,#1263);
#1261 = CARTESIAN_POINT('',(0.755,-0.4,0.405));
#1262 = DIRECTION('',(0.,1.,0.));
#1263 = DIRECTION('',(1.,0.,0.));
#1264 = ADVANCED_FACE('',(#1265),#1276,.T.);
#1265 = FACE_BOUND('',#1266,.T.);
#1266 = EDGE_LOOP('',(#1267,#1268,#1274,#1275));
#1267 = ORIENTED_EDGE('',*,*,#1119,.F.);
#1268 = ORIENTED_EDGE('',*,*,#1269,.F.);
#1269 = EDGE_CURVE('',#987,#1111,#1270,.T.);
#1270 = LINE('',#1271,#1272);
#1271 = CARTESIAN_POINT('',(0.545,-0.4,0.45));
#1272 = VECTOR('',#1273,1.);
#1273 = DIRECTION('',(0.,1.,0.));
#1274 = ORIENTED_EDGE('',*,*,#995,.T.);
#1275 = ORIENTED_EDGE('',*,*,#1253,.T.);
#1276 = PLANE('',#1277);
#1277 = AXIS2_PLACEMENT_3D('',#1278,#1279,#1280);
#1278 = CARTESIAN_POINT('',(0.5,-0.4,0.45));
#1279 = DIRECTION('',(0.,0.,1.));
#1280 = DIRECTION('',(1.,0.,0.));
#1281 = ADVANCED_FACE('',(#1282),#1293,.T.);
#1282 = FACE_BOUND('',#1283,.T.);
#1283 = EDGE_LOOP('',(#1284,#1285,#1286,#1287));
#1284 = ORIENTED_EDGE('',*,*,#986,.T.);
#1285 = ORIENTED_EDGE('',*,*,#1269,.T.);
#1286 = ORIENTED_EDGE('',*,*,#1110,.F.);
#1287 = ORIENTED_EDGE('',*,*,#1288,.F.);
#1288 = EDGE_CURVE('',#821,#904,#1289,.T.);
#1289 = LINE('',#1290,#1291);
#1290 = CARTESIAN_POINT('',(0.5,-0.4,0.405));
#1291 = VECTOR('',#1292,1.);
#1292 = DIRECTION('',(0.,1.,0.));
#1293 = CYLINDRICAL_SURFACE('',#1294,4.5E-02);
#1294 = AXIS2_PLACEMENT_3D('',#1295,#1296,#1297);
#1295 = CARTESIAN_POINT('',(0.545,-0.4,0.405));
#1296 = DIRECTION('',(0.,1.,0.));
#1297 = DIRECTION('',(-1.,0.,0.));
#1298 = ADVANCED_FACE('',(#1299),#1310,.T.);
#1299 = FACE_BOUND('',#1300,.T.);
#1300 = EDGE_LOOP('',(#1301,#1302,#1303,#1304));
#1301 = ORIENTED_EDGE('',*,*,#1052,.F.);
#1302 = ORIENTED_EDGE('',*,*,#1288,.T.);
#1303 = ORIENTED_EDGE('',*,*,#1169,.T.);
#1304 = ORIENTED_EDGE('',*,*,#1305,.F.);
#1305 = EDGE_CURVE('',#1045,#1162,#1306,.T.);
#1306 = LINE('',#1307,#1308);
#1307 = CARTESIAN_POINT('',(0.5,-0.4,0.45));
#1308 = VECTOR('',#1309,1.);
#1309 = DIRECTION('',(0.,1.,0.));
#1310 = PLANE('',#1311);
#1311 = AXIS2_PLACEMENT_3D('',#1312,#1313,#1314);
#1312 = CARTESIAN_POINT('',(0.5,-0.4,0.405));
#1313 = DIRECTION('',(1.,0.,0.));
#1314 = DIRECTION('',(0.,0.,1.));
#1315 = ADVANCED_FACE('',(#1316),#1322,.T.);
#1316 = FACE_BOUND('',#1317,.T.);
#1317 = EDGE_LOOP('',(#1318,#1319,#1320,#1321));
#1318 = ORIENTED_EDGE('',*,*,#1076,.F.);
#1319 = ORIENTED_EDGE('',*,*,#1044,.T.);
#1320 = ORIENTED_EDGE('',*,*,#1305,.T.);
#1321 = ORIENTED_EDGE('',*,*,#1161,.F.);
#1322 = PLANE('',#1323);
#1323 = AXIS2_PLACEMENT_3D('',#1324,#1325,#1326);
#1324 = CARTESIAN_POINT('',(-0.5,-0.4,0.45));
#1325 = DIRECTION('',(0.,0.,1.));
#1326 = DIRECTION('',(1.,0.,0.));
#1327 = ( GEOMETRIC_REPRESENTATION_CONTEXT(3) 
GLOBAL_UNCERTAINTY_ASSIGNED_CONTEXT((#1331)) 
GLOBAL_UNIT_ASSIGNED_CONTEXT((#1328,#1329,#1330)) REPRESENTATION_CONTEXT
('Context #1','3D Context with UNIT and UNCERTAINTY') );
#1328 = ( LENGTH_UNIT() NAMED_UNIT(*) SI_UNIT(.MILLI.,.METRE.) );
#1329 = ( NAMED_UNIT(*) PLANE_ANGLE_UNIT() SI_UNIT($,.RADIAN.) );
#1330 = ( NAMED_UNIT(*) SI_UNIT($,.STERADIAN.) SOLID_ANGLE_UNIT() );
#1331 = UNCERTAINTY_MEASURE_WITH_UNIT(LENGTH_MEASURE(1.E-07),#1328,
  'distance_accuracy_value','confusion accuracy');
#1332 = CONTEXT_DEPENDENT_SHAPE_REPRESENTATION(#1333,#1335);
#1333 = ( REPRESENTATION_RELATIONSHIP('','',#536,#485) 
REPRESENTATION_RELATIONSHIP_WITH_TRANSFORMATION(#1334) 
SHAPE_REPRESENTATION_RELATIONSHIP() );
#1334 = ITEM_DEFINED_TRANSFORMATION('','',#11,#486);
#1335 = PRODUCT_DEFINITION_SHAPE('Placement','Placement of an item',
  #1336);
#1336 = NEXT_ASSEMBLY_USAGE_OCCURRENCE('15',
  'R1_R_0603_1608Metric_822f6e41ad9e','',#480,#531,$);
#1337 = PRODUCT_RELATED_PRODUCT_CATEGORY('part',$,(#533));
#1338 = SHAPE_DEFINITION_REPRESENTATION(#1339,#1345);
#1339 = PRODUCT_DEFINITION_SHAPE('','',#1340);
#1340 = PRODUCT_DEFINITION('design','',#1341,#1344);
#1341 = PRODUCT_DEFINITION_FORMATION('','',#1342);
#1342 = PRODUCT('C3_C_0603_1608Metric_82716ab082e1',
  'C3_C_0603_1608Metric_82716ab082e1','',(#1343));
#1343 = PRODUCT_CONTEXT('',#2,'mechanical');
#1344 = PRODUCT_DEFINITION_CONTEXT('part definition',#2,'design');
#1345 = ADVANCED_BREP_SHAPE_REPRESENTATION('',(#11,#1346),#2200);
#1346 = MANIFOLD_SOLID_BREP('',#1347);
#1347 = CLOSED_SHELL('',(#1348,#1424,#1455,#1480,#1505,#1529,#1553,#1578
    ,#1603,#1620,#1706,#1738,#1762,#1787,#1811,#1836,#1860,#1885,#1902,
    #1988,#2019,#2044,#2069,#2093,#2117,#2142,#2167,#2184));
#1348 = ADVANCED_FACE('',(#1349),#1419,.F.);
#1349 = FACE_BOUND('',#1350,.F.);
#1350 = EDGE_LOOP('',(#1351,#1361,#1370,#1378,#1387,#1395,#1404,#1412));
#1351 = ORIENTED_EDGE('',*,*,#1352,.F.);
#1352 = EDGE_CURVE('',#1353,#1355,#1357,.T.);
#1353 = VERTEX_POINT('',#1354);
#1354 = CARTESIAN_POINT('',(-0.8,-0.4,3.E-02));
#1355 = VERTEX_POINT('',#1356);
#1356 = CARTESIAN_POINT('',(-0.8,-0.4,0.77));
#1357 = LINE('',#1358,#1359);
#1358 = CARTESIAN_POINT('',(-0.8,-0.4,0.));
#1359 = VECTOR('',#1360,1.);
#1360 = DIRECTION('',(0.,0.,1.));
#1361 = ORIENTED_EDGE('',*,*,#1362,.T.);
#1362 = EDGE_CURVE('',#1353,#1363,#1365,.T.);
#1363 = VERTEX_POINT('',#1364);
#1364 = CARTESIAN_POINT('',(-0.8,-0.37,0.));
#1365 = CIRCLE('',#1366,3.E-02);
#1366 = AXIS2_PLACEMENT_3D('',#1367,#1368,#1369);
#1367 = CARTESIAN_POINT('',(-0.8,-0.37,3.E-02));
#1368 = DIRECTION('',(1.,0.,-0.));
#1369 = DIRECTION('',(0.,0.,1.));
#1370 = ORIENTED_EDGE('',*,*,#1371,.T.);
#1371 = EDGE_CURVE('',#1363,#1372,#1374,.T.);
#1372 = VERTEX_POINT('',#1373);
#1373 = CARTESIAN_POINT('',(-0.8,0.37,0.));
#1374 = LINE('',#1375,#1376);
#1375 = CARTESIAN_POINT('',(-0.8,-0.4,0.));
#1376 = VECTOR('',#1377,1.);
#1377 = DIRECTION('',(0.,1.,0.));
#1378 = ORIENTED_EDGE('',*,*,#1379,.F.);
#1379 = EDGE_CURVE('',#1380,#1372,#1382,.T.);
#1380 = VERTEX_POINT('',#1381);
#1381 = CARTESIAN_POINT('',(-0.8,0.4,3.E-02));
#1382 = CIRCLE('',#1383,3.E-02);
#1383 = AXIS2_PLACEMENT_3D('',#1384,#1385,#1386);
#1384 = CARTESIAN_POINT('',(-0.8,0.37,3.E-02));
#1385 = DIRECTION('',(-1.,0.,0.));
#1386 = DIRECTION('',(0.,0.,1.));
#1387 = ORIENTED_EDGE('',*,*,#1388,.T.);
#1388 = EDGE_CURVE('',#1380,#1389,#1391,.T.);
#1389 = VERTEX_POINT('',#1390);
#1390 = CARTESIAN_POINT('',(-0.8,0.4,0.77));
#1391 = LINE('',#1392,#1393);
#1392 = CARTESIAN_POINT('',(-0.8,0.4,0.));
#1393 = VECTOR('',#1394,1.);
#1394 = DIRECTION('',(0.,0.,1.));
#1395 = ORIENTED_EDGE('',*,*,#1396,.T.);
#1396 = EDGE_CURVE('',#1389,#1397,#1399,.T.);
#1397 = VERTEX_POINT('',#1398);
#1398 = CARTESIAN_POINT('',(-0.8,0.37,0.8));
#1399 = CIRCLE('',#1400,3.E-02);
#1400 = AXIS2_PLACEMENT_3D('',#1401,#1402,#1403);
#1401 = CARTESIAN_POINT('',(-0.8,0.37,0.77));
#1402 = DIRECTION('',(1.,0.,-0.));
#1403 = DIRECTION('',(0.,0.,1.));
#1404 = ORIENTED_EDGE('',*,*,#1405,.F.);
#1405 = EDGE_CURVE('',#1406,#1397,#1408,.T.);
#1406 = VERTEX_POINT('',#1407);
#1407 = CARTESIAN_POINT('',(-0.8,-0.37,0.8));
#1408 = LINE('',#1409,#1410);
#1409 = CARTESIAN_POINT('',(-0.8,-0.4,0.8));
#1410 = VECTOR('',#1411,1.);
#1411 = DIRECTION('',(0.,1.,0.));
#1412 = ORIENTED_EDGE('',*,*,#1413,.F.);
#1413 = EDGE_CURVE('',#1355,#1406,#1414,.T.);
#1414 = CIRCLE('',#1415,3.E-02);
#1415 = AXIS2_PLACEMENT_3D('',#1416,#1417,#1418);
#1416 = CARTESIAN_POINT('',(-0.8,-0.37,0.77));
#1417 = DIRECTION('',(-1.,0.,0.));
#1418 = DIRECTION('',(0.,0.,1.));
#1419 = PLANE('',#1420);
#1420 = AXIS2_PLACEMENT_3D('',#1421,#1422,#1423);
#1421 = CARTESIAN_POINT('',(-0.8,-0.4,0.));
#1422 = DIRECTION('',(1.,0.,0.));
#1423 = DIRECTION('',(0.,0.,1.));
#1424 = ADVANCED_FACE('',(#1425),#1450,.F.);
#1425 = FACE_BOUND('',#1426,.F.);
#1426 = EDGE_LOOP('',(#1427,#1437,#1443,#1444));
#1427 = ORIENTED_EDGE('',*,*,#1428,.F.);
#1428 = EDGE_CURVE('',#1429,#1431,#1433,.T.);
#1429 = VERTEX_POINT('',#1430);
#1430 = CARTESIAN_POINT('',(-0.5,-0.4,3.E-02));
#1431 = VERTEX_POINT('',#1432);
#1432 = CARTESIAN_POINT('',(-0.5,-0.4,0.77));
#1433 = LINE('',#1434,#1435);
#1434 = CARTESIAN_POINT('',(-0.5,-0.4,0.));
#1435 = VECTOR('',#1436,1.);
#1436 = DIRECTION('',(0.,0.,1.));
#1437 = ORIENTED_EDGE('',*,*,#1438,.F.);
#1438 = EDGE_CURVE('',#1353,#1429,#1439,.T.);
#1439 = LINE('',#1440,#1441);
#1440 = CARTESIAN_POINT('',(-0.8,-0.4,3.E-02));
#1441 = VECTOR('',#1442,1.);
#1442 = DIRECTION('',(1.,0.,0.));
#1443 = ORIENTED_EDGE('',*,*,#1352,.T.);
#1444 = ORIENTED_EDGE('',*,*,#1445,.T.);
#1445 = EDGE_CURVE('',#1355,#1431,#1446,.T.);
#1446 = LINE('',#1447,#1448);
#1447 = CARTESIAN_POINT('',(-0.8,-0.4,0.77));
#1448 = VECTOR('',#1449,1.);
#1449 = DIRECTION('',(1.,0.,0.));
#1450 = PLANE('',#1451);
#1451 = AXIS2_PLACEMENT_3D('',#1452,#1453,#1454);
#1452 = CARTESIAN_POINT('',(-0.8,-0.4,0.));
#1453 = DIRECTION('',(0.,1.,0.));
#1454 = DIRECTION('',(0.,0.,1.));
#1455 = ADVANCED_FACE('',(#1456),#1475,.T.);
#1456 = FACE_BOUND('',#1457,.T.);
#1457 = EDGE_LOOP('',(#1458,#1459,#1467,#1474));
#1458 = ORIENTED_EDGE('',*,*,#1362,.T.);
#1459 = ORIENTED_EDGE('',*,*,#1460,.T.);
#1460 = EDGE_CURVE('',#1363,#1461,#1463,.T.);
#1461 = VERTEX_POINT('',#1462);
#1462 = CARTESIAN_POINT('',(-0.5,-0.37,0.));
#1463 = LINE('',#1464,#1465);
#1464 = CARTESIAN_POINT('',(-0.8,-0.37,0.));
#1465 = VECTOR('',#1466,1.);
#1466 = DIRECTION('',(1.,0.,0.));
#1467 = ORIENTED_EDGE('',*,*,#1468,.F.);
#1468 = EDGE_CURVE('',#1429,#1461,#1469,.T.);
#1469 = CIRCLE('',#1470,3.E-02);
#1470 = AXIS2_PLACEMENT_3D('',#1471,#1472,#1473);
#1471 = CARTESIAN_POINT('',(-0.5,-0.37,3.E-02));
#1472 = DIRECTION('',(1.,0.,-0.));
#1473 = DIRECTION('',(0.,0.,1.));
#1474 = ORIENTED_EDGE('',*,*,#1438,.F.);
#1475 = CYLINDRICAL_SURFACE('',#1476,3.E-02);
#1476 = AXIS2_PLACEMENT_3D('',#1477,#1478,#1479);
#1477 = CARTESIAN_POINT('',(-0.8,-0.37,3.E-02));
#1478 = DIRECTION('',(1.,0.,0.));
#1479 = DIRECTION('',(0.,-1.,0.));
#1480 = ADVANCED_FACE('',(#1481),#1500,.T.);
#1481 = FACE_BOUND('',#1482,.T.);
#1482 = EDGE_LOOP('',(#1483,#1484,#1493,#1499));
#1483 = ORIENTED_EDGE('',*,*,#1445,.T.);
#1484 = ORIENTED_EDGE('',*,*,#1485,.T.);
#1485 = EDGE_CURVE('',#1431,#1486,#1488,.T.);
#1486 = VERTEX_POINT('',#1487);
#1487 = CARTESIAN_POINT('',(-0.5,-0.37,0.8));
#1488 = CIRCLE('',#1489,3.E-02);
#1489 = AXIS2_PLACEMENT_3D('',#1490,#1491,#1492);
#1490 = CARTESIAN_POINT('',(-0.5,-0.37,0.77));
#1491 = DIRECTION('',(-1.,0.,0.));
#1492 = DIRECTION('',(0.,0.,1.));
#1493 = ORIENTED_EDGE('',*,*,#1494,.F.);
#1494 = EDGE_CURVE('',#1406,#1486,#1495,.T.);
#1495 = LINE('',#1496,#1497);
#1496 = CARTESIAN_POINT('',(-0.8,-0.37,0.8));
#1497 = VECTOR('',#1498,1.);
#1498 = DIRECTION('',(1.,0.,0.));
#1499 = ORIENTED_EDGE('',*,*,#1413,.F.);
#1500 = CYLINDRICAL_SURFACE('',#1501,3.E-02);
#1501 = AXIS2_PLACEMENT_3D('',#1502,#1503,#1504);
#1502 = CARTESIAN_POINT('',(-0.8,-0.37,0.77));
#1503 = DIRECTION('',(1.,0.,0.));
#1504 = DIRECTION('',(0.,-1.,0.));
#1505 = ADVANCED_FACE('',(#1506),#1524,.F.);
#1506 = FACE_BOUND('',#1507,.F.);
#1507 = EDGE_LOOP('',(#1508,#1509,#1510,#1518));
#1508 = ORIENTED_EDGE('',*,*,#1371,.F.);
#1509 = ORIENTED_EDGE('',*,*,#1460,.T.);
#1510 = ORIENTED_EDGE('',*,*,#1511,.T.);
#1511 = EDGE_CURVE('',#1461,#1512,#1514,.T.);
#1512 = VERTEX_POINT('',#1513);
#1513 = CARTESIAN_POINT('',(-0.5,0.37,0.));
#1514 = LINE('',#1515,#1516);
#1515 = CARTESIAN_POINT('',(-0.5,-0.4,0.));
#1516 = VECTOR('',#1517,1.);
#1517 = DIRECTION('',(0.,1.,0.));
#1518 = ORIENTED_EDGE('',*,*,#1519,.F.);
#1519 = EDGE_CURVE('',#1372,#1512,#1520,.T.);
#1520 = LINE('',#1521,#1522);
#1521 = CARTESIAN_POINT('',(-0.8,0.37,0.));
#1522 = VECTOR('',#1523,1.);
#1523 = DIRECTION('',(1.,0.,0.));
#1524 = PLANE('',#1525);
#1525 = AXIS2_PLACEMENT_3D('',#1526,#1527,#1528);
#1526 = CARTESIAN_POINT('',(-0.8,-0.4,0.));
#1527 = DIRECTION('',(0.,0.,1.));
#1528 = DIRECTION('',(1.,0.,0.));
#1529 = ADVANCED_FACE('',(#1530),#1548,.T.);
#1530 = FACE_BOUND('',#1531,.T.);
#1531 = EDGE_LOOP('',(#1532,#1533,#1534,#1542));
#1532 = ORIENTED_EDGE('',*,*,#1405,.F.);
#1533 = ORIENTED_EDGE('',*,*,#1494,.T.);
#1534 = ORIENTED_EDGE('',*,*,#1535,.T.);
#1535 = EDGE_CURVE('',#1486,#1536,#1538,.T.);
#1536 = VERTEX_POINT('',#1537);
#1537 = CARTESIAN_POINT('',(-0.5,0.37,0.8));
#1538 = LINE('',#1539,#1540);
#1539 = CARTESIAN_POINT('',(-0.5,-0.4,0.8));
#1540 = VECTOR('',#1541,1.);
#1541 = DIRECTION('',(0.,1.,0.));
#1542 = ORIENTED_EDGE('',*,*,#1543,.F.);
#1543 = EDGE_CURVE('',#1397,#1536,#1544,.T.);
#1544 = LINE('',#1545,#1546);
#1545 = CARTESIAN_POINT('',(-0.8,0.37,0.8));
#1546 = VECTOR('',#1547,1.);
#1547 = DIRECTION('',(1.,0.,0.));
#1548 = PLANE('',#1549);
#1549 = AXIS2_PLACEMENT_3D('',#1550,#1551,#1552);
#1550 = CARTESIAN_POINT('',(-0.8,-0.4,0.8));
#1551 = DIRECTION('',(0.,0.,1.));
#1552 = DIRECTION('',(1.,0.,0.));
#1553 = ADVANCED_FACE('',(#1554),#1573,.T.);
#1554 = FACE_BOUND('',#1555,.T.);
#1555 = EDGE_LOOP('',(#1556,#1564,#1571,#1572));
#1556 = ORIENTED_EDGE('',*,*,#1557,.T.);
#1557 = EDGE_CURVE('',#1380,#1558,#1560,.T.);
#1558 = VERTEX_POINT('',#1559);
#1559 = CARTESIAN_POINT('',(-0.5,0.4,3.E-02));
#1560 = LINE('',#1561,#1562);
#1561 = CARTESIAN_POINT('',(-0.8,0.4,3.E-02));
#1562 = VECTOR('',#1563,1.);
#1563 = DIRECTION('',(1.,0.,0.));
#1564 = ORIENTED_EDGE('',*,*,#1565,.T.);
#1565 = EDGE_CURVE('',#1558,#1512,#1566,.T.);
#1566 = CIRCLE('',#1567,3.E-02);
#1567 = AXIS2_PLACEMENT_3D('',#1568,#1569,#1570);
#1568 = CARTESIAN_POINT('',(-0.5,0.37,3.E-02));
#1569 = DIRECTION('',(-1.,0.,0.));
#1570 = DIRECTION('',(0.,0.,1.));
#1571 = ORIENTED_EDGE('',*,*,#1519,.F.);
#1572 = ORIENTED_EDGE('',*,*,#1379,.F.);
#1573 = CYLINDRICAL_SURFACE('',#1574,3.E-02);
#1574 = AXIS2_PLACEMENT_3D('',#1575,#1576,#1577);
#1575 = CARTESIAN_POINT('',(-0.8,0.37,3.E-02));
#1576 = DIRECTION('',(1.,0.,0.));
#1577 = DIRECTION('',(0.,1.,0.));
#1578 = ADVANCED_FACE('',(#1579),#1598,.T.);
#1579 = FACE_BOUND('',#1580,.T.);
#1580 = EDGE_LOOP('',(#1581,#1582,#1583,#1592));
#1581 = ORIENTED_EDGE('',*,*,#1396,.T.);
#1582 = ORIENTED_EDGE('',*,*,#1543,.T.);
#1583 = ORIENTED_EDGE('',*,*,#1584,.F.);
#1584 = EDGE_CURVE('',#1585,#1536,#1587,.T.);
#1585 = VERTEX_POINT('',#1586);
#1586 = CARTESIAN_POINT('',(-0.5,0.4,0.77));
#1587 = CIRCLE('',#1588,3.E-02);
#1588 = AXIS2_PLACEMENT_3D('',#1589,#1590,#1591);
#1589 = CARTESIAN_POINT('',(-0.5,0.37,0.77));
#1590 = DIRECTION('',(1.,0.,-0.));
#1591 = DIRECTION('',(0.,0.,1.));
#1592 = ORIENTED_EDGE('',*,*,#1593,.F.);
#1593 = EDGE_CURVE('',#1389,#1585,#1594,.T.);
#1594 = LINE('',#1595,#1596);
#1595 = CARTESIAN_POINT('',(-0.8,0.4,0.77));
#1596 = VECTOR('',#1597,1.);
#1597 = DIRECTION('',(1.,0.,0.));
#1598 = CYLINDRICAL_SURFACE('',#1599,3.E-02);
#1599 = AXIS2_PLACEMENT_3D('',#1600,#1601,#1602);
#1600 = CARTESIAN_POINT('',(-0.8,0.37,0.77));
#1601 = DIRECTION('',(1.,0.,0.));
#1602 = DIRECTION('',(0.,1.,0.));
#1603 = ADVANCED_FACE('',(#1604),#1615,.T.);
#1604 = FACE_BOUND('',#1605,.T.);
#1605 = EDGE_LOOP('',(#1606,#1612,#1613,#1614));
#1606 = ORIENTED_EDGE('',*,*,#1607,.F.);
#1607 = EDGE_CURVE('',#1558,#1585,#1608,.T.);
#1608 = LINE('',#1609,#1610);
#1609 = CARTESIAN_POINT('',(-0.5,0.4,0.));
#1610 = VECTOR('',#1611,1.);
#1611 = DIRECTION('',(0.,0.,1.));
#1612 = ORIENTED_EDGE('',*,*,#1557,.F.);
#1613 = ORIENTED_EDGE('',*,*,#1388,.T.);
#1614 = ORIENTED_EDGE('',*,*,#1593,.T.);
#1615 = PLANE('',#1616);
#1616 = AXIS2_PLACEMENT_3D('',#1617,#1618,#1619);
#1617 = CARTESIAN_POINT('',(-0.8,0.4,0.));
#1618 = DIRECTION('',(0.,1.,0.));
#1619 = DIRECTION('',(0.,0.,1.));
#1620 = ADVANCED_FACE('',(#1621,#1631),#1701,.T.);
#1621 = FACE_BOUND('',#1622,.T.);
#1622 = EDGE_LOOP('',(#1623,#1624,#1625,#1626,#1627,#1628,#1629,#1630));
#1623 = ORIENTED_EDGE('',*,*,#1428,.F.);
#1624 = ORIENTED_EDGE('',*,*,#1468,.T.);
#1625 = ORIENTED_EDGE('',*,*,#1511,.T.);
#1626 = ORIENTED_EDGE('',*,*,#1565,.F.);
#1627 = ORIENTED_EDGE('',*,*,#1607,.T.);
#1628 = ORIENTED_EDGE('',*,*,#1584,.T.);
#1629 = ORIENTED_EDGE('',*,*,#1535,.F.);
#1630 = ORIENTED_EDGE('',*,*,#1485,.F.);
#1631 = FACE_BOUND('',#1632,.T.);
#1632 = EDGE_LOOP('',(#1633,#1644,#1652,#1661,#1669,#1678,#1686,#1695));
#1633 = ORIENTED_EDGE('',*,*,#1634,.F.);
#1634 = EDGE_CURVE('',#1635,#1637,#1639,.T.);
#1635 = VERTEX_POINT('',#1636);
#1636 = CARTESIAN_POINT('',(-0.5,-0.37,6.E-02));
#1637 = VERTEX_POINT('',#1638);
#1638 = CARTESIAN_POINT('',(-0.5,-0.34,3.E-02));
#1639 = CIRCLE('',#1640,3.E-02);
#1640 = AXIS2_PLACEMENT_3D('',#1641,#1642,#1643);
#1641 = CARTESIAN_POINT('',(-0.5,-0.34,6.E-02));
#1642 = DIRECTION('',(1.,0.,-0.));
#1643 = DIRECTION('',(0.,0.,1.));
#1644 = ORIENTED_EDGE('',*,*,#1645,.T.);
#1645 = EDGE_CURVE('',#1635,#1646,#1648,.T.);
#1646 = VERTEX_POINT('',#1647);
#1647 = CARTESIAN_POINT('',(-0.5,-0.37,0.74));
#1648 = LINE('',#1649,#1650);
#1649 = CARTESIAN_POINT('',(-0.5,-0.37,3.E-02));
#1650 = VECTOR('',#1651,1.);
#1651 = DIRECTION('',(0.,0.,1.));
#1652 = ORIENTED_EDGE('',*,*,#1653,.T.);
#1653 = EDGE_CURVE('',#1646,#1654,#1656,.T.);
#1654 = VERTEX_POINT('',#1655);
#1655 = CARTESIAN_POINT('',(-0.5,-0.34,0.77));
#1656 = CIRCLE('',#1657,3.E-02);
#1657 = AXIS2_PLACEMENT_3D('',#1658,#1659,#1660);
#1658 = CARTESIAN_POINT('',(-0.5,-0.34,0.74));
#1659 = DIRECTION('',(-1.,0.,0.));
#1660 = DIRECTION('',(0.,0.,1.));
#1661 = ORIENTED_EDGE('',*,*,#1662,.T.);
#1662 = EDGE_CURVE('',#1654,#1663,#1665,.T.);
#1663 = VERTEX_POINT('',#1664);
#1664 = CARTESIAN_POINT('',(-0.5,0.34,0.77));
#1665 = LINE('',#1666,#1667);
#1666 = CARTESIAN_POINT('',(-0.5,-0.37,0.77));
#1667 = VECTOR('',#1668,1.);
#1668 = DIRECTION('',(0.,1.,0.));
#1669 = ORIENTED_EDGE('',*,*,#1670,.F.);
#1670 = EDGE_CURVE('',#1671,#1663,#1673,.T.);
#1671 = VERTEX_POINT('',#1672);
#1672 = CARTESIAN_POINT('',(-0.5,0.37,0.74));
#1673 = CIRCLE('',#1674,3.E-02);
#1674 = AXIS2_PLACEMENT_3D('',#1675,#1676,#1677);
#1675 = CARTESIAN_POINT('',(-0.5,0.34,0.74));
#1676 = DIRECTION('',(1.,0.,-0.));
#1677 = DIRECTION('',(0.,0.,1.));
#1678 = ORIENTED_EDGE('',*,*,#1679,.F.);
#1679 = EDGE_CURVE('',#1680,#1671,#1682,.T.);
#1680 = VERTEX_POINT('',#1681);
#1681 = CARTESIAN_POINT('',(-0.5,0.37,6.E-02));
#1682 = LINE('',#1683,#1684);
#1683 = CARTESIAN_POINT('',(-0.5,0.37,3.E-02));
#1684 = VECTOR('',#1685,1.);
#1685 = DIRECTION('',(0.,0.,1.));
#1686 = ORIENTED_EDGE('',*,*,#1687,.T.);
#1687 = EDGE_CURVE('',#1680,#1688,#1690,.T.);
#1688 = VERTEX_POINT('',#1689);
#1689 = CARTESIAN_POINT('',(-0.5,0.34,3.E-02));
#1690 = CIRCLE('',#1691,3.E-02);
#1691 = AXIS2_PLACEMENT_3D('',#1692,#1693,#1694);
#1692 = CARTESIAN_POINT('',(-0.5,0.34,6.E-02));
#1693 = DIRECTION('',(-1.,0.,0.));
#1694 = DIRECTION('',(0.,0.,1.));
#1695 = ORIENTED_EDGE('',*,*,#1696,.F.);
#1696 = EDGE_CURVE('',#1637,#1688,#1697,.T.);
#1697 = LINE('',#1698,#1699);
#1698 = CARTESIAN_POINT('',(-0.5,-0.37,3.E-02));
#1699 = VECTOR('',#1700,1.);
#1700 = DIRECTION('',(0.,1.,0.));
#1701 = PLANE('',#1702);
#1702 = AXIS2_PLACEMENT_3D('',#1703,#1704,#1705);
#1703 = CARTESIAN_POINT('',(-0.5,-0.4,0.));
#1704 = DIRECTION('',(1.,0.,0.));
#1705 = DIRECTION('',(0.,0.,1.));
#1706 = ADVANCED_FACE('',(#1707),#1733,.T.);
#1707 = FACE_BOUND('',#1708,.T.);
#1708 = EDGE_LOOP('',(#1709,#1710,#1718,#1727));
#1709 = ORIENTED_EDGE('',*,*,#1634,.T.);
#1710 = ORIENTED_EDGE('',*,*,#1711,.T.);
#1711 = EDGE_CURVE('',#1637,#1712,#1714,.T.);
#1712 = VERTEX_POINT('',#1713);
#1713 = CARTESIAN_POINT('',(0.5,-0.34,3.E-02));
#1714 = LINE('',#1715,#1716);
#1715 = CARTESIAN_POINT('',(-0.5,-0.34,3.E-02));
#1716 = VECTOR('',#1717,1.);
#1717 = DIRECTION('',(1.,0.,0.));
#1718 = ORIENTED_EDGE('',*,*,#1719,.F.);
#1719 = EDGE_CURVE('',#1720,#1712,#1722,.T.);
#1720 = VERTEX_POINT('',#1721);
#1721 = CARTESIAN_POINT('',(0.5,-0.37,6.E-02));
#1722 = CIRCLE('',#1723,3.E-02);
#1723 = AXIS2_PLACEMENT_3D('',#1724,#1725,#1726);
#1724 = CARTESIAN_POINT('',(0.5,-0.34,6.E-02));
#1725 = DIRECTION('',(1.,0.,-0.));
#1726 = DIRECTION('',(0.,0.,1.));
#1727 = ORIENTED_EDGE('',*,*,#1728,.F.);
#1728 = EDGE_CURVE('',#1635,#1720,#1729,.T.);
#1729 = LINE('',#1730,#1731);
#1730 = CARTESIAN_POINT('',(-0.5,-0.37,6.E-02));
#1731 = VECTOR('',#1732,1.);
#1732 = DIRECTION('',(1.,0.,0.));
#1733 = CYLINDRICAL_SURFACE('',#1734,3.E-02);
#1734 = AXIS2_PLACEMENT_3D('',#1735,#1736,#1737);
#1735 = CARTESIAN_POINT('',(-0.5,-0.34,6.E-02));
#1736 = DIRECTION('',(1.,0.,0.));
#1737 = DIRECTION('',(0.,-1.,0.));
#1738 = ADVANCED_FACE('',(#1739),#1757,.F.);
#1739 = FACE_BOUND('',#1740,.F.);
#1740 = EDGE_LOOP('',(#1741,#1742,#1743,#1751));
#1741 = ORIENTED_EDGE('',*,*,#1696,.F.);
#1742 = ORIENTED_EDGE('',*,*,#1711,.T.);
#1743 = ORIENTED_EDGE('',*,*,#1744,.T.);
#1744 = EDGE_CURVE('',#1712,#1745,#1747,.T.);
#1745 = VERTEX_POINT('',#1746);
#1746 = CARTESIAN_POINT('',(0.5,0.34,3.E-02));
#1747 = LINE('',#1748,#1749);
#1748 = CARTESIAN_POINT('',(0.5,-0.37,3.E-02));
#1749 = VECTOR('',#1750,1.);
#1750 = DIRECTION('',(0.,1.,0.));
#1751 = ORIENTED_EDGE('',*,*,#1752,.F.);
#1752 = EDGE_CURVE('',#1688,#1745,#1753,.T.);
#1753 = LINE('',#1754,#1755);
#1754 = CARTESIAN_POINT('',(-0.5,0.34,3.E-02));
#1755 = VECTOR('',#1756,1.);
#1756 = DIRECTION('',(1.,0.,0.));
#1757 = PLANE('',#1758);
#1758 = AXIS2_PLACEMENT_3D('',#1759,#1760,#1761);
#1759 = CARTESIAN_POINT('',(-0.5,-0.37,3.E-02));
#1760 = DIRECTION('',(0.,0.,1.));
#1761 = DIRECTION('',(1.,0.,0.));
#1762 = ADVANCED_FACE('',(#1763),#1782,.T.);
#1763 = FACE_BOUND('',#1764,.T.);
#1764 = EDGE_LOOP('',(#1765,#1773,#1780,#1781));
#1765 = ORIENTED_EDGE('',*,*,#1766,.T.);
#1766 = EDGE_CURVE('',#1680,#1767,#1769,.T.);
#1767 = VERTEX_POINT('',#1768);
#1768 = CARTESIAN_POINT('',(0.5,0.37,6.E-02));
#1769 = LINE('',#1770,#1771);
#1770 = CARTESIAN_POINT('',(-0.5,0.37,6.E-02));
#1771 = VECTOR('',#1772,1.);
#1772 = DIRECTION('',(1.,0.,0.));
#1773 = ORIENTED_EDGE('',*,*,#1774,.T.);
#1774 = EDGE_CURVE('',#1767,#1745,#1775,.T.);
#1775 = CIRCLE('',#1776,3.E-02);
#1776 = AXIS2_PLACEMENT_3D('',#1777,#1778,#1779);
#1777 = CARTESIAN_POINT('',(0.5,0.34,6.E-02));
#1778 = DIRECTION('',(-1.,0.,0.));
#1779 = DIRECTION('',(0.,0.,1.));
#1780 = ORIENTED_EDGE('',*,*,#1752,.F.);
#1781 = ORIENTED_EDGE('',*,*,#1687,.F.);
#1782 = CYLINDRICAL_SURFACE('',#1783,3.E-02);
#1783 = AXIS2_PLACEMENT_3D('',#1784,#1785,#1786);
#1784 = CARTESIAN_POINT('',(-0.5,0.34,6.E-02));
#1785 = DIRECTION('',(1.,0.,0.));
#1786 = DIRECTION('',(0.,1.,0.));
#1787 = ADVANCED_FACE('',(#1788),#1806,.T.);
#1788 = FACE_BOUND('',#1789,.T.);
#1789 = EDGE_LOOP('',(#1790,#1798,#1799,#1800));
#1790 = ORIENTED_EDGE('',*,*,#1791,.F.);
#1791 = EDGE_CURVE('',#1767,#1792,#1794,.T.);
#1792 = VERTEX_POINT('',#1793);
#1793 = CARTESIAN_POINT('',(0.5,0.37,0.74));
#1794 = LINE('',#1795,#1796);
#1795 = CARTESIAN_POINT('',(0.5,0.37,3.E-02));
#1796 = VECTOR('',#1797,1.);
#1797 = DIRECTION('',(0.,0.,1.));
#1798 = ORIENTED_EDGE('',*,*,#1766,.F.);
#1799 = ORIENTED_EDGE('',*,*,#1679,.T.);
#1800 = ORIENTED_EDGE('',*,*,#1801,.T.);
#1801 = EDGE_CURVE('',#1671,#1792,#1802,.T.);
#1802 = LINE('',#1803,#1804);
#1803 = CARTESIAN_POINT('',(-0.5,0.37,0.74));
#1804 = VECTOR('',#1805,1.);
#1805 = DIRECTION('',(1.,0.,0.));
#1806 = PLANE('',#1807);
#1807 = AXIS2_PLACEMENT_3D('',#1808,#1809,#1810);
#1808 = CARTESIAN_POINT('',(-0.5,0.37,3.E-02));
#1809 = DIRECTION('',(0.,1.,0.));
#1810 = DIRECTION('',(0.,0.,1.));
#1811 = ADVANCED_FACE('',(#1812),#1831,.T.);
#1812 = FACE_BOUND('',#1813,.T.);
#1813 = EDGE_LOOP('',(#1814,#1815,#1823,#1830));
#1814 = ORIENTED_EDGE('',*,*,#1670,.T.);
#1815 = ORIENTED_EDGE('',*,*,#1816,.T.);
#1816 = EDGE_CURVE('',#1663,#1817,#1819,.T.);
#1817 = VERTEX_POINT('',#1818);
#1818 = CARTESIAN_POINT('',(0.5,0.34,0.77));
#1819 = LINE('',#1820,#1821);
#1820 = CARTESIAN_POINT('',(-0.5,0.34,0.77));
#1821 = VECTOR('',#1822,1.);
#1822 = DIRECTION('',(1.,0.,0.));
#1823 = ORIENTED_EDGE('',*,*,#1824,.F.);
#1824 = EDGE_CURVE('',#1792,#1817,#1825,.T.);
#1825 = CIRCLE('',#1826,3.E-02);
#1826 = AXIS2_PLACEMENT_3D('',#1827,#1828,#1829);
#1827 = CARTESIAN_POINT('',(0.5,0.34,0.74));
#1828 = DIRECTION('',(1.,0.,-0.));
#1829 = DIRECTION('',(0.,0.,1.));
#1830 = ORIENTED_EDGE('',*,*,#1801,.F.);
#1831 = CYLINDRICAL_SURFACE('',#1832,3.E-02);
#1832 = AXIS2_PLACEMENT_3D('',#1833,#1834,#1835);
#1833 = CARTESIAN_POINT('',(-0.5,0.34,0.74));
#1834 = DIRECTION('',(1.,0.,0.));
#1835 = DIRECTION('',(0.,1.,0.));
#1836 = ADVANCED_FACE('',(#1837),#1855,.T.);
#1837 = FACE_BOUND('',#1838,.T.);
#1838 = EDGE_LOOP('',(#1839,#1840,#1848,#1854));
#1839 = ORIENTED_EDGE('',*,*,#1662,.F.);
#1840 = ORIENTED_EDGE('',*,*,#1841,.T.);
#1841 = EDGE_CURVE('',#1654,#1842,#1844,.T.);
#1842 = VERTEX_POINT('',#1843);
#1843 = CARTESIAN_POINT('',(0.5,-0.34,0.77));
#1844 = LINE('',#1845,#1846);
#1845 = CARTESIAN_POINT('',(-0.5,-0.34,0.77));
#1846 = VECTOR('',#1847,1.);
#1847 = DIRECTION('',(1.,0.,0.));
#1848 = ORIENTED_EDGE('',*,*,#1849,.T.);
#1849 = EDGE_CURVE('',#1842,#1817,#1850,.T.);
#1850 = LINE('',#1851,#1852);
#1851 = CARTESIAN_POINT('',(0.5,-0.37,0.77));
#1852 = VECTOR('',#1853,1.);
#1853 = DIRECTION('',(0.,1.,0.));
#1854 = ORIENTED_EDGE('',*,*,#1816,.F.);
#1855 = PLANE('',#1856);
#1856 = AXIS2_PLACEMENT_3D('',#1857,#1858,#1859);
#1857 = CARTESIAN_POINT('',(-0.5,-0.37,0.77));
#1858 = DIRECTION('',(0.,0.,1.));
#1859 = DIRECTION('',(1.,0.,0.));
#1860 = ADVANCED_FACE('',(#1861),#1880,.T.);
#1861 = FACE_BOUND('',#1862,.T.);
#1862 = EDGE_LOOP('',(#1863,#1871,#1878,#1879));
#1863 = ORIENTED_EDGE('',*,*,#1864,.T.);
#1864 = EDGE_CURVE('',#1646,#1865,#1867,.T.);
#1865 = VERTEX_POINT('',#1866);
#1866 = CARTESIAN_POINT('',(0.5,-0.37,0.74));
#1867 = LINE('',#1868,#1869);
#1868 = CARTESIAN_POINT('',(-0.5,-0.37,0.74));
#1869 = VECTOR('',#1870,1.);
#1870 = DIRECTION('',(1.,0.,0.));
#1871 = ORIENTED_EDGE('',*,*,#1872,.T.);
#1872 = EDGE_CURVE('',#1865,#1842,#1873,.T.);
#1873 = CIRCLE('',#1874,3.E-02);
#1874 = AXIS2_PLACEMENT_3D('',#1875,#1876,#1877);
#1875 = CARTESIAN_POINT('',(0.5,-0.34,0.74));
#1876 = DIRECTION('',(-1.,0.,0.));
#1877 = DIRECTION('',(0.,0.,1.));
#1878 = ORIENTED_EDGE('',*,*,#1841,.F.);
#1879 = ORIENTED_EDGE('',*,*,#1653,.F.);
#1880 = CYLINDRICAL_SURFACE('',#1881,3.E-02);
#1881 = AXIS2_PLACEMENT_3D('',#1882,#1883,#1884);
#1882 = CARTESIAN_POINT('',(-0.5,-0.34,0.74));
#1883 = DIRECTION('',(1.,0.,0.));
#1884 = DIRECTION('',(0.,-1.,0.));
#1885 = ADVANCED_FACE('',(#1886),#1897,.F.);
#1886 = FACE_BOUND('',#1887,.F.);
#1887 = EDGE_LOOP('',(#1888,#1894,#1895,#1896));
#1888 = ORIENTED_EDGE('',*,*,#1889,.F.);
#1889 = EDGE_CURVE('',#1720,#1865,#1890,.T.);
#1890 = LINE('',#1891,#1892);
#1891 = CARTESIAN_POINT('',(0.5,-0.37,3.E-02));
#1892 = VECTOR('',#1893,1.);
#1893 = DIRECTION('',(0.,0.,1.));
#1894 = ORIENTED_EDGE('',*,*,#1728,.F.);
#1895 = ORIENTED_EDGE('',*,*,#1645,.T.);
#1896 = ORIENTED_EDGE('',*,*,#1864,.T.);
#1897 = PLANE('',#1898);
#1898 = AXIS2_PLACEMENT_3D('',#1899,#1900,#1901);
#1899 = CARTESIAN_POINT('',(-0.5,-0.37,3.E-02));
#1900 = DIRECTION('',(0.,1.,0.));
#1901 = DIRECTION('',(0.,0.,1.));
#1902 = ADVANCED_FACE('',(#1903,#1973),#1983,.F.);
#1903 = FACE_BOUND('',#1904,.F.);
#1904 = EDGE_LOOP('',(#1905,#1915,#1924,#1932,#1941,#1949,#1958,#1966));
#1905 = ORIENTED_EDGE('',*,*,#1906,.F.);
#1906 = EDGE_CURVE('',#1907,#1909,#1911,.T.);
#1907 = VERTEX_POINT('',#1908);
#1908 = CARTESIAN_POINT('',(0.5,-0.4,3.E-02));
#1909 = VERTEX_POINT('',#1910);
#1910 = CARTESIAN_POINT('',(0.5,-0.4,0.77));
#1911 = LINE('',#1912,#1913);
#1912 = CARTESIAN_POINT('',(0.5,-0.4,0.));
#1913 = VECTOR('',#1914,1.);
#1914 = DIRECTION('',(0.,0.,1.));
#1915 = ORIENTED_EDGE('',*,*,#1916,.T.);
#1916 = EDGE_CURVE('',#1907,#1917,#1919,.T.);
#1917 = VERTEX_POINT('',#1918);
#1918 = CARTESIAN_POINT('',(0.5,-0.37,0.));
#1919 = CIRCLE('',#1920,3.E-02);
#1920 = AXIS2_PLACEMENT_3D('',#1921,#1922,#1923);
#1921 = CARTESIAN_POINT('',(0.5,-0.37,3.E-02));
#1922 = DIRECTION('',(1.,0.,-0.));
#1923 = DIRECTION('',(0.,0.,1.));
#1924 = ORIENTED_EDGE('',*,*,#1925,.T.);
#1925 = EDGE_CURVE('',#1917,#1926,#1928,.T.);
#1926 = VERTEX_POINT('',#1927);
#1927 = CARTESIAN_POINT('',(0.5,0.37,0.));
#1928 = LINE('',#1929,#1930);
#1929 = CARTESIAN_POINT('',(0.5,-0.4,0.));
#1930 = VECTOR('',#1931,1.);
#1931 = DIRECTION('',(0.,1.,0.));
#1932 = ORIENTED_EDGE('',*,*,#1933,.F.);
#1933 = EDGE_CURVE('',#1934,#1926,#1936,.T.);
#1934 = VERTEX_POINT('',#1935);
#1935 = CARTESIAN_POINT('',(0.5,0.4,3.E-02));
#1936 = CIRCLE('',#1937,3.E-02);
#1937 = AXIS2_PLACEMENT_3D('',#1938,#1939,#1940);
#1938 = CARTESIAN_POINT('',(0.5,0.37,3.E-02));
#1939 = DIRECTION('',(-1.,0.,0.));
#1940 = DIRECTION('',(0.,0.,1.));
#1941 = ORIENTED_EDGE('',*,*,#1942,.T.);
#1942 = EDGE_CURVE('',#1934,#1943,#1945,.T.);
#1943 = VERTEX_POINT('',#1944);
#1944 = CARTESIAN_POINT('',(0.5,0.4,0.77));
#1945 = LINE('',#1946,#1947);
#1946 = CARTESIAN_POINT('',(0.5,0.4,0.));
#1947 = VECTOR('',#1948,1.);
#1948 = DIRECTION('',(0.,0.,1.));
#1949 = ORIENTED_EDGE('',*,*,#1950,.T.);
#1950 = EDGE_CURVE('',#1943,#1951,#1953,.T.);
#1951 = VERTEX_POINT('',#1952);
#1952 = CARTESIAN_POINT('',(0.5,0.37,0.8));
#1953 = CIRCLE('',#1954,3.E-02);
#1954 = AXIS2_PLACEMENT_3D('',#1955,#1956,#1957);
#1955 = CARTESIAN_POINT('',(0.5,0.37,0.77));
#1956 = DIRECTION('',(1.,0.,-0.));
#1957 = DIRECTION('',(0.,0.,1.));
#1958 = ORIENTED_EDGE('',*,*,#1959,.F.);
#1959 = EDGE_CURVE('',#1960,#1951,#1962,.T.);
#1960 = VERTEX_POINT('',#1961);
#1961 = CARTESIAN_POINT('',(0.5,-0.37,0.8));
#1962 = LINE('',#1963,#1964);
#1963 = CARTESIAN_POINT('',(0.5,-0.4,0.8));
#1964 = VECTOR('',#1965,1.);
#1965 = DIRECTION('',(0.,1.,0.));
#1966 = ORIENTED_EDGE('',*,*,#1967,.F.);
#1967 = EDGE_CURVE('',#1909,#1960,#1968,.T.);
#1968 = CIRCLE('',#1969,3.E-02);
#1969 = AXIS2_PLACEMENT_3D('',#1970,#1971,#1972);
#1970 = CARTESIAN_POINT('',(0.5,-0.37,0.77));
#1971 = DIRECTION('',(-1.,0.,0.));
#1972 = DIRECTION('',(0.,0.,1.));
#1973 = FACE_BOUND('',#1974,.F.);
#1974 = EDGE_LOOP('',(#1975,#1976,#1977,#1978,#1979,#1980,#1981,#1982));
#1975 = ORIENTED_EDGE('',*,*,#1719,.F.);
#1976 = ORIENTED_EDGE('',*,*,#1889,.T.);
#1977 = ORIENTED_EDGE('',*,*,#1872,.T.);
#1978 = ORIENTED_EDGE('',*,*,#1849,.T.);
#1979 = ORIENTED_EDGE('',*,*,#1824,.F.);
#1980 = ORIENTED_EDGE('',*,*,#1791,.F.);
#1981 = ORIENTED_EDGE('',*,*,#1774,.T.);
#1982 = ORIENTED_EDGE('',*,*,#1744,.F.);
#1983 = PLANE('',#1984);
#1984 = AXIS2_PLACEMENT_3D('',#1985,#1986,#1987);
#1985 = CARTESIAN_POINT('',(0.5,-0.4,0.));
#1986 = DIRECTION('',(1.,0.,0.));
#1987 = DIRECTION('',(0.,0.,1.));
#1988 = ADVANCED_FACE('',(#1989),#2014,.F.);
#1989 = FACE_BOUND('',#1990,.F.);
#1990 = EDGE_LOOP('',(#1991,#2001,#2007,#2008));
#1991 = ORIENTED_EDGE('',*,*,#1992,.F.);
#1992 = EDGE_CURVE('',#1993,#1995,#1997,.T.);
#1993 = VERTEX_POINT('',#1994);
#1994 = CARTESIAN_POINT('',(0.8,-0.4,3.E-02));
#1995 = VERTEX_POINT('',#1996);
#1996 = CARTESIAN_POINT('',(0.8,-0.4,0.77));
#1997 = LINE('',#1998,#1999);
#1998 = CARTESIAN_POINT('',(0.8,-0.4,0.));
#1999 = VECTOR('',#2000,1.);
#2000 = DIRECTION('',(0.,0.,1.));
#2001 = ORIENTED_EDGE('',*,*,#2002,.F.);
#2002 = EDGE_CURVE('',#1907,#1993,#2003,.T.);
#2003 = LINE('',#2004,#2005);
#2004 = CARTESIAN_POINT('',(0.5,-0.4,3.E-02));
#2005 = VECTOR('',#2006,1.);
#2006 = DIRECTION('',(1.,0.,0.));
#2007 = ORIENTED_EDGE('',*,*,#1906,.T.);
#2008 = ORIENTED_EDGE('',*,*,#2009,.T.);
#2009 = EDGE_CURVE('',#1909,#1995,#2010,.T.);
#2010 = LINE('',#2011,#2012);
#2011 = CARTESIAN_POINT('',(0.5,-0.4,0.77));
#2012 = VECTOR('',#2013,1.);
#2013 = DIRECTION('',(1.,0.,0.));
#2014 = PLANE('',#2015);
#2015 = AXIS2_PLACEMENT_3D('',#2016,#2017,#2018);
#2016 = CARTESIAN_POINT('',(0.5,-0.4,0.));
#2017 = DIRECTION('',(0.,1.,0.));
#2018 = DIRECTION('',(0.,0.,1.));
#2019 = ADVANCED_FACE('',(#2020),#2039,.T.);
#2020 = FACE_BOUND('',#2021,.T.);
#2021 = EDGE_LOOP('',(#2022,#2023,#2031,#2038));
#2022 = ORIENTED_EDGE('',*,*,#1916,.T.);
#2023 = ORIENTED_EDGE('',*,*,#2024,.T.);
#2024 = EDGE_CURVE('',#1917,#2025,#2027,.T.);
#2025 = VERTEX_POINT('',#2026);
#2026 = CARTESIAN_POINT('',(0.8,-0.37,0.));
#2027 = LINE('',#2028,#2029);
#2028 = CARTESIAN_POINT('',(0.5,-0.37,0.));
#2029 = VECTOR('',#2030,1.);
#2030 = DIRECTION('',(1.,0.,0.));
#2031 = ORIENTED_EDGE('',*,*,#2032,.F.);
#2032 = EDGE_CURVE('',#1993,#2025,#2033,.T.);
#2033 = CIRCLE('',#2034,3.E-02);
#2034 = AXIS2_PLACEMENT_3D('',#2035,#2036,#2037);
#2035 = CARTESIAN_POINT('',(0.8,-0.37,3.E-02));
#2036 = DIRECTION('',(1.,0.,-0.));
#2037 = DIRECTION('',(0.,0.,1.));
#2038 = ORIENTED_EDGE('',*,*,#2002,.F.);
#2039 = CYLINDRICAL_SURFACE('',#2040,3.E-02);
#2040 = AXIS2_PLACEMENT_3D('',#2041,#2042,#2043);
#2041 = CARTESIAN_POINT('',(0.5,-0.37,3.E-02));
#2042 = DIRECTION('',(1.,0.,0.));
#2043 = DIRECTION('',(0.,-1.,0.));
#2044 = ADVANCED_FACE('',(#2045),#2064,.T.);
#2045 = FACE_BOUND('',#2046,.T.);
#2046 = EDGE_LOOP('',(#2047,#2048,#2057,#2063));
#2047 = ORIENTED_EDGE('',*,*,#2009,.T.);
#2048 = ORIENTED_EDGE('',*,*,#2049,.T.);
#2049 = EDGE_CURVE('',#1995,#2050,#2052,.T.);
#2050 = VERTEX_POINT('',#2051);
#2051 = CARTESIAN_POINT('',(0.8,-0.37,0.8));
#2052 = CIRCLE('',#2053,3.E-02);
#2053 = AXIS2_PLACEMENT_3D('',#2054,#2055,#2056);
#2054 = CARTESIAN_POINT('',(0.8,-0.37,0.77));
#2055 = DIRECTION('',(-1.,0.,0.));
#2056 = DIRECTION('',(0.,0.,1.));
#2057 = ORIENTED_EDGE('',*,*,#2058,.F.);
#2058 = EDGE_CURVE('',#1960,#2050,#2059,.T.);
#2059 = LINE('',#2060,#2061);
#2060 = CARTESIAN_POINT('',(0.5,-0.37,0.8));
#2061 = VECTOR('',#2062,1.);
#2062 = DIRECTION('',(1.,0.,0.));
#2063 = ORIENTED_EDGE('',*,*,#1967,.F.);
#2064 = CYLINDRICAL_SURFACE('',#2065,3.E-02);
#2065 = AXIS2_PLACEMENT_3D('',#2066,#2067,#2068);
#2066 = CARTESIAN_POINT('',(0.5,-0.37,0.77));
#2067 = DIRECTION('',(1.,0.,0.));
#2068 = DIRECTION('',(0.,-1.,0.));
#2069 = ADVANCED_FACE('',(#2070),#2088,.F.);
#2070 = FACE_BOUND('',#2071,.F.);
#2071 = EDGE_LOOP('',(#2072,#2073,#2074,#2082));
#2072 = ORIENTED_EDGE('',*,*,#1925,.F.);
#2073 = ORIENTED_EDGE('',*,*,#2024,.T.);
#2074 = ORIENTED_EDGE('',*,*,#2075,.T.);
#2075 = EDGE_CURVE('',#2025,#2076,#2078,.T.);
#2076 = VERTEX_POINT('',#2077);
#2077 = CARTESIAN_POINT('',(0.8,0.37,0.));
#2078 = LINE('',#2079,#2080);
#2079 = CARTESIAN_POINT('',(0.8,-0.4,0.));
#2080 = VECTOR('',#2081,1.);
#2081 = DIRECTION('',(0.,1.,0.));
#2082 = ORIENTED_EDGE('',*,*,#2083,.F.);
#2083 = EDGE_CURVE('',#1926,#2076,#2084,.T.);
#2084 = LINE('',#2085,#2086);
#2085 = CARTESIAN_POINT('',(0.5,0.37,0.));
#2086 = VECTOR('',#2087,1.);
#2087 = DIRECTION('',(1.,0.,0.));
#2088 = PLANE('',#2089);
#2089 = AXIS2_PLACEMENT_3D('',#2090,#2091,#2092);
#2090 = CARTESIAN_POINT('',(0.5,-0.4,0.));
#2091 = DIRECTION('',(0.,0.,1.));
#2092 = DIRECTION('',(1.,0.,0.));
#2093 = ADVANCED_FACE('',(#2094),#2112,.T.);
#2094 = FACE_BOUND('',#2095,.T.);
#2095 = EDGE_LOOP('',(#2096,#2097,#2098,#2106));
#2096 = ORIENTED_EDGE('',*,*,#1959,.F.);
#2097 = ORIENTED_EDGE('',*,*,#2058,.T.);
#2098 = ORIENTED_EDGE('',*,*,#2099,.T.);
#2099 = EDGE_CURVE('',#2050,#2100,#2102,.T.);
#2100 = VERTEX_POINT('',#2101);
#2101 = CARTESIAN_POINT('',(0.8,0.37,0.8));
#2102 = LINE('',#2103,#2104);
#2103 = CARTESIAN_POINT('',(0.8,-0.4,0.8));
#2104 = VECTOR('',#2105,1.);
#2105 = DIRECTION('',(0.,1.,0.));
#2106 = ORIENTED_EDGE('',*,*,#2107,.F.);
#2107 = EDGE_CURVE('',#1951,#2100,#2108,.T.);
#2108 = LINE('',#2109,#2110);
#2109 = CARTESIAN_POINT('',(0.5,0.37,0.8));
#2110 = VECTOR('',#2111,1.);
#2111 = DIRECTION('',(1.,0.,0.));
#2112 = PLANE('',#2113);
#2113 = AXIS2_PLACEMENT_3D('',#2114,#2115,#2116);
#2114 = CARTESIAN_POINT('',(0.5,-0.4,0.8));
#2115 = DIRECTION('',(0.,0.,1.));
#2116 = DIRECTION('',(1.,0.,0.));
#2117 = ADVANCED_FACE('',(#2118),#2137,.T.);
#2118 = FACE_BOUND('',#2119,.T.);
#2119 = EDGE_LOOP('',(#2120,#2128,#2135,#2136));
#2120 = ORIENTED_EDGE('',*,*,#2121,.T.);
#2121 = EDGE_CURVE('',#1934,#2122,#2124,.T.);
#2122 = VERTEX_POINT('',#2123);
#2123 = CARTESIAN_POINT('',(0.8,0.4,3.E-02));
#2124 = LINE('',#2125,#2126);
#2125 = CARTESIAN_POINT('',(0.5,0.4,3.E-02));
#2126 = VECTOR('',#2127,1.);
#2127 = DIRECTION('',(1.,0.,0.));
#2128 = ORIENTED_EDGE('',*,*,#2129,.T.);
#2129 = EDGE_CURVE('',#2122,#2076,#2130,.T.);
#2130 = CIRCLE('',#2131,3.E-02);
#2131 = AXIS2_PLACEMENT_3D('',#2132,#2133,#2134);
#2132 = CARTESIAN_POINT('',(0.8,0.37,3.E-02));
#2133 = DIRECTION('',(-1.,0.,0.));
#2134 = DIRECTION('',(0.,0.,1.));
#2135 = ORIENTED_EDGE('',*,*,#2083,.F.);
#2136 = ORIENTED_EDGE('',*,*,#1933,.F.);
#2137 = CYLINDRICAL_SURFACE('',#2138,3.E-02);
#2138 = AXIS2_PLACEMENT_3D('',#2139,#2140,#2141);
#2139 = CARTESIAN_POINT('',(0.5,0.37,3.E-02));
#2140 = DIRECTION('',(1.,0.,0.));
#2141 = DIRECTION('',(0.,1.,0.));
#2142 = ADVANCED_FACE('',(#2143),#2162,.T.);
#2143 = FACE_BOUND('',#2144,.T.);
#2144 = EDGE_LOOP('',(#2145,#2146,#2147,#2156));
#2145 = ORIENTED_EDGE('',*,*,#1950,.T.);
#2146 = ORIENTED_EDGE('',*,*,#2107,.T.);
#2147 = ORIENTED_EDGE('',*,*,#2148,.F.);
#2148 = EDGE_CURVE('',#2149,#2100,#2151,.T.);
#2149 = VERTEX_POINT('',#2150);
#2150 = CARTESIAN_POINT('',(0.8,0.4,0.77));
#2151 = CIRCLE('',#2152,3.E-02);
#2152 = AXIS2_PLACEMENT_3D('',#2153,#2154,#2155);
#2153 = CARTESIAN_POINT('',(0.8,0.37,0.77));
#2154 = DIRECTION('',(1.,0.,-0.));
#2155 = DIRECTION('',(0.,0.,1.));
#2156 = ORIENTED_EDGE('',*,*,#2157,.F.);
#2157 = EDGE_CURVE('',#1943,#2149,#2158,.T.);
#2158 = LINE('',#2159,#2160);
#2159 = CARTESIAN_POINT('',(0.5,0.4,0.77));
#2160 = VECTOR('',#2161,1.);
#2161 = DIRECTION('',(1.,0.,0.));
#2162 = CYLINDRICAL_SURFACE('',#2163,3.E-02);
#2163 = AXIS2_PLACEMENT_3D('',#2164,#2165,#2166);
#2164 = CARTESIAN_POINT('',(0.5,0.37,0.77));
#2165 = DIRECTION('',(1.,0.,0.));
#2166 = DIRECTION('',(0.,1.,0.));
#2167 = ADVANCED_FACE('',(#2168),#2179,.T.);
#2168 = FACE_BOUND('',#2169,.T.);
#2169 = EDGE_LOOP('',(#2170,#2176,#2177,#2178));
#2170 = ORIENTED_EDGE('',*,*,#2171,.F.);
#2171 = EDGE_CURVE('',#2122,#2149,#2172,.T.);
#2172 = LINE('',#2173,#2174);
#2173 = CARTESIAN_POINT('',(0.8,0.4,0.));
#2174 = VECTOR('',#2175,1.);
#2175 = DIRECTION('',(0.,0.,1.));
#2176 = ORIENTED_EDGE('',*,*,#2121,.F.);
#2177 = ORIENTED_EDGE('',*,*,#1942,.T.);
#2178 = ORIENTED_EDGE('',*,*,#2157,.T.);
#2179 = PLANE('',#2180);
#2180 = AXIS2_PLACEMENT_3D('',#2181,#2182,#2183);
#2181 = CARTESIAN_POINT('',(0.5,0.4,0.));
#2182 = DIRECTION('',(0.,1.,0.));
#2183 = DIRECTION('',(0.,0.,1.));
#2184 = ADVANCED_FACE('',(#2185),#2195,.T.);
#2185 = FACE_BOUND('',#2186,.T.);
#2186 = EDGE_LOOP('',(#2187,#2188,#2189,#2190,#2191,#2192,#2193,#2194));
#2187 = ORIENTED_EDGE('',*,*,#1992,.F.);
#2188 = ORIENTED_EDGE('',*,*,#2032,.T.);
#2189 = ORIENTED_EDGE('',*,*,#2075,.T.);
#2190 = ORIENTED_EDGE('',*,*,#2129,.F.);
#2191 = ORIENTED_EDGE('',*,*,#2171,.T.);
#2192 = ORIENTED_EDGE('',*,*,#2148,.T.);
#2193 = ORIENTED_EDGE('',*,*,#2099,.F.);
#2194 = ORIENTED_EDGE('',*,*,#2049,.F.);
#2195 = PLANE('',#2196);
#2196 = AXIS2_PLACEMENT_3D('',#2197,#2198,#2199);
#2197 = CARTESIAN_POINT('',(0.8,-0.4,0.));
#2198 = DIRECTION('',(1.,0.,0.));
#2199 = DIRECTION('',(0.,0.,1.));
#2200 = ( GEOMETRIC_REPRESENTATION_CONTEXT(3) 
GLOBAL_UNCERTAINTY_ASSIGNED_CONTEXT((#2204)) 
GLOBAL_UNIT_ASSIGNED_CONTEXT((#2201,#2202,#2203)) REPRESENTATION_CONTEXT
('Context #1','3D Context with UNIT and UNCERTAINTY') );
#2201 = ( LENGTH_UNIT() NAMED_UNIT(*) SI_UNIT(.MILLI.,.METRE.) );
#2202 = ( NAMED_UNIT(*) PLANE_ANGLE_UNIT() SI_UNIT($,.RADIAN.) );
#2203 = ( NAMED_UNIT(*) SI_UNIT($,.STERADIAN.) SOLID_ANGLE_UNIT() );
#2204 = UNCERTAINTY_MEASURE_WITH_UNIT(LENGTH_MEASURE(1.E-07),#2201,
  'distance_accuracy_value','confusion accuracy');
#2205 = CONTEXT_DEPENDENT_SHAPE_REPRESENTATION(#2206,#2208);
#2206 = ( REPRESENTATION_RELATIONSHIP('','',#1345,#485) 
REPRESENTATION_RELATIONSHIP_WITH_TRANSFORMATION(#2207) 
SHAPE_REPRESENTATION_RELATIONSHIP() );
#2207 = ITEM_DEFINED_TRANSFORMATION('','',#11,#490);
#2208 = PRODUCT_DEFINITION_SHAPE('Placement','Placement of an item',
  #2209);
#2209 = NEXT_ASSEMBLY_USAGE_OCCURRENCE('16',
  'C3_C_0603_1608Metric_82716ab082e1','',#480,#1340,$);
#2210 = PRODUCT_RELATED_PRODUCT_CATEGORY('part',$,(#1342));
#2211 = CONTEXT_DEPENDENT_SHAPE_REPRESENTATION(#2212,#2214);
#2212 = ( REPRESENTATION_RELATIONSHIP('','',#1345,#485) 
REPRESENTATION_RELATIONSHIP_WITH_TRANSFORMATION(#2213) 
SHAPE_REPRESENTATION_RELATIONSHIP() );
#2213 = ITEM_DEFINED_TRANSFORMATION('','',#11,#494);
#2214 = PRODUCT_DEFINITION_SHAPE('Placement','Placement of an item',
  #2215);
#2215 = NEXT_ASSEMBLY_USAGE_OCCURRENCE('17',
  'C2_C_0603_1608Metric_9aa9cdc60fab','',#480,#1340,$);
#2216 = CONTEXT_DEPENDENT_SHAPE_REPRESENTATION(#2217,#2219);
#2217 = ( REPRESENTATION_RELATIONSHIP('','',#536,#485) 
REPRESENTATION_RELATIONSHIP_WITH_TRANSFORMATION(#2218) 
SHAPE_REPRESENTATION_RELATIONSHIP() );
#2218 = ITEM_DEFINED_TRANSFORMATION('','',#11,#498);
#2219 = PRODUCT_DEFINITION_SHAPE('Placement','Placement of an item',
  #2220);
#2220 = NEXT_ASSEMBLY_USAGE_OCCURRENCE('18',
  'R2_R_0603_1608Metric_222a10fe505f','',#480,#531,$);
#2221 = SHAPE_DEFINITION_REPRESENTATION(#2222,#2228);
#2222 = PRODUCT_DEFINITION_SHAPE('','',#2223);
#2223 = PRODUCT_DEFINITION('design','',#2224,#2227);
#2224 = PRODUCT_DEFINITION_FORMATION('','',#2225);
#2225 = PRODUCT('J2_PinSocket_1x04_P2.00mm_Vertical_e8b5f1b2761a',
  'J2_PinSocket_1x04_P2.00mm_Vertical_e8b5f1b2761a','',(#2226));
#2226 = PRODUCT_CONTEXT('',#2,'mechanical');
#2227 = PRODUCT_DEFINITION_CONTEXT('part definition',#2,'design');
#2228 = ADVANCED_BREP_SHAPE_REPRESENTATION('',(#11,#2229),#5615);
#2229 = MANIFOLD_SOLID_BREP('',#2230);
#2230 = CLOSED_SHELL('',(#2231,#2271,#2334,#2397,#2414,#2567,#2589,#2606
    ,#2887,#2899,#2911,#2942,#2966,#2990,#3007,#3038,#3062,#3086,#3103,
    #3134,#3158,#3182,#3199,#3230,#3254,#3278,#3295,#3312,#3359,#3376,
    #3423,#3440,#3487,#3504,#3551,#3568,#3615,#3632,#3679,#3696,#3743,
    #3760,#3807,#3838,#3894,#3918,#3967,#3998,#4054,#4078,#4127,#4158,
    #4214,#4238,#4287,#4318,#4374,#4398,#4447,#4464,#4481,#4498,#4515,
    #4527,#4544,#4561,#4578,#4595,#4607,#4624,#4641,#4658,#4675,#4687,
    #4704,#4721,#4738,#4755,#4767,#4784,#4801,#4850,#4874,#4916,#4933,
    #4950,#4967,#5016,#5040,#5082,#5099,#5116,#5133,#5182,#5206,#5248,
    #5265,#5282,#5299,#5348,#5372,#5414,#5431,#5448,#5465,#5477,#5494,
    #5511,#5523,#5540,#5557,#5569,#5586,#5603));
#2231 = ADVANCED_FACE('',(#2232),#2266,.F.);
#2232 = FACE_BOUND('',#2233,.F.);
#2233 = EDGE_LOOP('',(#2234,#2244,#2252,#2260));
#2234 = ORIENTED_EDGE('',*,*,#2235,.T.);
#2235 = EDGE_CURVE('',#2236,#2238,#2240,.T.);
#2236 = VERTEX_POINT('',#2237);
#2237 = CARTESIAN_POINT('',(1.,-7.,0.));
#2238 = VERTEX_POINT('',#2239);
#2239 = CARTESIAN_POINT('',(1.,-7.,5.6));
#2240 = LINE('',#2241,#2242);
#2241 = CARTESIAN_POINT('',(1.,-7.,0.));
#2242 = VECTOR('',#2243,1.);
#2243 = DIRECTION('',(0.,0.,1.));
#2244 = ORIENTED_EDGE('',*,*,#2245,.T.);
#2245 = EDGE_CURVE('',#2238,#2246,#2248,.T.);
#2246 = VERTEX_POINT('',#2247);
#2247 = CARTESIAN_POINT('',(1.,1.,5.6));
#2248 = LINE('',#2249,#2250);
#2249 = CARTESIAN_POINT('',(1.,-7.,5.6));
#2250 = VECTOR('',#2251,1.);
#2251 = DIRECTION('',(1.110223024625E-16,1.,0.));
#2252 = ORIENTED_EDGE('',*,*,#2253,.F.);
#2253 = EDGE_CURVE('',#2254,#2246,#2256,.T.);
#2254 = VERTEX_POINT('',#2255);
#2255 = CARTESIAN_POINT('',(1.,1.,0.));
#2256 = LINE('',#2257,#2258);
#2257 = CARTESIAN_POINT('',(1.,1.,0.));
#2258 = VECTOR('',#2259,1.);
#2259 = DIRECTION('',(0.,0.,1.));
#2260 = ORIENTED_EDGE('',*,*,#2261,.F.);
#2261 = EDGE_CURVE('',#2236,#2254,#2262,.T.);
#2262 = LINE('',#2263,#2264);
#2263 = CARTESIAN_POINT('',(1.,-7.,0.));
#2264 = VECTOR('',#2265,1.);
#2265 = DIRECTION('',(1.110223024625E-16,1.,0.));
#2266 = PLANE('',#2267);
#2267 = AXIS2_PLACEMENT_3D('',#2268,#2269,#2270);
#2268 = CARTESIAN_POINT('',(1.,-7.,0.));
#2269 = DIRECTION('',(-1.,1.110223024625E-16,0.));
#2270 = DIRECTION('',(1.110223024625E-16,1.,0.));
#2271 = ADVANCED_FACE('',(#2272),#2329,.F.);
#2272 = FACE_BOUND('',#2273,.F.);
#2273 = EDGE_LOOP('',(#2274,#2284,#2292,#2298,#2299,#2307,#2315,#2323));
#2274 = ORIENTED_EDGE('',*,*,#2275,.F.);
#2275 = EDGE_CURVE('',#2276,#2278,#2280,.T.);
#2276 = VERTEX_POINT('',#2277);
#2277 = CARTESIAN_POINT('',(-1.,-7.,0.));
#2278 = VERTEX_POINT('',#2279);
#2279 = CARTESIAN_POINT('',(-0.666666666667,-7.,0.));
#2280 = LINE('',#2281,#2282);
#2281 = CARTESIAN_POINT('',(-1.,-7.,0.));
#2282 = VECTOR('',#2283,1.);
#2283 = DIRECTION('',(1.,-1.110223024625E-16,0.));
#2284 = ORIENTED_EDGE('',*,*,#2285,.T.);
#2285 = EDGE_CURVE('',#2276,#2286,#2288,.T.);
#2286 = VERTEX_POINT('',#2287);
#2287 = CARTESIAN_POINT('',(-1.,-7.,5.6));
#2288 = LINE('',#2289,#2290);
#2289 = CARTESIAN_POINT('',(-1.,-7.,0.));
#2290 = VECTOR('',#2291,1.);
#2291 = DIRECTION('',(0.,0.,1.));
#2292 = ORIENTED_EDGE('',*,*,#2293,.T.);
#2293 = EDGE_CURVE('',#2286,#2238,#2294,.T.);
#2294 = LINE('',#2295,#2296);
#2295 = CARTESIAN_POINT('',(-1.,-7.,5.6));
#2296 = VECTOR('',#2297,1.);
#2297 = DIRECTION('',(1.,-1.110223024625E-16,0.));
#2298 = ORIENTED_EDGE('',*,*,#2235,.F.);
#2299 = ORIENTED_EDGE('',*,*,#2300,.F.);
#2300 = EDGE_CURVE('',#2301,#2236,#2303,.T.);
#2301 = VERTEX_POINT('',#2302);
#2302 = CARTESIAN_POINT('',(0.666666666667,-7.,0.));
#2303 = LINE('',#2304,#2305);
#2304 = CARTESIAN_POINT('',(-1.,-7.,0.));
#2305 = VECTOR('',#2306,1.);
#2306 = DIRECTION('',(1.,-1.110223024625E-16,0.));
#2307 = ORIENTED_EDGE('',*,*,#2308,.T.);
#2308 = EDGE_CURVE('',#2301,#2309,#2311,.T.);
#2309 = VERTEX_POINT('',#2310);
#2310 = CARTESIAN_POINT('',(0.666666666667,-7.,0.2));
#2311 = LINE('',#2312,#2313);
#2312 = CARTESIAN_POINT('',(0.666666666667,-7.,0.));
#2313 = VECTOR('',#2314,1.);
#2314 = DIRECTION('',(0.,0.,1.));
#2315 = ORIENTED_EDGE('',*,*,#2316,.F.);
#2316 = EDGE_CURVE('',#2317,#2309,#2319,.T.);
#2317 = VERTEX_POINT('',#2318);
#2318 = CARTESIAN_POINT('',(-0.666666666667,-7.,0.2));
#2319 = LINE('',#2320,#2321);
#2320 = CARTESIAN_POINT('',(-0.666666666667,-7.,0.2));
#2321 = VECTOR('',#2322,1.);
#2322 = DIRECTION('',(1.,-1.110223024625E-16,0.));
#2323 = ORIENTED_EDGE('',*,*,#2324,.F.);
#2324 = EDGE_CURVE('',#2278,#2317,#2325,.T.);
#2325 = LINE('',#2326,#2327);
#2326 = CARTESIAN_POINT('',(-0.666666666667,-7.,0.));
#2327 = VECTOR('',#2328,1.);
#2328 = DIRECTION('',(0.,0.,1.));
#2329 = PLANE('',#2330);
#2330 = AXIS2_PLACEMENT_3D('',#2331,#2332,#2333);
#2331 = CARTESIAN_POINT('',(-1.,-7.,0.));
#2332 = DIRECTION('',(1.110223024625E-16,1.,0.));
#2333 = DIRECTION('',(1.,-1.110223024625E-16,0.));
#2334 = ADVANCED_FACE('',(#2335),#2392,.F.);
#2335 = FACE_BOUND('',#2336,.F.);
#2336 = EDGE_LOOP('',(#2337,#2345,#2346,#2354,#2362,#2370,#2378,#2386));
#2337 = ORIENTED_EDGE('',*,*,#2338,.F.);
#2338 = EDGE_CURVE('',#2254,#2339,#2341,.T.);
#2339 = VERTEX_POINT('',#2340);
#2340 = CARTESIAN_POINT('',(0.666666666667,1.,0.));
#2341 = LINE('',#2342,#2343);
#2342 = CARTESIAN_POINT('',(1.,1.,0.));
#2343 = VECTOR('',#2344,1.);
#2344 = DIRECTION('',(-1.,1.110223024625E-16,0.));
#2345 = ORIENTED_EDGE('',*,*,#2253,.T.);
#2346 = ORIENTED_EDGE('',*,*,#2347,.T.);
#2347 = EDGE_CURVE('',#2246,#2348,#2350,.T.);
#2348 = VERTEX_POINT('',#2349);
#2349 = CARTESIAN_POINT('',(-1.,1.,5.6));
#2350 = LINE('',#2351,#2352);
#2351 = CARTESIAN_POINT('',(1.,1.,5.6));
#2352 = VECTOR('',#2353,1.);
#2353 = DIRECTION('',(-1.,1.110223024625E-16,0.));
#2354 = ORIENTED_EDGE('',*,*,#2355,.F.);
#2355 = EDGE_CURVE('',#2356,#2348,#2358,.T.);
#2356 = VERTEX_POINT('',#2357);
#2357 = CARTESIAN_POINT('',(-1.,1.,0.));
#2358 = LINE('',#2359,#2360);
#2359 = CARTESIAN_POINT('',(-1.,1.,0.));
#2360 = VECTOR('',#2361,1.);
#2361 = DIRECTION('',(0.,0.,1.));
#2362 = ORIENTED_EDGE('',*,*,#2363,.F.);
#2363 = EDGE_CURVE('',#2364,#2356,#2366,.T.);
#2364 = VERTEX_POINT('',#2365);
#2365 = CARTESIAN_POINT('',(-0.666666666667,1.,0.));
#2366 = LINE('',#2367,#2368);
#2367 = CARTESIAN_POINT('',(1.,1.,0.));
#2368 = VECTOR('',#2369,1.);
#2369 = DIRECTION('',(-1.,1.110223024625E-16,0.));
#2370 = ORIENTED_EDGE('',*,*,#2371,.T.);
#2371 = EDGE_CURVE('',#2364,#2372,#2374,.T.);
#2372 = VERTEX_POINT('',#2373);
#2373 = CARTESIAN_POINT('',(-0.666666666667,1.,0.2));
#2374 = LINE('',#2375,#2376);
#2375 = CARTESIAN_POINT('',(-0.666666666667,1.,0.));
#2376 = VECTOR('',#2377,1.);
#2377 = DIRECTION('',(0.,0.,1.));
#2378 = ORIENTED_EDGE('',*,*,#2379,.F.);
#2379 = EDGE_CURVE('',#2380,#2372,#2382,.T.);
#2380 = VERTEX_POINT('',#2381);
#2381 = CARTESIAN_POINT('',(0.666666666667,1.,0.2));
#2382 = LINE('',#2383,#2384);
#2383 = CARTESIAN_POINT('',(0.666666666667,1.,0.2));
#2384 = VECTOR('',#2385,1.);
#2385 = DIRECTION('',(-1.,1.110223024625E-16,0.));
#2386 = ORIENTED_EDGE('',*,*,#2387,.F.);
#2387 = EDGE_CURVE('',#2339,#2380,#2388,.T.);
#2388 = LINE('',#2389,#2390);
#2389 = CARTESIAN_POINT('',(0.666666666667,1.,0.));
#2390 = VECTOR('',#2391,1.);
#2391 = DIRECTION('',(0.,0.,1.));
#2392 = PLANE('',#2393);
#2393 = AXIS2_PLACEMENT_3D('',#2394,#2395,#2396);
#2394 = CARTESIAN_POINT('',(1.,1.,0.));
#2395 = DIRECTION('',(-1.110223024625E-16,-1.,0.));
#2396 = DIRECTION('',(-1.,1.110223024625E-16,0.));
#2397 = ADVANCED_FACE('',(#2398),#2409,.F.);
#2398 = FACE_BOUND('',#2399,.F.);
#2399 = EDGE_LOOP('',(#2400,#2401,#2402,#2403));
#2400 = ORIENTED_EDGE('',*,*,#2300,.T.);
#2401 = ORIENTED_EDGE('',*,*,#2261,.T.);
#2402 = ORIENTED_EDGE('',*,*,#2338,.T.);
#2403 = ORIENTED_EDGE('',*,*,#2404,.F.);
#2404 = EDGE_CURVE('',#2301,#2339,#2405,.T.);
#2405 = LINE('',#2406,#2407);
#2406 = CARTESIAN_POINT('',(0.666666666667,-7.,0.));
#2407 = VECTOR('',#2408,1.);
#2408 = DIRECTION('',(1.110223024625E-16,1.,0.));
#2409 = PLANE('',#2410);
#2410 = AXIS2_PLACEMENT_3D('',#2411,#2412,#2413);
#2411 = CARTESIAN_POINT('',(-3.053113317719E-16,-3.,0.));
#2412 = DIRECTION('',(0.,0.,1.));
#2413 = DIRECTION('',(1.110223024625E-16,1.,0.));
#2414 = ADVANCED_FACE('',(#2415,#2426,#2460,#2494,#2528),#2562,.T.);
#2415 = FACE_BOUND('',#2416,.T.);
#2416 = EDGE_LOOP('',(#2417,#2418,#2419,#2425));
#2417 = ORIENTED_EDGE('',*,*,#2245,.T.);
#2418 = ORIENTED_EDGE('',*,*,#2347,.T.);
#2419 = ORIENTED_EDGE('',*,*,#2420,.T.);
#2420 = EDGE_CURVE('',#2348,#2286,#2421,.T.);
#2421 = LINE('',#2422,#2423);
#2422 = CARTESIAN_POINT('',(-1.,1.,5.6));
#2423 = VECTOR('',#2424,1.);
#2424 = DIRECTION('',(-1.110223024625E-16,-1.,0.));
#2425 = ORIENTED_EDGE('',*,*,#2293,.T.);
#2426 = FACE_BOUND('',#2427,.T.);
#2427 = EDGE_LOOP('',(#2428,#2438,#2446,#2454));
#2428 = ORIENTED_EDGE('',*,*,#2429,.F.);
#2429 = EDGE_CURVE('',#2430,#2432,#2434,.T.);
#2430 = VERTEX_POINT('',#2431);
#2431 = CARTESIAN_POINT('',(0.6,-6.6,5.6));
#2432 = VERTEX_POINT('',#2433);
#2433 = CARTESIAN_POINT('',(0.6,-5.4,5.6));
#2434 = LINE('',#2435,#2436);
#2435 = CARTESIAN_POINT('',(0.6,-6.6,5.6));
#2436 = VECTOR('',#2437,1.);
#2437 = DIRECTION('',(1.110223024625E-16,1.,0.));
#2438 = ORIENTED_EDGE('',*,*,#2439,.F.);
#2439 = EDGE_CURVE('',#2440,#2430,#2442,.T.);
#2440 = VERTEX_POINT('',#2441);
#2441 = CARTESIAN_POINT('',(-0.6,-6.6,5.6));
#2442 = LINE('',#2443,#2444);
#2443 = CARTESIAN_POINT('',(-0.6,-6.6,5.6));
#2444 = VECTOR('',#2445,1.);
#2445 = DIRECTION('',(1.,-1.110223024625E-16,0.));
#2446 = ORIENTED_EDGE('',*,*,#2447,.F.);
#2447 = EDGE_CURVE('',#2448,#2440,#2450,.T.);
#2448 = VERTEX_POINT('',#2449);
#2449 = CARTESIAN_POINT('',(-0.6,-5.4,5.6));
#2450 = LINE('',#2451,#2452);
#2451 = CARTESIAN_POINT('',(-0.6,-5.4,5.6));
#2452 = VECTOR('',#2453,1.);
#2453 = DIRECTION('',(-1.110223024625E-16,-1.,0.));
#2454 = ORIENTED_EDGE('',*,*,#2455,.F.);
#2455 = EDGE_CURVE('',#2432,#2448,#2456,.T.);
#2456 = LINE('',#2457,#2458);
#2457 = CARTESIAN_POINT('',(0.6,-5.4,5.6));
#2458 = VECTOR('',#2459,1.);
#2459 = DIRECTION('',(-1.,1.110223024625E-16,0.));
#2460 = FACE_BOUND('',#2461,.T.);
#2461 = EDGE_LOOP('',(#2462,#2472,#2480,#2488));
#2462 = ORIENTED_EDGE('',*,*,#2463,.F.);
#2463 = EDGE_CURVE('',#2464,#2466,#2468,.T.);
#2464 = VERTEX_POINT('',#2465);
#2465 = CARTESIAN_POINT('',(0.6,-4.6,5.6));
#2466 = VERTEX_POINT('',#2467);
#2467 = CARTESIAN_POINT('',(0.6,-3.4,5.6));
#2468 = LINE('',#2469,#2470);
#2469 = CARTESIAN_POINT('',(0.6,-4.6,5.6));
#2470 = VECTOR('',#2471,1.);
#2471 = DIRECTION('',(1.110223024625E-16,1.,0.));
#2472 = ORIENTED_EDGE('',*,*,#2473,.F.);
#2473 = EDGE_CURVE('',#2474,#2464,#2476,.T.);
#2474 = VERTEX_POINT('',#2475);
#2475 = CARTESIAN_POINT('',(-0.6,-4.6,5.6));
#2476 = LINE('',#2477,#2478);
#2477 = CARTESIAN_POINT('',(-0.6,-4.6,5.6));
#2478 = VECTOR('',#2479,1.);
#2479 = DIRECTION('',(1.,-1.110223024625E-16,0.));
#2480 = ORIENTED_EDGE('',*,*,#2481,.F.);
#2481 = EDGE_CURVE('',#2482,#2474,#2484,.T.);
#2482 = VERTEX_POINT('',#2483);
#2483 = CARTESIAN_POINT('',(-0.6,-3.4,5.6));
#2484 = LINE('',#2485,#2486);
#2485 = CARTESIAN_POINT('',(-0.6,-3.4,5.6));
#2486 = VECTOR('',#2487,1.);
#2487 = DIRECTION('',(-1.110223024625E-16,-1.,0.));
#2488 = ORIENTED_EDGE('',*,*,#2489,.F.);
#2489 = EDGE_CURVE('',#2466,#2482,#2490,.T.);
#2490 = LINE('',#2491,#2492);
#2491 = CARTESIAN_POINT('',(0.6,-3.4,5.6));
#2492 = VECTOR('',#2493,1.);
#2493 = DIRECTION('',(-1.,1.110223024625E-16,0.));
#2494 = FACE_BOUND('',#2495,.T.);
#2495 = EDGE_LOOP('',(#2496,#2506,#2514,#2522));
#2496 = ORIENTED_EDGE('',*,*,#2497,.F.);
#2497 = EDGE_CURVE('',#2498,#2500,#2502,.T.);
#2498 = VERTEX_POINT('',#2499);
#2499 = CARTESIAN_POINT('',(0.6,-2.6,5.6));
#2500 = VERTEX_POINT('',#2501);
#2501 = CARTESIAN_POINT('',(0.6,-1.4,5.6));
#2502 = LINE('',#2503,#2504);
#2503 = CARTESIAN_POINT('',(0.6,-2.6,5.6));
#2504 = VECTOR('',#2505,1.);
#2505 = DIRECTION('',(1.110223024625E-16,1.,0.));
#2506 = ORIENTED_EDGE('',*,*,#2507,.F.);
#2507 = EDGE_CURVE('',#2508,#2498,#2510,.T.);
#2508 = VERTEX_POINT('',#2509);
#2509 = CARTESIAN_POINT('',(-0.6,-2.6,5.6));
#2510 = LINE('',#2511,#2512);
#2511 = CARTESIAN_POINT('',(-0.6,-2.6,5.6));
#2512 = VECTOR('',#2513,1.);
#2513 = DIRECTION('',(1.,-1.110223024625E-16,0.));
#2514 = ORIENTED_EDGE('',*,*,#2515,.F.);
#2515 = EDGE_CURVE('',#2516,#2508,#2518,.T.);
#2516 = VERTEX_POINT('',#2517);
#2517 = CARTESIAN_POINT('',(-0.6,-1.4,5.6));
#2518 = LINE('',#2519,#2520);
#2519 = CARTESIAN_POINT('',(-0.6,-1.4,5.6));
#2520 = VECTOR('',#2521,1.);
#2521 = DIRECTION('',(-1.110223024625E-16,-1.,0.));
#2522 = ORIENTED_EDGE('',*,*,#2523,.F.);
#2523 = EDGE_CURVE('',#2500,#2516,#2524,.T.);
#2524 = LINE('',#2525,#2526);
#2525 = CARTESIAN_POINT('',(0.6,-1.4,5.6));
#2526 = VECTOR('',#2527,1.);
#2527 = DIRECTION('',(-1.,1.110223024625E-16,0.));
#2528 = FACE_BOUND('',#2529,.T.);
#2529 = EDGE_LOOP('',(#2530,#2540,#2548,#2556));
#2530 = ORIENTED_EDGE('',*,*,#2531,.F.);
#2531 = EDGE_CURVE('',#2532,#2534,#2536,.T.);
#2532 = VERTEX_POINT('',#2533);
#2533 = CARTESIAN_POINT('',(0.6,-0.6,5.6));
#2534 = VERTEX_POINT('',#2535);
#2535 = CARTESIAN_POINT('',(0.6,0.6,5.6));
#2536 = LINE('',#2537,#2538);
#2537 = CARTESIAN_POINT('',(0.6,-0.6,5.6));
#2538 = VECTOR('',#2539,1.);
#2539 = DIRECTION('',(1.110223024625E-16,1.,0.));
#2540 = ORIENTED_EDGE('',*,*,#2541,.F.);
#2541 = EDGE_CURVE('',#2542,#2532,#2544,.T.);
#2542 = VERTEX_POINT('',#2543);
#2543 = CARTESIAN_POINT('',(-0.6,-0.6,5.6));
#2544 = LINE('',#2545,#2546);
#2545 = CARTESIAN_POINT('',(-0.6,-0.6,5.6));
#2546 = VECTOR('',#2547,1.);
#2547 = DIRECTION('',(1.,-1.110223024625E-16,0.));
#2548 = ORIENTED_EDGE('',*,*,#2549,.F.);
#2549 = EDGE_CURVE('',#2550,#2542,#2552,.T.);
#2550 = VERTEX_POINT('',#2551);
#2551 = CARTESIAN_POINT('',(-0.6,0.6,5.6));
#2552 = LINE('',#2553,#2554);
#2553 = CARTESIAN_POINT('',(-0.6,0.6,5.6));
#2554 = VECTOR('',#2555,1.);
#2555 = DIRECTION('',(-1.110223024625E-16,-1.,0.));
#2556 = ORIENTED_EDGE('',*,*,#2557,.F.);
#2557 = EDGE_CURVE('',#2534,#2550,#2558,.T.);
#2558 = LINE('',#2559,#2560);
#2559 = CARTESIAN_POINT('',(0.6,0.6,5.6));
#2560 = VECTOR('',#2561,1.);
#2561 = DIRECTION('',(-1.,1.110223024625E-16,0.));
#2562 = PLANE('',#2563);
#2563 = AXIS2_PLACEMENT_3D('',#2564,#2565,#2566);
#2564 = CARTESIAN_POINT('',(-3.053113317719E-16,-3.,5.6));
#2565 = DIRECTION('',(0.,0.,1.));
#2566 = DIRECTION('',(1.110223024625E-16,1.,0.));
#2567 = ADVANCED_FACE('',(#2568),#2584,.F.);
#2568 = FACE_BOUND('',#2569,.F.);
#2569 = EDGE_LOOP('',(#2570,#2571,#2577,#2578));
#2570 = ORIENTED_EDGE('',*,*,#2275,.T.);
#2571 = ORIENTED_EDGE('',*,*,#2572,.F.);
#2572 = EDGE_CURVE('',#2364,#2278,#2573,.T.);
#2573 = LINE('',#2574,#2575);
#2574 = CARTESIAN_POINT('',(-0.666666666667,1.,0.));
#2575 = VECTOR('',#2576,1.);
#2576 = DIRECTION('',(-1.110223024625E-16,-1.,0.));
#2577 = ORIENTED_EDGE('',*,*,#2363,.T.);
#2578 = ORIENTED_EDGE('',*,*,#2579,.T.);
#2579 = EDGE_CURVE('',#2356,#2276,#2580,.T.);
#2580 = LINE('',#2581,#2582);
#2581 = CARTESIAN_POINT('',(-1.,1.,0.));
#2582 = VECTOR('',#2583,1.);
#2583 = DIRECTION('',(-1.110223024625E-16,-1.,0.));
#2584 = PLANE('',#2585);
#2585 = AXIS2_PLACEMENT_3D('',#2586,#2587,#2588);
#2586 = CARTESIAN_POINT('',(-3.053113317719E-16,-3.,0.));
#2587 = DIRECTION('',(0.,0.,1.));
#2588 = DIRECTION('',(1.110223024625E-16,1.,0.));
#2589 = ADVANCED_FACE('',(#2590),#2601,.T.);
#2590 = FACE_BOUND('',#2591,.T.);
#2591 = EDGE_LOOP('',(#2592,#2593,#2599,#2600));
#2592 = ORIENTED_EDGE('',*,*,#2371,.T.);
#2593 = ORIENTED_EDGE('',*,*,#2594,.T.);
#2594 = EDGE_CURVE('',#2372,#2317,#2595,.T.);
#2595 = LINE('',#2596,#2597);
#2596 = CARTESIAN_POINT('',(-0.666666666667,1.,0.2));
#2597 = VECTOR('',#2598,1.);
#2598 = DIRECTION('',(-1.110223024625E-16,-1.,0.));
#2599 = ORIENTED_EDGE('',*,*,#2324,.F.);
#2600 = ORIENTED_EDGE('',*,*,#2572,.F.);
#2601 = PLANE('',#2602);
#2602 = AXIS2_PLACEMENT_3D('',#2603,#2604,#2605);
#2603 = CARTESIAN_POINT('',(-0.666666666667,1.,0.));
#2604 = DIRECTION('',(1.,-1.110223024625E-16,0.));
#2605 = DIRECTION('',(-1.110223024625E-16,-1.,0.));
#2606 = ADVANCED_FACE('',(#2607,#2618,#2684,#2750,#2816),#2882,.F.);
#2607 = FACE_BOUND('',#2608,.F.);
#2608 = EDGE_LOOP('',(#2609,#2615,#2616,#2617));
#2609 = ORIENTED_EDGE('',*,*,#2610,.T.);
#2610 = EDGE_CURVE('',#2309,#2380,#2611,.T.);
#2611 = LINE('',#2612,#2613);
#2612 = CARTESIAN_POINT('',(0.666666666667,-7.,0.2));
#2613 = VECTOR('',#2614,1.);
#2614 = DIRECTION('',(1.110223024625E-16,1.,0.));
#2615 = ORIENTED_EDGE('',*,*,#2379,.T.);
#2616 = ORIENTED_EDGE('',*,*,#2594,.T.);
#2617 = ORIENTED_EDGE('',*,*,#2316,.T.);
#2618 = FACE_BOUND('',#2619,.F.);
#2619 = EDGE_LOOP('',(#2620,#2630,#2638,#2646,#2654,#2662,#2670,#2678));
#2620 = ORIENTED_EDGE('',*,*,#2621,.F.);
#2621 = EDGE_CURVE('',#2622,#2624,#2626,.T.);
#2622 = VERTEX_POINT('',#2623);
#2623 = CARTESIAN_POINT('',(-0.1,-6.45,0.2));
#2624 = VERTEX_POINT('',#2625);
#2625 = CARTESIAN_POINT('',(0.1,-6.45,0.2));
#2626 = LINE('',#2627,#2628);
#2627 = CARTESIAN_POINT('',(-0.1,-6.45,0.2));
#2628 = VECTOR('',#2629,1.);
#2629 = DIRECTION('',(1.,-1.110223024625E-16,0.));
#2630 = ORIENTED_EDGE('',*,*,#2631,.T.);
#2631 = EDGE_CURVE('',#2622,#2632,#2634,.T.);
#2632 = VERTEX_POINT('',#2633);
#2633 = CARTESIAN_POINT('',(-0.1,-6.3,0.2));
#2634 = LINE('',#2635,#2636);
#2635 = CARTESIAN_POINT('',(-0.1,-6.45,0.2));
#2636 = VECTOR('',#2637,1.);
#2637 = DIRECTION('',(1.110223024625E-16,1.,0.));
#2638 = ORIENTED_EDGE('',*,*,#2639,.F.);
#2639 = EDGE_CURVE('',#2640,#2632,#2642,.T.);
#2640 = VERTEX_POINT('',#2641);
#2641 = CARTESIAN_POINT('',(-0.1,-5.7,0.2));
#2642 = LINE('',#2643,#2644);
#2643 = CARTESIAN_POINT('',(-0.1,-4.5,0.2));
#2644 = VECTOR('',#2645,1.);
#2645 = DIRECTION('',(-1.110223024625E-16,-1.,0.));
#2646 = ORIENTED_EDGE('',*,*,#2647,.T.);
#2647 = EDGE_CURVE('',#2640,#2648,#2650,.T.);
#2648 = VERTEX_POINT('',#2649);
#2649 = CARTESIAN_POINT('',(-0.1,-5.55,0.2));
#2650 = LINE('',#2651,#2652);
#2651 = CARTESIAN_POINT('',(-0.1,-6.45,0.2));
#2652 = VECTOR('',#2653,1.);
#2653 = DIRECTION('',(1.110223024625E-16,1.,0.));
#2654 = ORIENTED_EDGE('',*,*,#2655,.T.);
#2655 = EDGE_CURVE('',#2648,#2656,#2658,.T.);
#2656 = VERTEX_POINT('',#2657);
#2657 = CARTESIAN_POINT('',(0.1,-5.55,0.2));
#2658 = LINE('',#2659,#2660);
#2659 = CARTESIAN_POINT('',(-0.1,-5.55,0.2));
#2660 = VECTOR('',#2661,1.);
#2661 = DIRECTION('',(1.,-1.110223024625E-16,0.));
#2662 = ORIENTED_EDGE('',*,*,#2663,.T.);
#2663 = EDGE_CURVE('',#2656,#2664,#2666,.T.);
#2664 = VERTEX_POINT('',#2665);
#2665 = CARTESIAN_POINT('',(0.1,-5.7,0.2));
#2666 = LINE('',#2667,#2668);
#2667 = CARTESIAN_POINT('',(0.1,-5.55,0.2));
#2668 = VECTOR('',#2669,1.);
#2669 = DIRECTION('',(-1.110223024625E-16,-1.,0.));
#2670 = ORIENTED_EDGE('',*,*,#2671,.T.);
#2671 = EDGE_CURVE('',#2664,#2672,#2674,.T.);
#2672 = VERTEX_POINT('',#2673);
#2673 = CARTESIAN_POINT('',(0.1,-6.3,0.2));
#2674 = LINE('',#2675,#2676);
#2675 = CARTESIAN_POINT('',(0.1,-4.5,0.2));
#2676 = VECTOR('',#2677,1.);
#2677 = DIRECTION('',(-1.110223024625E-16,-1.,0.));
#2678 = ORIENTED_EDGE('',*,*,#2679,.T.);
#2679 = EDGE_CURVE('',#2672,#2624,#2680,.T.);
#2680 = LINE('',#2681,#2682);
#2681 = CARTESIAN_POINT('',(0.1,-5.55,0.2));
#2682 = VECTOR('',#2683,1.);
#2683 = DIRECTION('',(-1.110223024625E-16,-1.,0.));
#2684 = FACE_BOUND('',#2685,.F.);
#2685 = EDGE_LOOP('',(#2686,#2696,#2704,#2712,#2720,#2728,#2736,#2744));
#2686 = ORIENTED_EDGE('',*,*,#2687,.F.);
#2687 = EDGE_CURVE('',#2688,#2690,#2692,.T.);
#2688 = VERTEX_POINT('',#2689);
#2689 = CARTESIAN_POINT('',(-0.1,-4.45,0.2));
#2690 = VERTEX_POINT('',#2691);
#2691 = CARTESIAN_POINT('',(0.1,-4.45,0.2));
#2692 = LINE('',#2693,#2694);
#2693 = CARTESIAN_POINT('',(-0.1,-4.45,0.2));
#2694 = VECTOR('',#2695,1.);
#2695 = DIRECTION('',(1.,-1.110223024625E-16,0.));
#2696 = ORIENTED_EDGE('',*,*,#2697,.T.);
#2697 = EDGE_CURVE('',#2688,#2698,#2700,.T.);
#2698 = VERTEX_POINT('',#2699);
#2699 = CARTESIAN_POINT('',(-0.1,-4.3,0.2));
#2700 = LINE('',#2701,#2702);
#2701 = CARTESIAN_POINT('',(-0.1,-4.45,0.2));
#2702 = VECTOR('',#2703,1.);
#2703 = DIRECTION('',(1.110223024625E-16,1.,0.));
#2704 = ORIENTED_EDGE('',*,*,#2705,.F.);
#2705 = EDGE_CURVE('',#2706,#2698,#2708,.T.);
#2706 = VERTEX_POINT('',#2707);
#2707 = CARTESIAN_POINT('',(-0.1,-3.7,0.2));
#2708 = LINE('',#2709,#2710);
#2709 = CARTESIAN_POINT('',(-0.1,-3.5,0.2));
#2710 = VECTOR('',#2711,1.);
#2711 = DIRECTION('',(-1.110223024625E-16,-1.,0.));
#2712 = ORIENTED_EDGE('',*,*,#2713,.T.);
#2713 = EDGE_CURVE('',#2706,#2714,#2716,.T.);
#2714 = VERTEX_POINT('',#2715);
#2715 = CARTESIAN_POINT('',(-0.1,-3.55,0.2));
#2716 = LINE('',#2717,#2718);
#2717 = CARTESIAN_POINT('',(-0.1,-4.45,0.2));
#2718 = VECTOR('',#2719,1.);
#2719 = DIRECTION('',(1.110223024625E-16,1.,0.));
#2720 = ORIENTED_EDGE('',*,*,#2721,.T.);
#2721 = EDGE_CURVE('',#2714,#2722,#2724,.T.);
#2722 = VERTEX_POINT('',#2723);
#2723 = CARTESIAN_POINT('',(0.1,-3.55,0.2));
#2724 = LINE('',#2725,#2726);
#2725 = CARTESIAN_POINT('',(-0.1,-3.55,0.2));
#2726 = VECTOR('',#2727,1.);
#2727 = DIRECTION('',(1.,-1.110223024625E-16,0.));
#2728 = ORIENTED_EDGE('',*,*,#2729,.T.);
#2729 = EDGE_CURVE('',#2722,#2730,#2732,.T.);
#2730 = VERTEX_POINT('',#2731);
#2731 = CARTESIAN_POINT('',(0.1,-3.7,0.2));
#2732 = LINE('',#2733,#2734);
#2733 = CARTESIAN_POINT('',(0.1,-3.55,0.2));
#2734 = VECTOR('',#2735,1.);
#2735 = DIRECTION('',(-1.110223024625E-16,-1.,0.));
#2736 = ORIENTED_EDGE('',*,*,#2737,.T.);
#2737 = EDGE_CURVE('',#2730,#2738,#2740,.T.);
#2738 = VERTEX_POINT('',#2739);
#2739 = CARTESIAN_POINT('',(0.1,-4.3,0.2));
#2740 = LINE('',#2741,#2742);
#2741 = CARTESIAN_POINT('',(0.1,-3.5,0.2));
#2742 = VECTOR('',#2743,1.);
#2743 = DIRECTION('',(-1.110223024625E-16,-1.,0.));
#2744 = ORIENTED_EDGE('',*,*,#2745,.T.);
#2745 = EDGE_CURVE('',#2738,#2690,#2746,.T.);
#2746 = LINE('',#2747,#2748);
#2747 = CARTESIAN_POINT('',(0.1,-3.55,0.2));
#2748 = VECTOR('',#2749,1.);
#2749 = DIRECTION('',(-1.110223024625E-16,-1.,0.));
#2750 = FACE_BOUND('',#2751,.F.);
#2751 = EDGE_LOOP('',(#2752,#2762,#2770,#2778,#2786,#2794,#2802,#2810));
#2752 = ORIENTED_EDGE('',*,*,#2753,.F.);
#2753 = EDGE_CURVE('',#2754,#2756,#2758,.T.);
#2754 = VERTEX_POINT('',#2755);
#2755 = CARTESIAN_POINT('',(-0.1,-2.45,0.2));
#2756 = VERTEX_POINT('',#2757);
#2757 = CARTESIAN_POINT('',(0.1,-2.45,0.2));
#2758 = LINE('',#2759,#2760);
#2759 = CARTESIAN_POINT('',(-0.1,-2.45,0.2));
#2760 = VECTOR('',#2761,1.);
#2761 = DIRECTION('',(1.,-1.110223024625E-16,0.));
#2762 = ORIENTED_EDGE('',*,*,#2763,.T.);
#2763 = EDGE_CURVE('',#2754,#2764,#2766,.T.);
#2764 = VERTEX_POINT('',#2765);
#2765 = CARTESIAN_POINT('',(-0.1,-2.3,0.2));
#2766 = LINE('',#2767,#2768);
#2767 = CARTESIAN_POINT('',(-0.1,-2.45,0.2));
#2768 = VECTOR('',#2769,1.);
#2769 = DIRECTION('',(1.110223024625E-16,1.,0.));
#2770 = ORIENTED_EDGE('',*,*,#2771,.F.);
#2771 = EDGE_CURVE('',#2772,#2764,#2774,.T.);
#2772 = VERTEX_POINT('',#2773);
#2773 = CARTESIAN_POINT('',(-0.1,-1.7,0.2));
#2774 = LINE('',#2775,#2776);
#2775 = CARTESIAN_POINT('',(-0.1,-2.5,0.2));
#2776 = VECTOR('',#2777,1.);
#2777 = DIRECTION('',(-1.110223024625E-16,-1.,0.));
#2778 = ORIENTED_EDGE('',*,*,#2779,.T.);
#2779 = EDGE_CURVE('',#2772,#2780,#2782,.T.);
#2780 = VERTEX_POINT('',#2781);
#2781 = CARTESIAN_POINT('',(-0.1,-1.55,0.2));
#2782 = LINE('',#2783,#2784);
#2783 = CARTESIAN_POINT('',(-0.1,-2.45,0.2));
#2784 = VECTOR('',#2785,1.);
#2785 = DIRECTION('',(1.110223024625E-16,1.,0.));
#2786 = ORIENTED_EDGE('',*,*,#2787,.T.);
#2787 = EDGE_CURVE('',#2780,#2788,#2790,.T.);
#2788 = VERTEX_POINT('',#2789);
#2789 = CARTESIAN_POINT('',(0.1,-1.55,0.2));
#2790 = LINE('',#2791,#2792);
#2791 = CARTESIAN_POINT('',(-0.1,-1.55,0.2));
#2792 = VECTOR('',#2793,1.);
#2793 = DIRECTION('',(1.,-1.110223024625E-16,0.));
#2794 = ORIENTED_EDGE('',*,*,#2795,.T.);
#2795 = EDGE_CURVE('',#2788,#2796,#2798,.T.);
#2796 = VERTEX_POINT('',#2797);
#2797 = CARTESIAN_POINT('',(0.1,-1.7,0.2));
#2798 = LINE('',#2799,#2800);
#2799 = CARTESIAN_POINT('',(0.1,-1.55,0.2));
#2800 = VECTOR('',#2801,1.);
#2801 = DIRECTION('',(-1.110223024625E-16,-1.,0.));
#2802 = ORIENTED_EDGE('',*,*,#2803,.T.);
#2803 = EDGE_CURVE('',#2796,#2804,#2806,.T.);
#2804 = VERTEX_POINT('',#2805);
#2805 = CARTESIAN_POINT('',(0.1,-2.3,0.2));
#2806 = LINE('',#2807,#2808);
#2807 = CARTESIAN_POINT('',(0.1,-2.5,0.2));
#2808 = VECTOR('',#2809,1.);
#2809 = DIRECTION('',(-1.110223024625E-16,-1.,0.));
#2810 = ORIENTED_EDGE('',*,*,#2811,.T.);
#2811 = EDGE_CURVE('',#2804,#2756,#2812,.T.);
#2812 = LINE('',#2813,#2814);
#2813 = CARTESIAN_POINT('',(0.1,-1.55,0.2));
#2814 = VECTOR('',#2815,1.);
#2815 = DIRECTION('',(-1.110223024625E-16,-1.,0.));
#2816 = FACE_BOUND('',#2817,.F.);
#2817 = EDGE_LOOP('',(#2818,#2828,#2836,#2844,#2852,#2860,#2868,#2876));
#2818 = ORIENTED_EDGE('',*,*,#2819,.F.);
#2819 = EDGE_CURVE('',#2820,#2822,#2824,.T.);
#2820 = VERTEX_POINT('',#2821);
#2821 = CARTESIAN_POINT('',(-0.1,-0.45,0.2));
#2822 = VERTEX_POINT('',#2823);
#2823 = CARTESIAN_POINT('',(0.1,-0.45,0.2));
#2824 = LINE('',#2825,#2826);
#2825 = CARTESIAN_POINT('',(-0.1,-0.45,0.2));
#2826 = VECTOR('',#2827,1.);
#2827 = DIRECTION('',(1.,-1.110223024625E-16,0.));
#2828 = ORIENTED_EDGE('',*,*,#2829,.T.);
#2829 = EDGE_CURVE('',#2820,#2830,#2832,.T.);
#2830 = VERTEX_POINT('',#2831);
#2831 = CARTESIAN_POINT('',(-0.1,-0.3,0.2));
#2832 = LINE('',#2833,#2834);
#2833 = CARTESIAN_POINT('',(-0.1,-0.45,0.2));
#2834 = VECTOR('',#2835,1.);
#2835 = DIRECTION('',(1.110223024625E-16,1.,0.));
#2836 = ORIENTED_EDGE('',*,*,#2837,.F.);
#2837 = EDGE_CURVE('',#2838,#2830,#2840,.T.);
#2838 = VERTEX_POINT('',#2839);
#2839 = CARTESIAN_POINT('',(-0.1,0.3,0.2));
#2840 = LINE('',#2841,#2842);
#2841 = CARTESIAN_POINT('',(-0.1,-1.5,0.2));
#2842 = VECTOR('',#2843,1.);
#2843 = DIRECTION('',(-1.110223024625E-16,-1.,0.));
#2844 = ORIENTED_EDGE('',*,*,#2845,.T.);
#2845 = EDGE_CURVE('',#2838,#2846,#2848,.T.);
#2846 = VERTEX_POINT('',#2847);
#2847 = CARTESIAN_POINT('',(-0.1,0.45,0.2));
#2848 = LINE('',#2849,#2850);
#2849 = CARTESIAN_POINT('',(-0.1,-0.45,0.2));
#2850 = VECTOR('',#2851,1.);
#2851 = DIRECTION('',(1.110223024625E-16,1.,0.));
#2852 = ORIENTED_EDGE('',*,*,#2853,.T.);
#2853 = EDGE_CURVE('',#2846,#2854,#2856,.T.);
#2854 = VERTEX_POINT('',#2855);
#2855 = CARTESIAN_POINT('',(0.1,0.45,0.2));
#2856 = LINE('',#2857,#2858);
#2857 = CARTESIAN_POINT('',(-0.1,0.45,0.2));
#2858 = VECTOR('',#2859,1.);
#2859 = DIRECTION('',(1.,-1.110223024625E-16,0.));
#2860 = ORIENTED_EDGE('',*,*,#2861,.T.);
#2861 = EDGE_CURVE('',#2854,#2862,#2864,.T.);
#2862 = VERTEX_POINT('',#2863);
#2863 = CARTESIAN_POINT('',(0.1,0.3,0.2));
#2864 = LINE('',#2865,#2866);
#2865 = CARTESIAN_POINT('',(0.1,0.45,0.2));
#2866 = VECTOR('',#2867,1.);
#2867 = DIRECTION('',(-1.110223024625E-16,-1.,0.));
#2868 = ORIENTED_EDGE('',*,*,#2869,.T.);
#2869 = EDGE_CURVE('',#2862,#2870,#2872,.T.);
#2870 = VERTEX_POINT('',#2871);
#2871 = CARTESIAN_POINT('',(0.1,-0.3,0.2));
#2872 = LINE('',#2873,#2874);
#2873 = CARTESIAN_POINT('',(0.1,-1.5,0.2));
#2874 = VECTOR('',#2875,1.);
#2875 = DIRECTION('',(-1.110223024625E-16,-1.,0.));
#2876 = ORIENTED_EDGE('',*,*,#2877,.T.);
#2877 = EDGE_CURVE('',#2870,#2822,#2878,.T.);
#2878 = LINE('',#2879,#2880);
#2879 = CARTESIAN_POINT('',(0.1,0.45,0.2));
#2880 = VECTOR('',#2881,1.);
#2881 = DIRECTION('',(-1.110223024625E-16,-1.,0.));
#2882 = PLANE('',#2883);
#2883 = AXIS2_PLACEMENT_3D('',#2884,#2885,#2886);
#2884 = CARTESIAN_POINT('',(-3.053113317719E-16,-3.,0.2));
#2885 = DIRECTION('',(0.,0.,1.));
#2886 = DIRECTION('',(1.110223024625E-16,1.,0.));
#2887 = ADVANCED_FACE('',(#2888),#2894,.T.);
#2888 = FACE_BOUND('',#2889,.T.);
#2889 = EDGE_LOOP('',(#2890,#2891,#2892,#2893));
#2890 = ORIENTED_EDGE('',*,*,#2308,.T.);
#2891 = ORIENTED_EDGE('',*,*,#2610,.T.);
#2892 = ORIENTED_EDGE('',*,*,#2387,.F.);
#2893 = ORIENTED_EDGE('',*,*,#2404,.F.);
#2894 = PLANE('',#2895);
#2895 = AXIS2_PLACEMENT_3D('',#2896,#2897,#2898);
#2896 = CARTESIAN_POINT('',(0.666666666667,-7.,0.));
#2897 = DIRECTION('',(-1.,1.110223024625E-16,0.));
#2898 = DIRECTION('',(1.110223024625E-16,1.,0.));
#2899 = ADVANCED_FACE('',(#2900),#2906,.F.);
#2900 = FACE_BOUND('',#2901,.F.);
#2901 = EDGE_LOOP('',(#2902,#2903,#2904,#2905));
#2902 = ORIENTED_EDGE('',*,*,#2355,.T.);
#2903 = ORIENTED_EDGE('',*,*,#2420,.T.);
#2904 = ORIENTED_EDGE('',*,*,#2285,.F.);
#2905 = ORIENTED_EDGE('',*,*,#2579,.F.);
#2906 = PLANE('',#2907);
#2907 = AXIS2_PLACEMENT_3D('',#2908,#2909,#2910);
#2908 = CARTESIAN_POINT('',(-1.,1.,0.));
#2909 = DIRECTION('',(1.,-1.110223024625E-16,0.));
#2910 = DIRECTION('',(-1.110223024625E-16,-1.,0.));
#2911 = ADVANCED_FACE('',(#2912),#2937,.T.);
#2912 = FACE_BOUND('',#2913,.T.);
#2913 = EDGE_LOOP('',(#2914,#2922,#2923,#2931));
#2914 = ORIENTED_EDGE('',*,*,#2915,.F.);
#2915 = EDGE_CURVE('',#2430,#2916,#2918,.T.);
#2916 = VERTEX_POINT('',#2917);
#2917 = CARTESIAN_POINT('',(0.3,-6.3,5.3));
#2918 = LINE('',#2919,#2920);
#2919 = CARTESIAN_POINT('',(0.3,-6.3,5.3));
#2920 = VECTOR('',#2921,1.);
#2921 = DIRECTION('',(-0.57735026919,0.57735026919,-0.57735026919));
#2922 = ORIENTED_EDGE('',*,*,#2429,.T.);
#2923 = ORIENTED_EDGE('',*,*,#2924,.T.);
#2924 = EDGE_CURVE('',#2432,#2925,#2927,.T.);
#2925 = VERTEX_POINT('',#2926);
#2926 = CARTESIAN_POINT('',(0.3,-5.7,5.3));
#2927 = LINE('',#2928,#2929);
#2928 = CARTESIAN_POINT('',(0.3,-5.7,5.3));
#2929 = VECTOR('',#2930,1.);
#2930 = DIRECTION('',(-0.57735026919,-0.57735026919,-0.57735026919));
#2931 = ORIENTED_EDGE('',*,*,#2932,.F.);
#2932 = EDGE_CURVE('',#2916,#2925,#2933,.T.);
#2933 = LINE('',#2934,#2935);
#2934 = CARTESIAN_POINT('',(0.3,-6.6,5.3));
#2935 = VECTOR('',#2936,1.);
#2936 = DIRECTION('',(1.110223024625E-16,1.,0.));
#2937 = PLANE('',#2938);
#2938 = AXIS2_PLACEMENT_3D('',#2939,#2940,#2941);
#2939 = CARTESIAN_POINT('',(0.45,-6.6,5.45));
#2940 = DIRECTION('',(-0.707106781187,7.850462293414E-17,0.707106781187)
  );
#2941 = DIRECTION('',(1.110223024625E-16,1.,2.680278185005E-29));
#2942 = ADVANCED_FACE('',(#2943),#2961,.T.);
#2943 = FACE_BOUND('',#2944,.T.);
#2944 = EDGE_LOOP('',(#2945,#2946,#2947,#2955));
#2945 = ORIENTED_EDGE('',*,*,#2924,.F.);
#2946 = ORIENTED_EDGE('',*,*,#2455,.T.);
#2947 = ORIENTED_EDGE('',*,*,#2948,.T.);
#2948 = EDGE_CURVE('',#2448,#2949,#2951,.T.);
#2949 = VERTEX_POINT('',#2950);
#2950 = CARTESIAN_POINT('',(-0.3,-5.7,5.3));
#2951 = LINE('',#2952,#2953);
#2952 = CARTESIAN_POINT('',(-0.3,-5.7,5.3));
#2953 = VECTOR('',#2954,1.);
#2954 = DIRECTION('',(0.57735026919,-0.57735026919,-0.57735026919));
#2955 = ORIENTED_EDGE('',*,*,#2956,.F.);
#2956 = EDGE_CURVE('',#2925,#2949,#2957,.T.);
#2957 = LINE('',#2958,#2959);
#2958 = CARTESIAN_POINT('',(0.6,-5.7,5.3));
#2959 = VECTOR('',#2960,1.);
#2960 = DIRECTION('',(-1.,1.110223024625E-16,0.));
#2961 = PLANE('',#2962);
#2962 = AXIS2_PLACEMENT_3D('',#2963,#2964,#2965);
#2963 = CARTESIAN_POINT('',(0.6,-5.55,5.45));
#2964 = DIRECTION('',(-7.850462293414E-17,-0.707106781187,0.707106781187
    ));
#2965 = DIRECTION('',(-1.,1.110223024625E-16,2.680278185005E-29));
#2966 = ADVANCED_FACE('',(#2967),#2985,.T.);
#2967 = FACE_BOUND('',#2968,.T.);
#2968 = EDGE_LOOP('',(#2969,#2970,#2971,#2979));
#2969 = ORIENTED_EDGE('',*,*,#2948,.F.);
#2970 = ORIENTED_EDGE('',*,*,#2447,.T.);
#2971 = ORIENTED_EDGE('',*,*,#2972,.T.);
#2972 = EDGE_CURVE('',#2440,#2973,#2975,.T.);
#2973 = VERTEX_POINT('',#2974);
#2974 = CARTESIAN_POINT('',(-0.3,-6.3,5.3));
#2975 = LINE('',#2976,#2977);
#2976 = CARTESIAN_POINT('',(-0.3,-6.3,5.3));
#2977 = VECTOR('',#2978,1.);
#2978 = DIRECTION('',(0.57735026919,0.57735026919,-0.57735026919));
#2979 = ORIENTED_EDGE('',*,*,#2980,.F.);
#2980 = EDGE_CURVE('',#2949,#2973,#2981,.T.);
#2981 = LINE('',#2982,#2983);
#2982 = CARTESIAN_POINT('',(-0.3,-5.4,5.3));
#2983 = VECTOR('',#2984,1.);
#2984 = DIRECTION('',(-1.110223024625E-16,-1.,0.));
#2985 = PLANE('',#2986);
#2986 = AXIS2_PLACEMENT_3D('',#2987,#2988,#2989);
#2987 = CARTESIAN_POINT('',(-0.45,-5.4,5.45));
#2988 = DIRECTION('',(0.707106781187,-8.197719098449E-17,0.707106781187)
  );
#2989 = DIRECTION('',(-1.13477778879E-16,-1.,-2.455476416522E-18));
#2990 = ADVANCED_FACE('',(#2991),#3002,.T.);
#2991 = FACE_BOUND('',#2992,.T.);
#2992 = EDGE_LOOP('',(#2993,#2994,#2995,#2996));
#2993 = ORIENTED_EDGE('',*,*,#2972,.F.);
#2994 = ORIENTED_EDGE('',*,*,#2439,.T.);
#2995 = ORIENTED_EDGE('',*,*,#2915,.T.);
#2996 = ORIENTED_EDGE('',*,*,#2997,.F.);
#2997 = EDGE_CURVE('',#2973,#2916,#2998,.T.);
#2998 = LINE('',#2999,#3000);
#2999 = CARTESIAN_POINT('',(-0.6,-6.3,5.3));
#3000 = VECTOR('',#3001,1.);
#3001 = DIRECTION('',(1.,-1.110223024625E-16,0.));
#3002 = PLANE('',#3003);
#3003 = AXIS2_PLACEMENT_3D('',#3004,#3005,#3006);
#3004 = CARTESIAN_POINT('',(-0.6,-6.45,5.45));
#3005 = DIRECTION('',(7.850462293414E-17,0.707106781187,0.707106781187)
  );
#3006 = DIRECTION('',(1.,-1.110223024625E-16,2.680278185005E-29));
#3007 = ADVANCED_FACE('',(#3008),#3033,.T.);
#3008 = FACE_BOUND('',#3009,.T.);
#3009 = EDGE_LOOP('',(#3010,#3018,#3019,#3027));
#3010 = ORIENTED_EDGE('',*,*,#3011,.F.);
#3011 = EDGE_CURVE('',#2464,#3012,#3014,.T.);
#3012 = VERTEX_POINT('',#3013);
#3013 = CARTESIAN_POINT('',(0.3,-4.3,5.3));
#3014 = LINE('',#3015,#3016);
#3015 = CARTESIAN_POINT('',(0.3,-4.3,5.3));
#3016 = VECTOR('',#3017,1.);
#3017 = DIRECTION('',(-0.57735026919,0.57735026919,-0.57735026919));
#3018 = ORIENTED_EDGE('',*,*,#2463,.T.);
#3019 = ORIENTED_EDGE('',*,*,#3020,.T.);
#3020 = EDGE_CURVE('',#2466,#3021,#3023,.T.);
#3021 = VERTEX_POINT('',#3022);
#3022 = CARTESIAN_POINT('',(0.3,-3.7,5.3));
#3023 = LINE('',#3024,#3025);
#3024 = CARTESIAN_POINT('',(0.3,-3.7,5.3));
#3025 = VECTOR('',#3026,1.);
#3026 = DIRECTION('',(-0.57735026919,-0.57735026919,-0.57735026919));
#3027 = ORIENTED_EDGE('',*,*,#3028,.F.);
#3028 = EDGE_CURVE('',#3012,#3021,#3029,.T.);
#3029 = LINE('',#3030,#3031);
#3030 = CARTESIAN_POINT('',(0.3,-4.6,5.3));
#3031 = VECTOR('',#3032,1.);
#3032 = DIRECTION('',(1.110223024625E-16,1.,0.));
#3033 = PLANE('',#3034);
#3034 = AXIS2_PLACEMENT_3D('',#3035,#3036,#3037);
#3035 = CARTESIAN_POINT('',(0.45,-4.6,5.45));
#3036 = DIRECTION('',(-0.707106781187,7.850462293414E-17,0.707106781187)
  );
#3037 = DIRECTION('',(1.110223024625E-16,1.,2.680278185005E-29));
#3038 = ADVANCED_FACE('',(#3039),#3057,.T.);
#3039 = FACE_BOUND('',#3040,.T.);
#3040 = EDGE_LOOP('',(#3041,#3042,#3043,#3051));
#3041 = ORIENTED_EDGE('',*,*,#3020,.F.);
#3042 = ORIENTED_EDGE('',*,*,#2489,.T.);
#3043 = ORIENTED_EDGE('',*,*,#3044,.T.);
#3044 = EDGE_CURVE('',#2482,#3045,#3047,.T.);
#3045 = VERTEX_POINT('',#3046);
#3046 = CARTESIAN_POINT('',(-0.3,-3.7,5.3));
#3047 = LINE('',#3048,#3049);
#3048 = CARTESIAN_POINT('',(-0.3,-3.7,5.3));
#3049 = VECTOR('',#3050,1.);
#3050 = DIRECTION('',(0.57735026919,-0.57735026919,-0.57735026919));
#3051 = ORIENTED_EDGE('',*,*,#3052,.F.);
#3052 = EDGE_CURVE('',#3021,#3045,#3053,.T.);
#3053 = LINE('',#3054,#3055);
#3054 = CARTESIAN_POINT('',(0.6,-3.7,5.3));
#3055 = VECTOR('',#3056,1.);
#3056 = DIRECTION('',(-1.,1.110223024625E-16,0.));
#3057 = PLANE('',#3058);
#3058 = AXIS2_PLACEMENT_3D('',#3059,#3060,#3061);
#3059 = CARTESIAN_POINT('',(0.6,-3.55,5.45));
#3060 = DIRECTION('',(-7.850462293414E-17,-0.707106781187,0.707106781187
    ));
#3061 = DIRECTION('',(-1.,1.110223024625E-16,2.680278185005E-29));
#3062 = ADVANCED_FACE('',(#3063),#3081,.T.);
#3063 = FACE_BOUND('',#3064,.T.);
#3064 = EDGE_LOOP('',(#3065,#3066,#3067,#3075));
#3065 = ORIENTED_EDGE('',*,*,#3044,.F.);
#3066 = ORIENTED_EDGE('',*,*,#2481,.T.);
#3067 = ORIENTED_EDGE('',*,*,#3068,.T.);
#3068 = EDGE_CURVE('',#2474,#3069,#3071,.T.);
#3069 = VERTEX_POINT('',#3070);
#3070 = CARTESIAN_POINT('',(-0.3,-4.3,5.3));
#3071 = LINE('',#3072,#3073);
#3072 = CARTESIAN_POINT('',(-0.3,-4.3,5.3));
#3073 = VECTOR('',#3074,1.);
#3074 = DIRECTION('',(0.57735026919,0.57735026919,-0.57735026919));
#3075 = ORIENTED_EDGE('',*,*,#3076,.F.);
#3076 = EDGE_CURVE('',#3045,#3069,#3077,.T.);
#3077 = LINE('',#3078,#3079);
#3078 = CARTESIAN_POINT('',(-0.3,-3.4,5.3));
#3079 = VECTOR('',#3080,1.);
#3080 = DIRECTION('',(-1.110223024625E-16,-1.,0.));
#3081 = PLANE('',#3082);
#3082 = AXIS2_PLACEMENT_3D('',#3083,#3084,#3085);
#3083 = CARTESIAN_POINT('',(-0.45,-3.4,5.45));
#3084 = DIRECTION('',(0.707106781187,-8.197719098449E-17,0.707106781187)
  );
#3085 = DIRECTION('',(-1.13477778879E-16,-1.,-2.455476416522E-18));
#3086 = ADVANCED_FACE('',(#3087),#3098,.T.);
#3087 = FACE_BOUND('',#3088,.T.);
#3088 = EDGE_LOOP('',(#3089,#3090,#3091,#3092));
#3089 = ORIENTED_EDGE('',*,*,#3068,.F.);
#3090 = ORIENTED_EDGE('',*,*,#2473,.T.);
#3091 = ORIENTED_EDGE('',*,*,#3011,.T.);
#3092 = ORIENTED_EDGE('',*,*,#3093,.F.);
#3093 = EDGE_CURVE('',#3069,#3012,#3094,.T.);
#3094 = LINE('',#3095,#3096);
#3095 = CARTESIAN_POINT('',(-0.6,-4.3,5.3));
#3096 = VECTOR('',#3097,1.);
#3097 = DIRECTION('',(1.,-1.110223024625E-16,0.));
#3098 = PLANE('',#3099);
#3099 = AXIS2_PLACEMENT_3D('',#3100,#3101,#3102);
#3100 = CARTESIAN_POINT('',(-0.6,-4.45,5.45));
#3101 = DIRECTION('',(7.850462293414E-17,0.707106781187,0.707106781187)
  );
#3102 = DIRECTION('',(1.,-1.110223024625E-16,2.680278185005E-29));
#3103 = ADVANCED_FACE('',(#3104),#3129,.T.);
#3104 = FACE_BOUND('',#3105,.T.);
#3105 = EDGE_LOOP('',(#3106,#3114,#3115,#3123));
#3106 = ORIENTED_EDGE('',*,*,#3107,.F.);
#3107 = EDGE_CURVE('',#2498,#3108,#3110,.T.);
#3108 = VERTEX_POINT('',#3109);
#3109 = CARTESIAN_POINT('',(0.3,-2.3,5.3));
#3110 = LINE('',#3111,#3112);
#3111 = CARTESIAN_POINT('',(0.3,-2.3,5.3));
#3112 = VECTOR('',#3113,1.);
#3113 = DIRECTION('',(-0.57735026919,0.57735026919,-0.57735026919));
#3114 = ORIENTED_EDGE('',*,*,#2497,.T.);
#3115 = ORIENTED_EDGE('',*,*,#3116,.T.);
#3116 = EDGE_CURVE('',#2500,#3117,#3119,.T.);
#3117 = VERTEX_POINT('',#3118);
#3118 = CARTESIAN_POINT('',(0.3,-1.7,5.3));
#3119 = LINE('',#3120,#3121);
#3120 = CARTESIAN_POINT('',(0.3,-1.7,5.3));
#3121 = VECTOR('',#3122,1.);
#3122 = DIRECTION('',(-0.57735026919,-0.57735026919,-0.57735026919));
#3123 = ORIENTED_EDGE('',*,*,#3124,.F.);
#3124 = EDGE_CURVE('',#3108,#3117,#3125,.T.);
#3125 = LINE('',#3126,#3127);
#3126 = CARTESIAN_POINT('',(0.3,-2.6,5.3));
#3127 = VECTOR('',#3128,1.);
#3128 = DIRECTION('',(1.110223024625E-16,1.,0.));
#3129 = PLANE('',#3130);
#3130 = AXIS2_PLACEMENT_3D('',#3131,#3132,#3133);
#3131 = CARTESIAN_POINT('',(0.45,-2.6,5.45));
#3132 = DIRECTION('',(-0.707106781187,7.850462293414E-17,0.707106781187)
  );
#3133 = DIRECTION('',(1.110223024625E-16,1.,2.680278185005E-29));
#3134 = ADVANCED_FACE('',(#3135),#3153,.T.);
#3135 = FACE_BOUND('',#3136,.T.);
#3136 = EDGE_LOOP('',(#3137,#3138,#3139,#3147));
#3137 = ORIENTED_EDGE('',*,*,#3116,.F.);
#3138 = ORIENTED_EDGE('',*,*,#2523,.T.);
#3139 = ORIENTED_EDGE('',*,*,#3140,.T.);
#3140 = EDGE_CURVE('',#2516,#3141,#3143,.T.);
#3141 = VERTEX_POINT('',#3142);
#3142 = CARTESIAN_POINT('',(-0.3,-1.7,5.3));
#3143 = LINE('',#3144,#3145);
#3144 = CARTESIAN_POINT('',(-0.3,-1.7,5.3));
#3145 = VECTOR('',#3146,1.);
#3146 = DIRECTION('',(0.57735026919,-0.57735026919,-0.57735026919));
#3147 = ORIENTED_EDGE('',*,*,#3148,.F.);
#3148 = EDGE_CURVE('',#3117,#3141,#3149,.T.);
#3149 = LINE('',#3150,#3151);
#3150 = CARTESIAN_POINT('',(0.6,-1.7,5.3));
#3151 = VECTOR('',#3152,1.);
#3152 = DIRECTION('',(-1.,1.110223024625E-16,0.));
#3153 = PLANE('',#3154);
#3154 = AXIS2_PLACEMENT_3D('',#3155,#3156,#3157);
#3155 = CARTESIAN_POINT('',(0.6,-1.55,5.45));
#3156 = DIRECTION('',(-7.850462293414E-17,-0.707106781187,0.707106781187
    ));
#3157 = DIRECTION('',(-1.,1.110223024625E-16,2.680278185005E-29));
#3158 = ADVANCED_FACE('',(#3159),#3177,.T.);
#3159 = FACE_BOUND('',#3160,.T.);
#3160 = EDGE_LOOP('',(#3161,#3162,#3163,#3171));
#3161 = ORIENTED_EDGE('',*,*,#3140,.F.);
#3162 = ORIENTED_EDGE('',*,*,#2515,.T.);
#3163 = ORIENTED_EDGE('',*,*,#3164,.T.);
#3164 = EDGE_CURVE('',#2508,#3165,#3167,.T.);
#3165 = VERTEX_POINT('',#3166);
#3166 = CARTESIAN_POINT('',(-0.3,-2.3,5.3));
#3167 = LINE('',#3168,#3169);
#3168 = CARTESIAN_POINT('',(-0.3,-2.3,5.3));
#3169 = VECTOR('',#3170,1.);
#3170 = DIRECTION('',(0.57735026919,0.57735026919,-0.57735026919));
#3171 = ORIENTED_EDGE('',*,*,#3172,.F.);
#3172 = EDGE_CURVE('',#3141,#3165,#3173,.T.);
#3173 = LINE('',#3174,#3175);
#3174 = CARTESIAN_POINT('',(-0.3,-1.4,5.3));
#3175 = VECTOR('',#3176,1.);
#3176 = DIRECTION('',(-1.110223024625E-16,-1.,0.));
#3177 = PLANE('',#3178);
#3178 = AXIS2_PLACEMENT_3D('',#3179,#3180,#3181);
#3179 = CARTESIAN_POINT('',(-0.45,-1.4,5.45));
#3180 = DIRECTION('',(0.707106781187,-8.197719098449E-17,0.707106781187)
  );
#3181 = DIRECTION('',(-1.13477778879E-16,-1.,-2.455476416522E-18));
#3182 = ADVANCED_FACE('',(#3183),#3194,.T.);
#3183 = FACE_BOUND('',#3184,.T.);
#3184 = EDGE_LOOP('',(#3185,#3186,#3187,#3188));
#3185 = ORIENTED_EDGE('',*,*,#3164,.F.);
#3186 = ORIENTED_EDGE('',*,*,#2507,.T.);
#3187 = ORIENTED_EDGE('',*,*,#3107,.T.);
#3188 = ORIENTED_EDGE('',*,*,#3189,.F.);
#3189 = EDGE_CURVE('',#3165,#3108,#3190,.T.);
#3190 = LINE('',#3191,#3192);
#3191 = CARTESIAN_POINT('',(-0.6,-2.3,5.3));
#3192 = VECTOR('',#3193,1.);
#3193 = DIRECTION('',(1.,-1.110223024625E-16,0.));
#3194 = PLANE('',#3195);
#3195 = AXIS2_PLACEMENT_3D('',#3196,#3197,#3198);
#3196 = CARTESIAN_POINT('',(-0.6,-2.45,5.45));
#3197 = DIRECTION('',(7.850462293414E-17,0.707106781187,0.707106781187)
  );
#3198 = DIRECTION('',(1.,-1.110223024625E-16,2.680278185005E-29));
#3199 = ADVANCED_FACE('',(#3200),#3225,.T.);
#3200 = FACE_BOUND('',#3201,.T.);
#3201 = EDGE_LOOP('',(#3202,#3210,#3211,#3219));
#3202 = ORIENTED_EDGE('',*,*,#3203,.F.);
#3203 = EDGE_CURVE('',#2532,#3204,#3206,.T.);
#3204 = VERTEX_POINT('',#3205);
#3205 = CARTESIAN_POINT('',(0.3,-0.3,5.3));
#3206 = LINE('',#3207,#3208);
#3207 = CARTESIAN_POINT('',(0.3,-0.3,5.3));
#3208 = VECTOR('',#3209,1.);
#3209 = DIRECTION('',(-0.57735026919,0.57735026919,-0.57735026919));
#3210 = ORIENTED_EDGE('',*,*,#2531,.T.);
#3211 = ORIENTED_EDGE('',*,*,#3212,.T.);
#3212 = EDGE_CURVE('',#2534,#3213,#3215,.T.);
#3213 = VERTEX_POINT('',#3214);
#3214 = CARTESIAN_POINT('',(0.3,0.3,5.3));
#3215 = LINE('',#3216,#3217);
#3216 = CARTESIAN_POINT('',(0.3,0.3,5.3));
#3217 = VECTOR('',#3218,1.);
#3218 = DIRECTION('',(-0.57735026919,-0.57735026919,-0.57735026919));
#3219 = ORIENTED_EDGE('',*,*,#3220,.F.);
#3220 = EDGE_CURVE('',#3204,#3213,#3221,.T.);
#3221 = LINE('',#3222,#3223);
#3222 = CARTESIAN_POINT('',(0.3,-0.6,5.3));
#3223 = VECTOR('',#3224,1.);
#3224 = DIRECTION('',(1.110223024625E-16,1.,0.));
#3225 = PLANE('',#3226);
#3226 = AXIS2_PLACEMENT_3D('',#3227,#3228,#3229);
#3227 = CARTESIAN_POINT('',(0.45,-0.6,5.45));
#3228 = DIRECTION('',(-0.707106781187,7.850462293414E-17,0.707106781187)
  );
#3229 = DIRECTION('',(1.110223024625E-16,1.,2.680278185005E-29));
#3230 = ADVANCED_FACE('',(#3231),#3249,.T.);
#3231 = FACE_BOUND('',#3232,.T.);
#3232 = EDGE_LOOP('',(#3233,#3234,#3235,#3243));
#3233 = ORIENTED_EDGE('',*,*,#3212,.F.);
#3234 = ORIENTED_EDGE('',*,*,#2557,.T.);
#3235 = ORIENTED_EDGE('',*,*,#3236,.T.);
#3236 = EDGE_CURVE('',#2550,#3237,#3239,.T.);
#3237 = VERTEX_POINT('',#3238);
#3238 = CARTESIAN_POINT('',(-0.3,0.3,5.3));
#3239 = LINE('',#3240,#3241);
#3240 = CARTESIAN_POINT('',(-0.3,0.3,5.3));
#3241 = VECTOR('',#3242,1.);
#3242 = DIRECTION('',(0.57735026919,-0.57735026919,-0.57735026919));
#3243 = ORIENTED_EDGE('',*,*,#3244,.F.);
#3244 = EDGE_CURVE('',#3213,#3237,#3245,.T.);
#3245 = LINE('',#3246,#3247);
#3246 = CARTESIAN_POINT('',(0.6,0.3,5.3));
#3247 = VECTOR('',#3248,1.);
#3248 = DIRECTION('',(-1.,1.110223024625E-16,0.));
#3249 = PLANE('',#3250);
#3250 = AXIS2_PLACEMENT_3D('',#3251,#3252,#3253);
#3251 = CARTESIAN_POINT('',(0.6,0.45,5.45));
#3252 = DIRECTION('',(-7.850462293414E-17,-0.707106781187,0.707106781187
    ));
#3253 = DIRECTION('',(-1.,1.110223024625E-16,2.680278185005E-29));
#3254 = ADVANCED_FACE('',(#3255),#3273,.T.);
#3255 = FACE_BOUND('',#3256,.T.);
#3256 = EDGE_LOOP('',(#3257,#3258,#3259,#3267));
#3257 = ORIENTED_EDGE('',*,*,#3236,.F.);
#3258 = ORIENTED_EDGE('',*,*,#2549,.T.);
#3259 = ORIENTED_EDGE('',*,*,#3260,.T.);
#3260 = EDGE_CURVE('',#2542,#3261,#3263,.T.);
#3261 = VERTEX_POINT('',#3262);
#3262 = CARTESIAN_POINT('',(-0.3,-0.3,5.3));
#3263 = LINE('',#3264,#3265);
#3264 = CARTESIAN_POINT('',(-0.3,-0.3,5.3));
#3265 = VECTOR('',#3266,1.);
#3266 = DIRECTION('',(0.57735026919,0.57735026919,-0.57735026919));
#3267 = ORIENTED_EDGE('',*,*,#3268,.F.);
#3268 = EDGE_CURVE('',#3237,#3261,#3269,.T.);
#3269 = LINE('',#3270,#3271);
#3270 = CARTESIAN_POINT('',(-0.3,0.6,5.3));
#3271 = VECTOR('',#3272,1.);
#3272 = DIRECTION('',(-1.110223024625E-16,-1.,0.));
#3273 = PLANE('',#3274);
#3274 = AXIS2_PLACEMENT_3D('',#3275,#3276,#3277);
#3275 = CARTESIAN_POINT('',(-0.45,0.6,5.45));
#3276 = DIRECTION('',(0.707106781187,-8.197719098449E-17,0.707106781187)
  );
#3277 = DIRECTION('',(-1.13477778879E-16,-1.,-2.455476416522E-18));
#3278 = ADVANCED_FACE('',(#3279),#3290,.T.);
#3279 = FACE_BOUND('',#3280,.T.);
#3280 = EDGE_LOOP('',(#3281,#3282,#3283,#3284));
#3281 = ORIENTED_EDGE('',*,*,#3260,.F.);
#3282 = ORIENTED_EDGE('',*,*,#2541,.T.);
#3283 = ORIENTED_EDGE('',*,*,#3203,.T.);
#3284 = ORIENTED_EDGE('',*,*,#3285,.F.);
#3285 = EDGE_CURVE('',#3261,#3204,#3286,.T.);
#3286 = LINE('',#3287,#3288);
#3287 = CARTESIAN_POINT('',(-0.6,-0.3,5.3));
#3288 = VECTOR('',#3289,1.);
#3289 = DIRECTION('',(1.,-1.110223024625E-16,0.));
#3290 = PLANE('',#3291);
#3291 = AXIS2_PLACEMENT_3D('',#3292,#3293,#3294);
#3292 = CARTESIAN_POINT('',(-0.6,-0.45,5.45));
#3293 = DIRECTION('',(7.850462293414E-17,0.707106781187,0.707106781187)
  );
#3294 = DIRECTION('',(1.,-1.110223024625E-16,2.680278185005E-29));
#3295 = ADVANCED_FACE('',(#3296),#3307,.T.);
#3296 = FACE_BOUND('',#3297,.T.);
#3297 = EDGE_LOOP('',(#3298,#3299,#3300,#3306));
#3298 = ORIENTED_EDGE('',*,*,#2621,.F.);
#3299 = ORIENTED_EDGE('',*,*,#2631,.T.);
#3300 = ORIENTED_EDGE('',*,*,#3301,.T.);
#3301 = EDGE_CURVE('',#2632,#2672,#3302,.T.);
#3302 = LINE('',#3303,#3304);
#3303 = CARTESIAN_POINT('',(-0.1,-6.3,0.2));
#3304 = VECTOR('',#3305,1.);
#3305 = DIRECTION('',(1.,-1.110223024625E-16,0.));
#3306 = ORIENTED_EDGE('',*,*,#2679,.T.);
#3307 = PLANE('',#3308);
#3308 = AXIS2_PLACEMENT_3D('',#3309,#3310,#3311);
#3309 = CARTESIAN_POINT('',(-0.1,-6.3,0.2));
#3310 = DIRECTION('',(0.,0.,-1.));
#3311 = DIRECTION('',(-1.110223024625E-16,-1.,0.));
#3312 = ADVANCED_FACE('',(#3313),#3354,.F.);
#3313 = FACE_BOUND('',#3314,.F.);
#3314 = EDGE_LOOP('',(#3315,#3323,#3324,#3332,#3340,#3348));
#3315 = ORIENTED_EDGE('',*,*,#3316,.T.);
#3316 = EDGE_CURVE('',#3317,#2672,#3319,.T.);
#3317 = VERTEX_POINT('',#3318);
#3318 = CARTESIAN_POINT('',(0.1,-6.3,-2.1));
#3319 = LINE('',#3320,#3321);
#3320 = CARTESIAN_POINT('',(0.1,-6.3,-2.1));
#3321 = VECTOR('',#3322,1.);
#3322 = DIRECTION('',(0.,0.,1.));
#3323 = ORIENTED_EDGE('',*,*,#2671,.F.);
#3324 = ORIENTED_EDGE('',*,*,#3325,.T.);
#3325 = EDGE_CURVE('',#2664,#3326,#3328,.T.);
#3326 = VERTEX_POINT('',#3327);
#3327 = CARTESIAN_POINT('',(0.1,-5.7,-2.1));
#3328 = LINE('',#3329,#3330);
#3329 = CARTESIAN_POINT('',(0.1,-5.7,0.2));
#3330 = VECTOR('',#3331,1.);
#3331 = DIRECTION('',(0.,0.,-1.));
#3332 = ORIENTED_EDGE('',*,*,#3333,.T.);
#3333 = EDGE_CURVE('',#3326,#3334,#3336,.T.);
#3334 = VERTEX_POINT('',#3335);
#3335 = CARTESIAN_POINT('',(0.1,-5.85,-2.7));
#3336 = LINE('',#3337,#3338);
#3337 = CARTESIAN_POINT('',(0.1,-5.7,-2.1));
#3338 = VECTOR('',#3339,1.);
#3339 = DIRECTION('',(-2.692686352073E-17,-0.242535625036,
    -0.970142500145));
#3340 = ORIENTED_EDGE('',*,*,#3341,.T.);
#3341 = EDGE_CURVE('',#3334,#3342,#3344,.T.);
#3342 = VERTEX_POINT('',#3343);
#3343 = CARTESIAN_POINT('',(0.1,-6.15,-2.7));
#3344 = LINE('',#3345,#3346);
#3345 = CARTESIAN_POINT('',(0.1,-5.85,-2.7));
#3346 = VECTOR('',#3347,1.);
#3347 = DIRECTION('',(-1.110223024625E-16,-1.,0.));
#3348 = ORIENTED_EDGE('',*,*,#3349,.T.);
#3349 = EDGE_CURVE('',#3342,#3317,#3350,.T.);
#3350 = LINE('',#3351,#3352);
#3351 = CARTESIAN_POINT('',(0.1,-6.15,-2.7));
#3352 = VECTOR('',#3353,1.);
#3353 = DIRECTION('',(-2.692686352073E-17,-0.242535625036,0.970142500145
    ));
#3354 = PLANE('',#3355);
#3355 = AXIS2_PLACEMENT_3D('',#3356,#3357,#3358);
#3356 = CARTESIAN_POINT('',(0.1,-6.,2.448597401424));
#3357 = DIRECTION('',(-1.,1.110223024625E-16,0.));
#3358 = DIRECTION('',(0.,0.,1.));
#3359 = ADVANCED_FACE('',(#3360),#3371,.T.);
#3360 = FACE_BOUND('',#3361,.T.);
#3361 = EDGE_LOOP('',(#3362,#3368,#3369,#3370));
#3362 = ORIENTED_EDGE('',*,*,#3363,.F.);
#3363 = EDGE_CURVE('',#2640,#2664,#3364,.T.);
#3364 = LINE('',#3365,#3366);
#3365 = CARTESIAN_POINT('',(-0.1,-5.7,0.2));
#3366 = VECTOR('',#3367,1.);
#3367 = DIRECTION('',(1.,-1.110223024625E-16,0.));
#3368 = ORIENTED_EDGE('',*,*,#2647,.T.);
#3369 = ORIENTED_EDGE('',*,*,#2655,.T.);
#3370 = ORIENTED_EDGE('',*,*,#2663,.T.);
#3371 = PLANE('',#3372);
#3372 = AXIS2_PLACEMENT_3D('',#3373,#3374,#3375);
#3373 = CARTESIAN_POINT('',(-0.1,-6.3,0.2));
#3374 = DIRECTION('',(0.,0.,-1.));
#3375 = DIRECTION('',(-1.110223024625E-16,-1.,0.));
#3376 = ADVANCED_FACE('',(#3377),#3418,.T.);
#3377 = FACE_BOUND('',#3378,.T.);
#3378 = EDGE_LOOP('',(#3379,#3387,#3388,#3396,#3404,#3412));
#3379 = ORIENTED_EDGE('',*,*,#3380,.T.);
#3380 = EDGE_CURVE('',#3381,#2632,#3383,.T.);
#3381 = VERTEX_POINT('',#3382);
#3382 = CARTESIAN_POINT('',(-0.1,-6.3,-2.1));
#3383 = LINE('',#3384,#3385);
#3384 = CARTESIAN_POINT('',(-0.1,-6.3,-2.1));
#3385 = VECTOR('',#3386,1.);
#3386 = DIRECTION('',(0.,0.,1.));
#3387 = ORIENTED_EDGE('',*,*,#2639,.F.);
#3388 = ORIENTED_EDGE('',*,*,#3389,.T.);
#3389 = EDGE_CURVE('',#2640,#3390,#3392,.T.);
#3390 = VERTEX_POINT('',#3391);
#3391 = CARTESIAN_POINT('',(-0.1,-5.7,-2.1));
#3392 = LINE('',#3393,#3394);
#3393 = CARTESIAN_POINT('',(-0.1,-5.7,0.2));
#3394 = VECTOR('',#3395,1.);
#3395 = DIRECTION('',(0.,0.,-1.));
#3396 = ORIENTED_EDGE('',*,*,#3397,.T.);
#3397 = EDGE_CURVE('',#3390,#3398,#3400,.T.);
#3398 = VERTEX_POINT('',#3399);
#3399 = CARTESIAN_POINT('',(-0.1,-5.85,-2.7));
#3400 = LINE('',#3401,#3402);
#3401 = CARTESIAN_POINT('',(-0.1,-5.7,-2.1));
#3402 = VECTOR('',#3403,1.);
#3403 = DIRECTION('',(-2.692686352073E-17,-0.242535625036,
    -0.970142500145));
#3404 = ORIENTED_EDGE('',*,*,#3405,.F.);
#3405 = EDGE_CURVE('',#3406,#3398,#3408,.T.);
#3406 = VERTEX_POINT('',#3407);
#3407 = CARTESIAN_POINT('',(-0.1,-6.15,-2.7));
#3408 = LINE('',#3409,#3410);
#3409 = CARTESIAN_POINT('',(-0.1,-6.15,-2.7));
#3410 = VECTOR('',#3411,1.);
#3411 = DIRECTION('',(1.110223024625E-16,1.,0.));
#3412 = ORIENTED_EDGE('',*,*,#3413,.T.);
#3413 = EDGE_CURVE('',#3406,#3381,#3414,.T.);
#3414 = LINE('',#3415,#3416);
#3415 = CARTESIAN_POINT('',(-0.1,-6.15,-2.7));
#3416 = VECTOR('',#3417,1.);
#3417 = DIRECTION('',(-2.692686352073E-17,-0.242535625036,0.970142500145
    ));
#3418 = PLANE('',#3419);
#3419 = AXIS2_PLACEMENT_3D('',#3420,#3421,#3422);
#3420 = CARTESIAN_POINT('',(-0.1,-6.,2.448597401424));
#3421 = DIRECTION('',(-1.,1.110223024625E-16,0.));
#3422 = DIRECTION('',(0.,0.,1.));
#3423 = ADVANCED_FACE('',(#3424),#3435,.T.);
#3424 = FACE_BOUND('',#3425,.T.);
#3425 = EDGE_LOOP('',(#3426,#3427,#3428,#3434));
#3426 = ORIENTED_EDGE('',*,*,#2687,.F.);
#3427 = ORIENTED_EDGE('',*,*,#2697,.T.);
#3428 = ORIENTED_EDGE('',*,*,#3429,.T.);
#3429 = EDGE_CURVE('',#2698,#2738,#3430,.T.);
#3430 = LINE('',#3431,#3432);
#3431 = CARTESIAN_POINT('',(-0.1,-4.3,0.2));
#3432 = VECTOR('',#3433,1.);
#3433 = DIRECTION('',(1.,-1.110223024625E-16,0.));
#3434 = ORIENTED_EDGE('',*,*,#2745,.T.);
#3435 = PLANE('',#3436);
#3436 = AXIS2_PLACEMENT_3D('',#3437,#3438,#3439);
#3437 = CARTESIAN_POINT('',(-0.1,-4.3,0.2));
#3438 = DIRECTION('',(0.,0.,-1.));
#3439 = DIRECTION('',(-1.110223024625E-16,-1.,0.));
#3440 = ADVANCED_FACE('',(#3441),#3482,.F.);
#3441 = FACE_BOUND('',#3442,.F.);
#3442 = EDGE_LOOP('',(#3443,#3451,#3452,#3460,#3468,#3476));
#3443 = ORIENTED_EDGE('',*,*,#3444,.T.);
#3444 = EDGE_CURVE('',#3445,#2738,#3447,.T.);
#3445 = VERTEX_POINT('',#3446);
#3446 = CARTESIAN_POINT('',(0.1,-4.3,-2.1));
#3447 = LINE('',#3448,#3449);
#3448 = CARTESIAN_POINT('',(0.1,-4.3,-2.1));
#3449 = VECTOR('',#3450,1.);
#3450 = DIRECTION('',(0.,0.,1.));
#3451 = ORIENTED_EDGE('',*,*,#2737,.F.);
#3452 = ORIENTED_EDGE('',*,*,#3453,.T.);
#3453 = EDGE_CURVE('',#2730,#3454,#3456,.T.);
#3454 = VERTEX_POINT('',#3455);
#3455 = CARTESIAN_POINT('',(0.1,-3.7,-2.1));
#3456 = LINE('',#3457,#3458);
#3457 = CARTESIAN_POINT('',(0.1,-3.7,0.2));
#3458 = VECTOR('',#3459,1.);
#3459 = DIRECTION('',(0.,0.,-1.));
#3460 = ORIENTED_EDGE('',*,*,#3461,.T.);
#3461 = EDGE_CURVE('',#3454,#3462,#3464,.T.);
#3462 = VERTEX_POINT('',#3463);
#3463 = CARTESIAN_POINT('',(0.1,-3.85,-2.7));
#3464 = LINE('',#3465,#3466);
#3465 = CARTESIAN_POINT('',(0.1,-3.7,-2.1));
#3466 = VECTOR('',#3467,1.);
#3467 = DIRECTION('',(-2.692686352073E-17,-0.242535625036,
    -0.970142500145));
#3468 = ORIENTED_EDGE('',*,*,#3469,.T.);
#3469 = EDGE_CURVE('',#3462,#3470,#3472,.T.);
#3470 = VERTEX_POINT('',#3471);
#3471 = CARTESIAN_POINT('',(0.1,-4.15,-2.7));
#3472 = LINE('',#3473,#3474);
#3473 = CARTESIAN_POINT('',(0.1,-3.85,-2.7));
#3474 = VECTOR('',#3475,1.);
#3475 = DIRECTION('',(-1.110223024625E-16,-1.,0.));
#3476 = ORIENTED_EDGE('',*,*,#3477,.T.);
#3477 = EDGE_CURVE('',#3470,#3445,#3478,.T.);
#3478 = LINE('',#3479,#3480);
#3479 = CARTESIAN_POINT('',(0.1,-4.15,-2.7));
#3480 = VECTOR('',#3481,1.);
#3481 = DIRECTION('',(-2.692686352073E-17,-0.242535625036,0.970142500145
    ));
#3482 = PLANE('',#3483);
#3483 = AXIS2_PLACEMENT_3D('',#3484,#3485,#3486);
#3484 = CARTESIAN_POINT('',(0.1,-4.,2.448597401424));
#3485 = DIRECTION('',(-1.,1.110223024625E-16,0.));
#3486 = DIRECTION('',(0.,0.,1.));
#3487 = ADVANCED_FACE('',(#3488),#3499,.T.);
#3488 = FACE_BOUND('',#3489,.T.);
#3489 = EDGE_LOOP('',(#3490,#3496,#3497,#3498));
#3490 = ORIENTED_EDGE('',*,*,#3491,.F.);
#3491 = EDGE_CURVE('',#2706,#2730,#3492,.T.);
#3492 = LINE('',#3493,#3494);
#3493 = CARTESIAN_POINT('',(-0.1,-3.7,0.2));
#3494 = VECTOR('',#3495,1.);
#3495 = DIRECTION('',(1.,-1.110223024625E-16,0.));
#3496 = ORIENTED_EDGE('',*,*,#2713,.T.);
#3497 = ORIENTED_EDGE('',*,*,#2721,.T.);
#3498 = ORIENTED_EDGE('',*,*,#2729,.T.);
#3499 = PLANE('',#3500);
#3500 = AXIS2_PLACEMENT_3D('',#3501,#3502,#3503);
#3501 = CARTESIAN_POINT('',(-0.1,-4.3,0.2));
#3502 = DIRECTION('',(0.,0.,-1.));
#3503 = DIRECTION('',(-1.110223024625E-16,-1.,0.));
#3504 = ADVANCED_FACE('',(#3505),#3546,.T.);
#3505 = FACE_BOUND('',#3506,.T.);
#3506 = EDGE_LOOP('',(#3507,#3515,#3516,#3524,#3532,#3540));
#3507 = ORIENTED_EDGE('',*,*,#3508,.T.);
#3508 = EDGE_CURVE('',#3509,#2698,#3511,.T.);
#3509 = VERTEX_POINT('',#3510);
#3510 = CARTESIAN_POINT('',(-0.1,-4.3,-2.1));
#3511 = LINE('',#3512,#3513);
#3512 = CARTESIAN_POINT('',(-0.1,-4.3,-2.1));
#3513 = VECTOR('',#3514,1.);
#3514 = DIRECTION('',(0.,0.,1.));
#3515 = ORIENTED_EDGE('',*,*,#2705,.F.);
#3516 = ORIENTED_EDGE('',*,*,#3517,.T.);
#3517 = EDGE_CURVE('',#2706,#3518,#3520,.T.);
#3518 = VERTEX_POINT('',#3519);
#3519 = CARTESIAN_POINT('',(-0.1,-3.7,-2.1));
#3520 = LINE('',#3521,#3522);
#3521 = CARTESIAN_POINT('',(-0.1,-3.7,0.2));
#3522 = VECTOR('',#3523,1.);
#3523 = DIRECTION('',(0.,0.,-1.));
#3524 = ORIENTED_EDGE('',*,*,#3525,.T.);
#3525 = EDGE_CURVE('',#3518,#3526,#3528,.T.);
#3526 = VERTEX_POINT('',#3527);
#3527 = CARTESIAN_POINT('',(-0.1,-3.85,-2.7));
#3528 = LINE('',#3529,#3530);
#3529 = CARTESIAN_POINT('',(-0.1,-3.7,-2.1));
#3530 = VECTOR('',#3531,1.);
#3531 = DIRECTION('',(-2.692686352073E-17,-0.242535625036,
    -0.970142500145));
#3532 = ORIENTED_EDGE('',*,*,#3533,.F.);
#3533 = EDGE_CURVE('',#3534,#3526,#3536,.T.);
#3534 = VERTEX_POINT('',#3535);
#3535 = CARTESIAN_POINT('',(-0.1,-4.15,-2.7));
#3536 = LINE('',#3537,#3538);
#3537 = CARTESIAN_POINT('',(-0.1,-4.15,-2.7));
#3538 = VECTOR('',#3539,1.);
#3539 = DIRECTION('',(1.110223024625E-16,1.,0.));
#3540 = ORIENTED_EDGE('',*,*,#3541,.T.);
#3541 = EDGE_CURVE('',#3534,#3509,#3542,.T.);
#3542 = LINE('',#3543,#3544);
#3543 = CARTESIAN_POINT('',(-0.1,-4.15,-2.7));
#3544 = VECTOR('',#3545,1.);
#3545 = DIRECTION('',(-2.692686352073E-17,-0.242535625036,0.970142500145
    ));
#3546 = PLANE('',#3547);
#3547 = AXIS2_PLACEMENT_3D('',#3548,#3549,#3550);
#3548 = CARTESIAN_POINT('',(-0.1,-4.,2.448597401424));
#3549 = DIRECTION('',(-1.,1.110223024625E-16,0.));
#3550 = DIRECTION('',(0.,0.,1.));
#3551 = ADVANCED_FACE('',(#3552),#3563,.T.);
#3552 = FACE_BOUND('',#3553,.T.);
#3553 = EDGE_LOOP('',(#3554,#3555,#3556,#3562));
#3554 = ORIENTED_EDGE('',*,*,#2753,.F.);
#3555 = ORIENTED_EDGE('',*,*,#2763,.T.);
#3556 = ORIENTED_EDGE('',*,*,#3557,.T.);
#3557 = EDGE_CURVE('',#2764,#2804,#3558,.T.);
#3558 = LINE('',#3559,#3560);
#3559 = CARTESIAN_POINT('',(-0.1,-2.3,0.2));
#3560 = VECTOR('',#3561,1.);
#3561 = DIRECTION('',(1.,-1.110223024625E-16,0.));
#3562 = ORIENTED_EDGE('',*,*,#2811,.T.);
#3563 = PLANE('',#3564);
#3564 = AXIS2_PLACEMENT_3D('',#3565,#3566,#3567);
#3565 = CARTESIAN_POINT('',(-0.1,-2.3,0.2));
#3566 = DIRECTION('',(0.,0.,-1.));
#3567 = DIRECTION('',(-1.110223024625E-16,-1.,0.));
#3568 = ADVANCED_FACE('',(#3569),#3610,.F.);
#3569 = FACE_BOUND('',#3570,.F.);
#3570 = EDGE_LOOP('',(#3571,#3579,#3580,#3588,#3596,#3604));
#3571 = ORIENTED_EDGE('',*,*,#3572,.T.);
#3572 = EDGE_CURVE('',#3573,#2804,#3575,.T.);
#3573 = VERTEX_POINT('',#3574);
#3574 = CARTESIAN_POINT('',(0.1,-2.3,-2.1));
#3575 = LINE('',#3576,#3577);
#3576 = CARTESIAN_POINT('',(0.1,-2.3,-2.1));
#3577 = VECTOR('',#3578,1.);
#3578 = DIRECTION('',(0.,0.,1.));
#3579 = ORIENTED_EDGE('',*,*,#2803,.F.);
#3580 = ORIENTED_EDGE('',*,*,#3581,.T.);
#3581 = EDGE_CURVE('',#2796,#3582,#3584,.T.);
#3582 = VERTEX_POINT('',#3583);
#3583 = CARTESIAN_POINT('',(0.1,-1.7,-2.1));
#3584 = LINE('',#3585,#3586);
#3585 = CARTESIAN_POINT('',(0.1,-1.7,0.2));
#3586 = VECTOR('',#3587,1.);
#3587 = DIRECTION('',(0.,0.,-1.));
#3588 = ORIENTED_EDGE('',*,*,#3589,.T.);
#3589 = EDGE_CURVE('',#3582,#3590,#3592,.T.);
#3590 = VERTEX_POINT('',#3591);
#3591 = CARTESIAN_POINT('',(0.1,-1.85,-2.7));
#3592 = LINE('',#3593,#3594);
#3593 = CARTESIAN_POINT('',(0.1,-1.7,-2.1));
#3594 = VECTOR('',#3595,1.);
#3595 = DIRECTION('',(-2.692686352073E-17,-0.242535625036,
    -0.970142500145));
#3596 = ORIENTED_EDGE('',*,*,#3597,.T.);
#3597 = EDGE_CURVE('',#3590,#3598,#3600,.T.);
#3598 = VERTEX_POINT('',#3599);
#3599 = CARTESIAN_POINT('',(0.1,-2.15,-2.7));
#3600 = LINE('',#3601,#3602);
#3601 = CARTESIAN_POINT('',(0.1,-1.85,-2.7));
#3602 = VECTOR('',#3603,1.);
#3603 = DIRECTION('',(-1.110223024625E-16,-1.,0.));
#3604 = ORIENTED_EDGE('',*,*,#3605,.T.);
#3605 = EDGE_CURVE('',#3598,#3573,#3606,.T.);
#3606 = LINE('',#3607,#3608);
#3607 = CARTESIAN_POINT('',(0.1,-2.15,-2.7));
#3608 = VECTOR('',#3609,1.);
#3609 = DIRECTION('',(-2.692686352073E-17,-0.242535625036,0.970142500145
    ));
#3610 = PLANE('',#3611);
#3611 = AXIS2_PLACEMENT_3D('',#3612,#3613,#3614);
#3612 = CARTESIAN_POINT('',(0.1,-2.,2.448597401424));
#3613 = DIRECTION('',(-1.,1.110223024625E-16,0.));
#3614 = DIRECTION('',(0.,0.,1.));
#3615 = ADVANCED_FACE('',(#3616),#3627,.T.);
#3616 = FACE_BOUND('',#3617,.T.);
#3617 = EDGE_LOOP('',(#3618,#3624,#3625,#3626));
#3618 = ORIENTED_EDGE('',*,*,#3619,.F.);
#3619 = EDGE_CURVE('',#2772,#2796,#3620,.T.);
#3620 = LINE('',#3621,#3622);
#3621 = CARTESIAN_POINT('',(-0.1,-1.7,0.2));
#3622 = VECTOR('',#3623,1.);
#3623 = DIRECTION('',(1.,-1.110223024625E-16,0.));
#3624 = ORIENTED_EDGE('',*,*,#2779,.T.);
#3625 = ORIENTED_EDGE('',*,*,#2787,.T.);
#3626 = ORIENTED_EDGE('',*,*,#2795,.T.);
#3627 = PLANE('',#3628);
#3628 = AXIS2_PLACEMENT_3D('',#3629,#3630,#3631);
#3629 = CARTESIAN_POINT('',(-0.1,-2.3,0.2));
#3630 = DIRECTION('',(0.,0.,-1.));
#3631 = DIRECTION('',(-1.110223024625E-16,-1.,0.));
#3632 = ADVANCED_FACE('',(#3633),#3674,.T.);
#3633 = FACE_BOUND('',#3634,.T.);
#3634 = EDGE_LOOP('',(#3635,#3643,#3644,#3652,#3660,#3668));
#3635 = ORIENTED_EDGE('',*,*,#3636,.T.);
#3636 = EDGE_CURVE('',#3637,#2764,#3639,.T.);
#3637 = VERTEX_POINT('',#3638);
#3638 = CARTESIAN_POINT('',(-0.1,-2.3,-2.1));
#3639 = LINE('',#3640,#3641);
#3640 = CARTESIAN_POINT('',(-0.1,-2.3,-2.1));
#3641 = VECTOR('',#3642,1.);
#3642 = DIRECTION('',(0.,0.,1.));
#3643 = ORIENTED_EDGE('',*,*,#2771,.F.);
#3644 = ORIENTED_EDGE('',*,*,#3645,.T.);
#3645 = EDGE_CURVE('',#2772,#3646,#3648,.T.);
#3646 = VERTEX_POINT('',#3647);
#3647 = CARTESIAN_POINT('',(-0.1,-1.7,-2.1));
#3648 = LINE('',#3649,#3650);
#3649 = CARTESIAN_POINT('',(-0.1,-1.7,0.2));
#3650 = VECTOR('',#3651,1.);
#3651 = DIRECTION('',(0.,0.,-1.));
#3652 = ORIENTED_EDGE('',*,*,#3653,.T.);
#3653 = EDGE_CURVE('',#3646,#3654,#3656,.T.);
#3654 = VERTEX_POINT('',#3655);
#3655 = CARTESIAN_POINT('',(-0.1,-1.85,-2.7));
#3656 = LINE('',#3657,#3658);
#3657 = CARTESIAN_POINT('',(-0.1,-1.7,-2.1));
#3658 = VECTOR('',#3659,1.);
#3659 = DIRECTION('',(-2.692686352073E-17,-0.242535625036,
    -0.970142500145));
#3660 = ORIENTED_EDGE('',*,*,#3661,.F.);
#3661 = EDGE_CURVE('',#3662,#3654,#3664,.T.);
#3662 = VERTEX_POINT('',#3663);
#3663 = CARTESIAN_POINT('',(-0.1,-2.15,-2.7));
#3664 = LINE('',#3665,#3666);
#3665 = CARTESIAN_POINT('',(-0.1,-2.15,-2.7));
#3666 = VECTOR('',#3667,1.);
#3667 = DIRECTION('',(1.110223024625E-16,1.,0.));
#3668 = ORIENTED_EDGE('',*,*,#3669,.T.);
#3669 = EDGE_CURVE('',#3662,#3637,#3670,.T.);
#3670 = LINE('',#3671,#3672);
#3671 = CARTESIAN_POINT('',(-0.1,-2.15,-2.7));
#3672 = VECTOR('',#3673,1.);
#3673 = DIRECTION('',(-2.692686352073E-17,-0.242535625036,0.970142500145
    ));
#3674 = PLANE('',#3675);
#3675 = AXIS2_PLACEMENT_3D('',#3676,#3677,#3678);
#3676 = CARTESIAN_POINT('',(-0.1,-2.,2.448597401424));
#3677 = DIRECTION('',(-1.,1.110223024625E-16,0.));
#3678 = DIRECTION('',(0.,0.,1.));
#3679 = ADVANCED_FACE('',(#3680),#3691,.T.);
#3680 = FACE_BOUND('',#3681,.T.);
#3681 = EDGE_LOOP('',(#3682,#3683,#3684,#3690));
#3682 = ORIENTED_EDGE('',*,*,#2819,.F.);
#3683 = ORIENTED_EDGE('',*,*,#2829,.T.);
#3684 = ORIENTED_EDGE('',*,*,#3685,.T.);
#3685 = EDGE_CURVE('',#2830,#2870,#3686,.T.);
#3686 = LINE('',#3687,#3688);
#3687 = CARTESIAN_POINT('',(-0.1,-0.3,0.2));
#3688 = VECTOR('',#3689,1.);
#3689 = DIRECTION('',(1.,-1.110223024625E-16,0.));
#3690 = ORIENTED_EDGE('',*,*,#2877,.T.);
#3691 = PLANE('',#3692);
#3692 = AXIS2_PLACEMENT_3D('',#3693,#3694,#3695);
#3693 = CARTESIAN_POINT('',(-0.1,-0.3,0.2));
#3694 = DIRECTION('',(0.,0.,-1.));
#3695 = DIRECTION('',(-1.110223024625E-16,-1.,0.));
#3696 = ADVANCED_FACE('',(#3697),#3738,.F.);
#3697 = FACE_BOUND('',#3698,.F.);
#3698 = EDGE_LOOP('',(#3699,#3707,#3708,#3716,#3724,#3732));
#3699 = ORIENTED_EDGE('',*,*,#3700,.T.);
#3700 = EDGE_CURVE('',#3701,#2870,#3703,.T.);
#3701 = VERTEX_POINT('',#3702);
#3702 = CARTESIAN_POINT('',(0.1,-0.3,-2.1));
#3703 = LINE('',#3704,#3705);
#3704 = CARTESIAN_POINT('',(0.1,-0.3,-2.1));
#3705 = VECTOR('',#3706,1.);
#3706 = DIRECTION('',(0.,0.,1.));
#3707 = ORIENTED_EDGE('',*,*,#2869,.F.);
#3708 = ORIENTED_EDGE('',*,*,#3709,.T.);
#3709 = EDGE_CURVE('',#2862,#3710,#3712,.T.);
#3710 = VERTEX_POINT('',#3711);
#3711 = CARTESIAN_POINT('',(0.1,0.3,-2.1));
#3712 = LINE('',#3713,#3714);
#3713 = CARTESIAN_POINT('',(0.1,0.3,0.2));
#3714 = VECTOR('',#3715,1.);
#3715 = DIRECTION('',(0.,0.,-1.));
#3716 = ORIENTED_EDGE('',*,*,#3717,.T.);
#3717 = EDGE_CURVE('',#3710,#3718,#3720,.T.);
#3718 = VERTEX_POINT('',#3719);
#3719 = CARTESIAN_POINT('',(0.1,0.15,-2.7));
#3720 = LINE('',#3721,#3722);
#3721 = CARTESIAN_POINT('',(0.1,0.3,-2.1));
#3722 = VECTOR('',#3723,1.);
#3723 = DIRECTION('',(-2.692686352073E-17,-0.242535625036,
    -0.970142500145));
#3724 = ORIENTED_EDGE('',*,*,#3725,.T.);
#3725 = EDGE_CURVE('',#3718,#3726,#3728,.T.);
#3726 = VERTEX_POINT('',#3727);
#3727 = CARTESIAN_POINT('',(0.1,-0.15,-2.7));
#3728 = LINE('',#3729,#3730);
#3729 = CARTESIAN_POINT('',(0.1,0.15,-2.7));
#3730 = VECTOR('',#3731,1.);
#3731 = DIRECTION('',(-1.110223024625E-16,-1.,0.));
#3732 = ORIENTED_EDGE('',*,*,#3733,.T.);
#3733 = EDGE_CURVE('',#3726,#3701,#3734,.T.);
#3734 = LINE('',#3735,#3736);
#3735 = CARTESIAN_POINT('',(0.1,-0.15,-2.7));
#3736 = VECTOR('',#3737,1.);
#3737 = DIRECTION('',(-2.692686352073E-17,-0.242535625036,0.970142500145
    ));
#3738 = PLANE('',#3739);
#3739 = AXIS2_PLACEMENT_3D('',#3740,#3741,#3742);
#3740 = CARTESIAN_POINT('',(0.1,-1.110223024625E-17,2.448597401424));
#3741 = DIRECTION('',(-1.,1.110223024625E-16,0.));
#3742 = DIRECTION('',(0.,0.,1.));
#3743 = ADVANCED_FACE('',(#3744),#3755,.T.);
#3744 = FACE_BOUND('',#3745,.T.);
#3745 = EDGE_LOOP('',(#3746,#3752,#3753,#3754));
#3746 = ORIENTED_EDGE('',*,*,#3747,.F.);
#3747 = EDGE_CURVE('',#2838,#2862,#3748,.T.);
#3748 = LINE('',#3749,#3750);
#3749 = CARTESIAN_POINT('',(-0.1,0.3,0.2));
#3750 = VECTOR('',#3751,1.);
#3751 = DIRECTION('',(1.,-1.110223024625E-16,0.));
#3752 = ORIENTED_EDGE('',*,*,#2845,.T.);
#3753 = ORIENTED_EDGE('',*,*,#2853,.T.);
#3754 = ORIENTED_EDGE('',*,*,#2861,.T.);
#3755 = PLANE('',#3756);
#3756 = AXIS2_PLACEMENT_3D('',#3757,#3758,#3759);
#3757 = CARTESIAN_POINT('',(-0.1,-0.3,0.2));
#3758 = DIRECTION('',(0.,0.,-1.));
#3759 = DIRECTION('',(-1.110223024625E-16,-1.,0.));
#3760 = ADVANCED_FACE('',(#3761),#3802,.T.);
#3761 = FACE_BOUND('',#3762,.T.);
#3762 = EDGE_LOOP('',(#3763,#3771,#3772,#3780,#3788,#3796));
#3763 = ORIENTED_EDGE('',*,*,#3764,.T.);
#3764 = EDGE_CURVE('',#3765,#2830,#3767,.T.);
#3765 = VERTEX_POINT('',#3766);
#3766 = CARTESIAN_POINT('',(-0.1,-0.3,-2.1));
#3767 = LINE('',#3768,#3769);
#3768 = CARTESIAN_POINT('',(-0.1,-0.3,-2.1));
#3769 = VECTOR('',#3770,1.);
#3770 = DIRECTION('',(0.,0.,1.));
#3771 = ORIENTED_EDGE('',*,*,#2837,.F.);
#3772 = ORIENTED_EDGE('',*,*,#3773,.T.);
#3773 = EDGE_CURVE('',#2838,#3774,#3776,.T.);
#3774 = VERTEX_POINT('',#3775);
#3775 = CARTESIAN_POINT('',(-0.1,0.3,-2.1));
#3776 = LINE('',#3777,#3778);
#3777 = CARTESIAN_POINT('',(-0.1,0.3,0.2));
#3778 = VECTOR('',#3779,1.);
#3779 = DIRECTION('',(0.,0.,-1.));
#3780 = ORIENTED_EDGE('',*,*,#3781,.T.);
#3781 = EDGE_CURVE('',#3774,#3782,#3784,.T.);
#3782 = VERTEX_POINT('',#3783);
#3783 = CARTESIAN_POINT('',(-0.1,0.15,-2.7));
#3784 = LINE('',#3785,#3786);
#3785 = CARTESIAN_POINT('',(-0.1,0.3,-2.1));
#3786 = VECTOR('',#3787,1.);
#3787 = DIRECTION('',(-2.692686352073E-17,-0.242535625036,
    -0.970142500145));
#3788 = ORIENTED_EDGE('',*,*,#3789,.F.);
#3789 = EDGE_CURVE('',#3790,#3782,#3792,.T.);
#3790 = VERTEX_POINT('',#3791);
#3791 = CARTESIAN_POINT('',(-0.1,-0.15,-2.7));
#3792 = LINE('',#3793,#3794);
#3793 = CARTESIAN_POINT('',(-0.1,-0.15,-2.7));
#3794 = VECTOR('',#3795,1.);
#3795 = DIRECTION('',(1.110223024625E-16,1.,0.));
#3796 = ORIENTED_EDGE('',*,*,#3797,.T.);
#3797 = EDGE_CURVE('',#3790,#3765,#3798,.T.);
#3798 = LINE('',#3799,#3800);
#3799 = CARTESIAN_POINT('',(-0.1,-0.15,-2.7));
#3800 = VECTOR('',#3801,1.);
#3801 = DIRECTION('',(-2.692686352073E-17,-0.242535625036,0.970142500145
    ));
#3802 = PLANE('',#3803);
#3803 = AXIS2_PLACEMENT_3D('',#3804,#3805,#3806);
#3804 = CARTESIAN_POINT('',(-0.1,1.110223024625E-17,2.448597401424));
#3805 = DIRECTION('',(-1.,1.110223024625E-16,0.));
#3806 = DIRECTION('',(0.,0.,1.));
#3807 = ADVANCED_FACE('',(#3808),#3833,.F.);
#3808 = FACE_BOUND('',#3809,.F.);
#3809 = EDGE_LOOP('',(#3810,#3818,#3826,#3832));
#3810 = ORIENTED_EDGE('',*,*,#3811,.T.);
#3811 = EDGE_CURVE('',#2916,#3812,#3814,.T.);
#3812 = VERTEX_POINT('',#3813);
#3813 = CARTESIAN_POINT('',(0.3,-6.3,0.9));
#3814 = LINE('',#3815,#3816);
#3815 = CARTESIAN_POINT('',(0.3,-6.3,5.3));
#3816 = VECTOR('',#3817,1.);
#3817 = DIRECTION('',(0.,0.,-1.));
#3818 = ORIENTED_EDGE('',*,*,#3819,.T.);
#3819 = EDGE_CURVE('',#3812,#3820,#3822,.T.);
#3820 = VERTEX_POINT('',#3821);
#3821 = CARTESIAN_POINT('',(0.3,-5.7,0.9));
#3822 = LINE('',#3823,#3824);
#3823 = CARTESIAN_POINT('',(0.3,-6.3,0.9));
#3824 = VECTOR('',#3825,1.);
#3825 = DIRECTION('',(1.110223024625E-16,1.,0.));
#3826 = ORIENTED_EDGE('',*,*,#3827,.F.);
#3827 = EDGE_CURVE('',#2925,#3820,#3828,.T.);
#3828 = LINE('',#3829,#3830);
#3829 = CARTESIAN_POINT('',(0.3,-5.7,5.3));
#3830 = VECTOR('',#3831,1.);
#3831 = DIRECTION('',(0.,0.,-1.));
#3832 = ORIENTED_EDGE('',*,*,#2932,.F.);
#3833 = PLANE('',#3834);
#3834 = AXIS2_PLACEMENT_3D('',#3835,#3836,#3837);
#3835 = CARTESIAN_POINT('',(0.3,-6.3,5.3));
#3836 = DIRECTION('',(1.,-1.110223024625E-16,0.));
#3837 = DIRECTION('',(1.110223024625E-16,1.,0.));
#3838 = ADVANCED_FACE('',(#3839),#3889,.F.);
#3839 = FACE_BOUND('',#3840,.F.);
#3840 = EDGE_LOOP('',(#3841,#3842,#3843,#3851,#3859,#3867,#3875,#3883));
#3841 = ORIENTED_EDGE('',*,*,#2956,.F.);
#3842 = ORIENTED_EDGE('',*,*,#3827,.T.);
#3843 = ORIENTED_EDGE('',*,*,#3844,.T.);
#3844 = EDGE_CURVE('',#3820,#3845,#3847,.T.);
#3845 = VERTEX_POINT('',#3846);
#3846 = CARTESIAN_POINT('',(0.1,-5.7,0.9));
#3847 = LINE('',#3848,#3849);
#3848 = CARTESIAN_POINT('',(0.3,-5.7,0.9));
#3849 = VECTOR('',#3850,1.);
#3850 = DIRECTION('',(-1.,1.110223024625E-16,0.));
#3851 = ORIENTED_EDGE('',*,*,#3852,.T.);
#3852 = EDGE_CURVE('',#3845,#3853,#3855,.T.);
#3853 = VERTEX_POINT('',#3854);
#3854 = CARTESIAN_POINT('',(0.1,-5.7,4.5));
#3855 = LINE('',#3856,#3857);
#3856 = CARTESIAN_POINT('',(0.1,-5.7,3.874298700712));
#3857 = VECTOR('',#3858,1.);
#3858 = DIRECTION('',(0.,0.,1.));
#3859 = ORIENTED_EDGE('',*,*,#3860,.F.);
#3860 = EDGE_CURVE('',#3861,#3853,#3863,.T.);
#3861 = VERTEX_POINT('',#3862);
#3862 = CARTESIAN_POINT('',(-0.1,-5.7,4.5));
#3863 = LINE('',#3864,#3865);
#3864 = CARTESIAN_POINT('',(-0.1,-5.7,4.5));
#3865 = VECTOR('',#3866,1.);
#3866 = DIRECTION('',(1.,-1.110223024625E-16,0.));
#3867 = ORIENTED_EDGE('',*,*,#3868,.F.);
#3868 = EDGE_CURVE('',#3869,#3861,#3871,.T.);
#3869 = VERTEX_POINT('',#3870);
#3870 = CARTESIAN_POINT('',(-0.1,-5.7,0.9));
#3871 = LINE('',#3872,#3873);
#3872 = CARTESIAN_POINT('',(-0.1,-5.7,3.874298700712));
#3873 = VECTOR('',#3874,1.);
#3874 = DIRECTION('',(0.,0.,1.));
#3875 = ORIENTED_EDGE('',*,*,#3876,.T.);
#3876 = EDGE_CURVE('',#3869,#3877,#3879,.T.);
#3877 = VERTEX_POINT('',#3878);
#3878 = CARTESIAN_POINT('',(-0.3,-5.7,0.9));
#3879 = LINE('',#3880,#3881);
#3880 = CARTESIAN_POINT('',(0.3,-5.7,0.9));
#3881 = VECTOR('',#3882,1.);
#3882 = DIRECTION('',(-1.,1.110223024625E-16,0.));
#3883 = ORIENTED_EDGE('',*,*,#3884,.F.);
#3884 = EDGE_CURVE('',#2949,#3877,#3885,.T.);
#3885 = LINE('',#3886,#3887);
#3886 = CARTESIAN_POINT('',(-0.3,-5.7,5.3));
#3887 = VECTOR('',#3888,1.);
#3888 = DIRECTION('',(0.,0.,-1.));
#3889 = PLANE('',#3890);
#3890 = AXIS2_PLACEMENT_3D('',#3891,#3892,#3893);
#3891 = CARTESIAN_POINT('',(0.3,-5.7,5.3));
#3892 = DIRECTION('',(1.110223024625E-16,1.,0.));
#3893 = DIRECTION('',(-1.,1.110223024625E-16,0.));
#3894 = ADVANCED_FACE('',(#3895),#3913,.F.);
#3895 = FACE_BOUND('',#3896,.F.);
#3896 = EDGE_LOOP('',(#3897,#3898,#3906,#3912));
#3897 = ORIENTED_EDGE('',*,*,#3884,.T.);
#3898 = ORIENTED_EDGE('',*,*,#3899,.T.);
#3899 = EDGE_CURVE('',#3877,#3900,#3902,.T.);
#3900 = VERTEX_POINT('',#3901);
#3901 = CARTESIAN_POINT('',(-0.3,-6.3,0.9));
#3902 = LINE('',#3903,#3904);
#3903 = CARTESIAN_POINT('',(-0.3,-5.7,0.9));
#3904 = VECTOR('',#3905,1.);
#3905 = DIRECTION('',(-1.110223024625E-16,-1.,0.));
#3906 = ORIENTED_EDGE('',*,*,#3907,.F.);
#3907 = EDGE_CURVE('',#2973,#3900,#3908,.T.);
#3908 = LINE('',#3909,#3910);
#3909 = CARTESIAN_POINT('',(-0.3,-6.3,5.3));
#3910 = VECTOR('',#3911,1.);
#3911 = DIRECTION('',(0.,0.,-1.));
#3912 = ORIENTED_EDGE('',*,*,#2980,.F.);
#3913 = PLANE('',#3914);
#3914 = AXIS2_PLACEMENT_3D('',#3915,#3916,#3917);
#3915 = CARTESIAN_POINT('',(-0.3,-5.7,5.3));
#3916 = DIRECTION('',(-1.,1.110223024625E-16,0.));
#3917 = DIRECTION('',(-1.110223024625E-16,-1.,0.));
#3918 = ADVANCED_FACE('',(#3919),#3962,.F.);
#3919 = FACE_BOUND('',#3920,.F.);
#3920 = EDGE_LOOP('',(#3921,#3922,#3923,#3931,#3939,#3947,#3955,#3961));
#3921 = ORIENTED_EDGE('',*,*,#2997,.F.);
#3922 = ORIENTED_EDGE('',*,*,#3907,.T.);
#3923 = ORIENTED_EDGE('',*,*,#3924,.T.);
#3924 = EDGE_CURVE('',#3900,#3925,#3927,.T.);
#3925 = VERTEX_POINT('',#3926);
#3926 = CARTESIAN_POINT('',(-0.1,-6.3,0.9));
#3927 = LINE('',#3928,#3929);
#3928 = CARTESIAN_POINT('',(-0.3,-6.3,0.9));
#3929 = VECTOR('',#3930,1.);
#3930 = DIRECTION('',(1.,-1.110223024625E-16,0.));
#3931 = ORIENTED_EDGE('',*,*,#3932,.F.);
#3932 = EDGE_CURVE('',#3933,#3925,#3935,.T.);
#3933 = VERTEX_POINT('',#3934);
#3934 = CARTESIAN_POINT('',(-0.1,-6.3,4.5));
#3935 = LINE('',#3936,#3937);
#3936 = CARTESIAN_POINT('',(-0.1,-6.3,3.874298700712));
#3937 = VECTOR('',#3938,1.);
#3938 = DIRECTION('',(0.,0.,-1.));
#3939 = ORIENTED_EDGE('',*,*,#3940,.T.);
#3940 = EDGE_CURVE('',#3933,#3941,#3943,.T.);
#3941 = VERTEX_POINT('',#3942);
#3942 = CARTESIAN_POINT('',(0.1,-6.3,4.5));
#3943 = LINE('',#3944,#3945);
#3944 = CARTESIAN_POINT('',(-0.1,-6.3,4.5));
#3945 = VECTOR('',#3946,1.);
#3946 = DIRECTION('',(1.,-1.110223024625E-16,0.));
#3947 = ORIENTED_EDGE('',*,*,#3948,.T.);
#3948 = EDGE_CURVE('',#3941,#3949,#3951,.T.);
#3949 = VERTEX_POINT('',#3950);
#3950 = CARTESIAN_POINT('',(0.1,-6.3,0.9));
#3951 = LINE('',#3952,#3953);
#3952 = CARTESIAN_POINT('',(0.1,-6.3,3.874298700712));
#3953 = VECTOR('',#3954,1.);
#3954 = DIRECTION('',(0.,0.,-1.));
#3955 = ORIENTED_EDGE('',*,*,#3956,.T.);
#3956 = EDGE_CURVE('',#3949,#3812,#3957,.T.);
#3957 = LINE('',#3958,#3959);
#3958 = CARTESIAN_POINT('',(-0.3,-6.3,0.9));
#3959 = VECTOR('',#3960,1.);
#3960 = DIRECTION('',(1.,-1.110223024625E-16,0.));
#3961 = ORIENTED_EDGE('',*,*,#3811,.F.);
#3962 = PLANE('',#3963);
#3963 = AXIS2_PLACEMENT_3D('',#3964,#3965,#3966);
#3964 = CARTESIAN_POINT('',(-0.3,-6.3,5.3));
#3965 = DIRECTION('',(-1.110223024625E-16,-1.,0.));
#3966 = DIRECTION('',(1.,-1.110223024625E-16,0.));
#3967 = ADVANCED_FACE('',(#3968),#3993,.F.);
#3968 = FACE_BOUND('',#3969,.F.);
#3969 = EDGE_LOOP('',(#3970,#3978,#3986,#3992));
#3970 = ORIENTED_EDGE('',*,*,#3971,.T.);
#3971 = EDGE_CURVE('',#3012,#3972,#3974,.T.);
#3972 = VERTEX_POINT('',#3973);
#3973 = CARTESIAN_POINT('',(0.3,-4.3,0.9));
#3974 = LINE('',#3975,#3976);
#3975 = CARTESIAN_POINT('',(0.3,-4.3,5.3));
#3976 = VECTOR('',#3977,1.);
#3977 = DIRECTION('',(0.,0.,-1.));
#3978 = ORIENTED_EDGE('',*,*,#3979,.T.);
#3979 = EDGE_CURVE('',#3972,#3980,#3982,.T.);
#3980 = VERTEX_POINT('',#3981);
#3981 = CARTESIAN_POINT('',(0.3,-3.7,0.9));
#3982 = LINE('',#3983,#3984);
#3983 = CARTESIAN_POINT('',(0.3,-4.3,0.9));
#3984 = VECTOR('',#3985,1.);
#3985 = DIRECTION('',(1.110223024625E-16,1.,0.));
#3986 = ORIENTED_EDGE('',*,*,#3987,.F.);
#3987 = EDGE_CURVE('',#3021,#3980,#3988,.T.);
#3988 = LINE('',#3989,#3990);
#3989 = CARTESIAN_POINT('',(0.3,-3.7,5.3));
#3990 = VECTOR('',#3991,1.);
#3991 = DIRECTION('',(0.,0.,-1.));
#3992 = ORIENTED_EDGE('',*,*,#3028,.F.);
#3993 = PLANE('',#3994);
#3994 = AXIS2_PLACEMENT_3D('',#3995,#3996,#3997);
#3995 = CARTESIAN_POINT('',(0.3,-4.3,5.3));
#3996 = DIRECTION('',(1.,-1.110223024625E-16,0.));
#3997 = DIRECTION('',(1.110223024625E-16,1.,0.));
#3998 = ADVANCED_FACE('',(#3999),#4049,.F.);
#3999 = FACE_BOUND('',#4000,.F.);
#4000 = EDGE_LOOP('',(#4001,#4002,#4003,#4011,#4019,#4027,#4035,#4043));
#4001 = ORIENTED_EDGE('',*,*,#3052,.F.);
#4002 = ORIENTED_EDGE('',*,*,#3987,.T.);
#4003 = ORIENTED_EDGE('',*,*,#4004,.T.);
#4004 = EDGE_CURVE('',#3980,#4005,#4007,.T.);
#4005 = VERTEX_POINT('',#4006);
#4006 = CARTESIAN_POINT('',(0.1,-3.7,0.9));
#4007 = LINE('',#4008,#4009);
#4008 = CARTESIAN_POINT('',(0.3,-3.7,0.9));
#4009 = VECTOR('',#4010,1.);
#4010 = DIRECTION('',(-1.,1.110223024625E-16,0.));
#4011 = ORIENTED_EDGE('',*,*,#4012,.T.);
#4012 = EDGE_CURVE('',#4005,#4013,#4015,.T.);
#4013 = VERTEX_POINT('',#4014);
#4014 = CARTESIAN_POINT('',(0.1,-3.7,4.5));
#4015 = LINE('',#4016,#4017);
#4016 = CARTESIAN_POINT('',(0.1,-3.7,3.874298700712));
#4017 = VECTOR('',#4018,1.);
#4018 = DIRECTION('',(0.,0.,1.));
#4019 = ORIENTED_EDGE('',*,*,#4020,.F.);
#4020 = EDGE_CURVE('',#4021,#4013,#4023,.T.);
#4021 = VERTEX_POINT('',#4022);
#4022 = CARTESIAN_POINT('',(-0.1,-3.7,4.5));
#4023 = LINE('',#4024,#4025);
#4024 = CARTESIAN_POINT('',(-0.1,-3.7,4.5));
#4025 = VECTOR('',#4026,1.);
#4026 = DIRECTION('',(1.,-1.110223024625E-16,0.));
#4027 = ORIENTED_EDGE('',*,*,#4028,.F.);
#4028 = EDGE_CURVE('',#4029,#4021,#4031,.T.);
#4029 = VERTEX_POINT('',#4030);
#4030 = CARTESIAN_POINT('',(-0.1,-3.7,0.9));
#4031 = LINE('',#4032,#4033);
#4032 = CARTESIAN_POINT('',(-0.1,-3.7,3.874298700712));
#4033 = VECTOR('',#4034,1.);
#4034 = DIRECTION('',(0.,0.,1.));
#4035 = ORIENTED_EDGE('',*,*,#4036,.T.);
#4036 = EDGE_CURVE('',#4029,#4037,#4039,.T.);
#4037 = VERTEX_POINT('',#4038);
#4038 = CARTESIAN_POINT('',(-0.3,-3.7,0.9));
#4039 = LINE('',#4040,#4041);
#4040 = CARTESIAN_POINT('',(0.3,-3.7,0.9));
#4041 = VECTOR('',#4042,1.);
#4042 = DIRECTION('',(-1.,1.110223024625E-16,0.));
#4043 = ORIENTED_EDGE('',*,*,#4044,.F.);
#4044 = EDGE_CURVE('',#3045,#4037,#4045,.T.);
#4045 = LINE('',#4046,#4047);
#4046 = CARTESIAN_POINT('',(-0.3,-3.7,5.3));
#4047 = VECTOR('',#4048,1.);
#4048 = DIRECTION('',(0.,0.,-1.));
#4049 = PLANE('',#4050);
#4050 = AXIS2_PLACEMENT_3D('',#4051,#4052,#4053);
#4051 = CARTESIAN_POINT('',(0.3,-3.7,5.3));
#4052 = DIRECTION('',(1.110223024625E-16,1.,0.));
#4053 = DIRECTION('',(-1.,1.110223024625E-16,0.));
#4054 = ADVANCED_FACE('',(#4055),#4073,.F.);
#4055 = FACE_BOUND('',#4056,.F.);
#4056 = EDGE_LOOP('',(#4057,#4058,#4066,#4072));
#4057 = ORIENTED_EDGE('',*,*,#4044,.T.);
#4058 = ORIENTED_EDGE('',*,*,#4059,.T.);
#4059 = EDGE_CURVE('',#4037,#4060,#4062,.T.);
#4060 = VERTEX_POINT('',#4061);
#4061 = CARTESIAN_POINT('',(-0.3,-4.3,0.9));
#4062 = LINE('',#4063,#4064);
#4063 = CARTESIAN_POINT('',(-0.3,-3.7,0.9));
#4064 = VECTOR('',#4065,1.);
#4065 = DIRECTION('',(-1.110223024625E-16,-1.,0.));
#4066 = ORIENTED_EDGE('',*,*,#4067,.F.);
#4067 = EDGE_CURVE('',#3069,#4060,#4068,.T.);
#4068 = LINE('',#4069,#4070);
#4069 = CARTESIAN_POINT('',(-0.3,-4.3,5.3));
#4070 = VECTOR('',#4071,1.);
#4071 = DIRECTION('',(0.,0.,-1.));
#4072 = ORIENTED_EDGE('',*,*,#3076,.F.);
#4073 = PLANE('',#4074);
#4074 = AXIS2_PLACEMENT_3D('',#4075,#4076,#4077);
#4075 = CARTESIAN_POINT('',(-0.3,-3.7,5.3));
#4076 = DIRECTION('',(-1.,1.110223024625E-16,0.));
#4077 = DIRECTION('',(-1.110223024625E-16,-1.,0.));
#4078 = ADVANCED_FACE('',(#4079),#4122,.F.);
#4079 = FACE_BOUND('',#4080,.F.);
#4080 = EDGE_LOOP('',(#4081,#4082,#4083,#4091,#4099,#4107,#4115,#4121));
#4081 = ORIENTED_EDGE('',*,*,#3093,.F.);
#4082 = ORIENTED_EDGE('',*,*,#4067,.T.);
#4083 = ORIENTED_EDGE('',*,*,#4084,.T.);
#4084 = EDGE_CURVE('',#4060,#4085,#4087,.T.);
#4085 = VERTEX_POINT('',#4086);
#4086 = CARTESIAN_POINT('',(-0.1,-4.3,0.9));
#4087 = LINE('',#4088,#4089);
#4088 = CARTESIAN_POINT('',(-0.3,-4.3,0.9));
#4089 = VECTOR('',#4090,1.);
#4090 = DIRECTION('',(1.,-1.110223024625E-16,0.));
#4091 = ORIENTED_EDGE('',*,*,#4092,.F.);
#4092 = EDGE_CURVE('',#4093,#4085,#4095,.T.);
#4093 = VERTEX_POINT('',#4094);
#4094 = CARTESIAN_POINT('',(-0.1,-4.3,4.5));
#4095 = LINE('',#4096,#4097);
#4096 = CARTESIAN_POINT('',(-0.1,-4.3,3.874298700712));
#4097 = VECTOR('',#4098,1.);
#4098 = DIRECTION('',(0.,0.,-1.));
#4099 = ORIENTED_EDGE('',*,*,#4100,.T.);
#4100 = EDGE_CURVE('',#4093,#4101,#4103,.T.);
#4101 = VERTEX_POINT('',#4102);
#4102 = CARTESIAN_POINT('',(0.1,-4.3,4.5));
#4103 = LINE('',#4104,#4105);
#4104 = CARTESIAN_POINT('',(-0.1,-4.3,4.5));
#4105 = VECTOR('',#4106,1.);
#4106 = DIRECTION('',(1.,-1.110223024625E-16,0.));
#4107 = ORIENTED_EDGE('',*,*,#4108,.T.);
#4108 = EDGE_CURVE('',#4101,#4109,#4111,.T.);
#4109 = VERTEX_POINT('',#4110);
#4110 = CARTESIAN_POINT('',(0.1,-4.3,0.9));
#4111 = LINE('',#4112,#4113);
#4112 = CARTESIAN_POINT('',(0.1,-4.3,3.874298700712));
#4113 = VECTOR('',#4114,1.);
#4114 = DIRECTION('',(0.,0.,-1.));
#4115 = ORIENTED_EDGE('',*,*,#4116,.T.);
#4116 = EDGE_CURVE('',#4109,#3972,#4117,.T.);
#4117 = LINE('',#4118,#4119);
#4118 = CARTESIAN_POINT('',(-0.3,-4.3,0.9));
#4119 = VECTOR('',#4120,1.);
#4120 = DIRECTION('',(1.,-1.110223024625E-16,0.));
#4121 = ORIENTED_EDGE('',*,*,#3971,.F.);
#4122 = PLANE('',#4123);
#4123 = AXIS2_PLACEMENT_3D('',#4124,#4125,#4126);
#4124 = CARTESIAN_POINT('',(-0.3,-4.3,5.3));
#4125 = DIRECTION('',(-1.110223024625E-16,-1.,0.));
#4126 = DIRECTION('',(1.,-1.110223024625E-16,0.));
#4127 = ADVANCED_FACE('',(#4128),#4153,.F.);
#4128 = FACE_BOUND('',#4129,.F.);
#4129 = EDGE_LOOP('',(#4130,#4138,#4146,#4152));
#4130 = ORIENTED_EDGE('',*,*,#4131,.T.);
#4131 = EDGE_CURVE('',#3108,#4132,#4134,.T.);
#4132 = VERTEX_POINT('',#4133);
#4133 = CARTESIAN_POINT('',(0.3,-2.3,0.9));
#4134 = LINE('',#4135,#4136);
#4135 = CARTESIAN_POINT('',(0.3,-2.3,5.3));
#4136 = VECTOR('',#4137,1.);
#4137 = DIRECTION('',(0.,0.,-1.));
#4138 = ORIENTED_EDGE('',*,*,#4139,.T.);
#4139 = EDGE_CURVE('',#4132,#4140,#4142,.T.);
#4140 = VERTEX_POINT('',#4141);
#4141 = CARTESIAN_POINT('',(0.3,-1.7,0.9));
#4142 = LINE('',#4143,#4144);
#4143 = CARTESIAN_POINT('',(0.3,-2.3,0.9));
#4144 = VECTOR('',#4145,1.);
#4145 = DIRECTION('',(1.110223024625E-16,1.,0.));
#4146 = ORIENTED_EDGE('',*,*,#4147,.F.);
#4147 = EDGE_CURVE('',#3117,#4140,#4148,.T.);
#4148 = LINE('',#4149,#4150);
#4149 = CARTESIAN_POINT('',(0.3,-1.7,5.3));
#4150 = VECTOR('',#4151,1.);
#4151 = DIRECTION('',(0.,0.,-1.));
#4152 = ORIENTED_EDGE('',*,*,#3124,.F.);
#4153 = PLANE('',#4154);
#4154 = AXIS2_PLACEMENT_3D('',#4155,#4156,#4157);
#4155 = CARTESIAN_POINT('',(0.3,-2.3,5.3));
#4156 = DIRECTION('',(1.,-1.110223024625E-16,0.));
#4157 = DIRECTION('',(1.110223024625E-16,1.,0.));
#4158 = ADVANCED_FACE('',(#4159),#4209,.F.);
#4159 = FACE_BOUND('',#4160,.F.);
#4160 = EDGE_LOOP('',(#4161,#4162,#4163,#4171,#4179,#4187,#4195,#4203));
#4161 = ORIENTED_EDGE('',*,*,#3148,.F.);
#4162 = ORIENTED_EDGE('',*,*,#4147,.T.);
#4163 = ORIENTED_EDGE('',*,*,#4164,.T.);
#4164 = EDGE_CURVE('',#4140,#4165,#4167,.T.);
#4165 = VERTEX_POINT('',#4166);
#4166 = CARTESIAN_POINT('',(0.1,-1.7,0.9));
#4167 = LINE('',#4168,#4169);
#4168 = CARTESIAN_POINT('',(0.3,-1.7,0.9));
#4169 = VECTOR('',#4170,1.);
#4170 = DIRECTION('',(-1.,1.110223024625E-16,0.));
#4171 = ORIENTED_EDGE('',*,*,#4172,.T.);
#4172 = EDGE_CURVE('',#4165,#4173,#4175,.T.);
#4173 = VERTEX_POINT('',#4174);
#4174 = CARTESIAN_POINT('',(0.1,-1.7,4.5));
#4175 = LINE('',#4176,#4177);
#4176 = CARTESIAN_POINT('',(0.1,-1.7,3.874298700712));
#4177 = VECTOR('',#4178,1.);
#4178 = DIRECTION('',(0.,0.,1.));
#4179 = ORIENTED_EDGE('',*,*,#4180,.F.);
#4180 = EDGE_CURVE('',#4181,#4173,#4183,.T.);
#4181 = VERTEX_POINT('',#4182);
#4182 = CARTESIAN_POINT('',(-0.1,-1.7,4.5));
#4183 = LINE('',#4184,#4185);
#4184 = CARTESIAN_POINT('',(-0.1,-1.7,4.5));
#4185 = VECTOR('',#4186,1.);
#4186 = DIRECTION('',(1.,-1.110223024625E-16,0.));
#4187 = ORIENTED_EDGE('',*,*,#4188,.F.);
#4188 = EDGE_CURVE('',#4189,#4181,#4191,.T.);
#4189 = VERTEX_POINT('',#4190);
#4190 = CARTESIAN_POINT('',(-0.1,-1.7,0.9));
#4191 = LINE('',#4192,#4193);
#4192 = CARTESIAN_POINT('',(-0.1,-1.7,3.874298700712));
#4193 = VECTOR('',#4194,1.);
#4194 = DIRECTION('',(0.,0.,1.));
#4195 = ORIENTED_EDGE('',*,*,#4196,.T.);
#4196 = EDGE_CURVE('',#4189,#4197,#4199,.T.);
#4197 = VERTEX_POINT('',#4198);
#4198 = CARTESIAN_POINT('',(-0.3,-1.7,0.9));
#4199 = LINE('',#4200,#4201);
#4200 = CARTESIAN_POINT('',(0.3,-1.7,0.9));
#4201 = VECTOR('',#4202,1.);
#4202 = DIRECTION('',(-1.,1.110223024625E-16,0.));
#4203 = ORIENTED_EDGE('',*,*,#4204,.F.);
#4204 = EDGE_CURVE('',#3141,#4197,#4205,.T.);
#4205 = LINE('',#4206,#4207);
#4206 = CARTESIAN_POINT('',(-0.3,-1.7,5.3));
#4207 = VECTOR('',#4208,1.);
#4208 = DIRECTION('',(0.,0.,-1.));
#4209 = PLANE('',#4210);
#4210 = AXIS2_PLACEMENT_3D('',#4211,#4212,#4213);
#4211 = CARTESIAN_POINT('',(0.3,-1.7,5.3));
#4212 = DIRECTION('',(1.110223024625E-16,1.,0.));
#4213 = DIRECTION('',(-1.,1.110223024625E-16,0.));
#4214 = ADVANCED_FACE('',(#4215),#4233,.F.);
#4215 = FACE_BOUND('',#4216,.F.);
#4216 = EDGE_LOOP('',(#4217,#4218,#4226,#4232));
#4217 = ORIENTED_EDGE('',*,*,#4204,.T.);
#4218 = ORIENTED_EDGE('',*,*,#4219,.T.);
#4219 = EDGE_CURVE('',#4197,#4220,#4222,.T.);
#4220 = VERTEX_POINT('',#4221);
#4221 = CARTESIAN_POINT('',(-0.3,-2.3,0.9));
#4222 = LINE('',#4223,#4224);
#4223 = CARTESIAN_POINT('',(-0.3,-1.7,0.9));
#4224 = VECTOR('',#4225,1.);
#4225 = DIRECTION('',(-1.110223024625E-16,-1.,0.));
#4226 = ORIENTED_EDGE('',*,*,#4227,.F.);
#4227 = EDGE_CURVE('',#3165,#4220,#4228,.T.);
#4228 = LINE('',#4229,#4230);
#4229 = CARTESIAN_POINT('',(-0.3,-2.3,5.3));
#4230 = VECTOR('',#4231,1.);
#4231 = DIRECTION('',(0.,0.,-1.));
#4232 = ORIENTED_EDGE('',*,*,#3172,.F.);
#4233 = PLANE('',#4234);
#4234 = AXIS2_PLACEMENT_3D('',#4235,#4236,#4237);
#4235 = CARTESIAN_POINT('',(-0.3,-1.7,5.3));
#4236 = DIRECTION('',(-1.,1.110223024625E-16,0.));
#4237 = DIRECTION('',(-1.110223024625E-16,-1.,0.));
#4238 = ADVANCED_FACE('',(#4239),#4282,.F.);
#4239 = FACE_BOUND('',#4240,.F.);
#4240 = EDGE_LOOP('',(#4241,#4242,#4243,#4251,#4259,#4267,#4275,#4281));
#4241 = ORIENTED_EDGE('',*,*,#3189,.F.);
#4242 = ORIENTED_EDGE('',*,*,#4227,.T.);
#4243 = ORIENTED_EDGE('',*,*,#4244,.T.);
#4244 = EDGE_CURVE('',#4220,#4245,#4247,.T.);
#4245 = VERTEX_POINT('',#4246);
#4246 = CARTESIAN_POINT('',(-0.1,-2.3,0.9));
#4247 = LINE('',#4248,#4249);
#4248 = CARTESIAN_POINT('',(-0.3,-2.3,0.9));
#4249 = VECTOR('',#4250,1.);
#4250 = DIRECTION('',(1.,-1.110223024625E-16,0.));
#4251 = ORIENTED_EDGE('',*,*,#4252,.F.);
#4252 = EDGE_CURVE('',#4253,#4245,#4255,.T.);
#4253 = VERTEX_POINT('',#4254);
#4254 = CARTESIAN_POINT('',(-0.1,-2.3,4.5));
#4255 = LINE('',#4256,#4257);
#4256 = CARTESIAN_POINT('',(-0.1,-2.3,3.874298700712));
#4257 = VECTOR('',#4258,1.);
#4258 = DIRECTION('',(0.,0.,-1.));
#4259 = ORIENTED_EDGE('',*,*,#4260,.T.);
#4260 = EDGE_CURVE('',#4253,#4261,#4263,.T.);
#4261 = VERTEX_POINT('',#4262);
#4262 = CARTESIAN_POINT('',(0.1,-2.3,4.5));
#4263 = LINE('',#4264,#4265);
#4264 = CARTESIAN_POINT('',(-0.1,-2.3,4.5));
#4265 = VECTOR('',#4266,1.);
#4266 = DIRECTION('',(1.,-1.110223024625E-16,0.));
#4267 = ORIENTED_EDGE('',*,*,#4268,.T.);
#4268 = EDGE_CURVE('',#4261,#4269,#4271,.T.);
#4269 = VERTEX_POINT('',#4270);
#4270 = CARTESIAN_POINT('',(0.1,-2.3,0.9));
#4271 = LINE('',#4272,#4273);
#4272 = CARTESIAN_POINT('',(0.1,-2.3,3.874298700712));
#4273 = VECTOR('',#4274,1.);
#4274 = DIRECTION('',(0.,0.,-1.));
#4275 = ORIENTED_EDGE('',*,*,#4276,.T.);
#4276 = EDGE_CURVE('',#4269,#4132,#4277,.T.);
#4277 = LINE('',#4278,#4279);
#4278 = CARTESIAN_POINT('',(-0.3,-2.3,0.9));
#4279 = VECTOR('',#4280,1.);
#4280 = DIRECTION('',(1.,-1.110223024625E-16,0.));
#4281 = ORIENTED_EDGE('',*,*,#4131,.F.);
#4282 = PLANE('',#4283);
#4283 = AXIS2_PLACEMENT_3D('',#4284,#4285,#4286);
#4284 = CARTESIAN_POINT('',(-0.3,-2.3,5.3));
#4285 = DIRECTION('',(-1.110223024625E-16,-1.,0.));
#4286 = DIRECTION('',(1.,-1.110223024625E-16,0.));
#4287 = ADVANCED_FACE('',(#4288),#4313,.F.);
#4288 = FACE_BOUND('',#4289,.F.);
#4289 = EDGE_LOOP('',(#4290,#4298,#4306,#4312));
#4290 = ORIENTED_EDGE('',*,*,#4291,.T.);
#4291 = EDGE_CURVE('',#3204,#4292,#4294,.T.);
#4292 = VERTEX_POINT('',#4293);
#4293 = CARTESIAN_POINT('',(0.3,-0.3,0.9));
#4294 = LINE('',#4295,#4296);
#4295 = CARTESIAN_POINT('',(0.3,-0.3,5.3));
#4296 = VECTOR('',#4297,1.);
#4297 = DIRECTION('',(0.,0.,-1.));
#4298 = ORIENTED_EDGE('',*,*,#4299,.T.);
#4299 = EDGE_CURVE('',#4292,#4300,#4302,.T.);
#4300 = VERTEX_POINT('',#4301);
#4301 = CARTESIAN_POINT('',(0.3,0.3,0.9));
#4302 = LINE('',#4303,#4304);
#4303 = CARTESIAN_POINT('',(0.3,-0.3,0.9));
#4304 = VECTOR('',#4305,1.);
#4305 = DIRECTION('',(1.110223024625E-16,1.,0.));
#4306 = ORIENTED_EDGE('',*,*,#4307,.F.);
#4307 = EDGE_CURVE('',#3213,#4300,#4308,.T.);
#4308 = LINE('',#4309,#4310);
#4309 = CARTESIAN_POINT('',(0.3,0.3,5.3));
#4310 = VECTOR('',#4311,1.);
#4311 = DIRECTION('',(0.,0.,-1.));
#4312 = ORIENTED_EDGE('',*,*,#3220,.F.);
#4313 = PLANE('',#4314);
#4314 = AXIS2_PLACEMENT_3D('',#4315,#4316,#4317);
#4315 = CARTESIAN_POINT('',(0.3,-0.3,5.3));
#4316 = DIRECTION('',(1.,-1.110223024625E-16,0.));
#4317 = DIRECTION('',(1.110223024625E-16,1.,0.));
#4318 = ADVANCED_FACE('',(#4319),#4369,.F.);
#4319 = FACE_BOUND('',#4320,.F.);
#4320 = EDGE_LOOP('',(#4321,#4322,#4323,#4331,#4339,#4347,#4355,#4363));
#4321 = ORIENTED_EDGE('',*,*,#3244,.F.);
#4322 = ORIENTED_EDGE('',*,*,#4307,.T.);
#4323 = ORIENTED_EDGE('',*,*,#4324,.T.);
#4324 = EDGE_CURVE('',#4300,#4325,#4327,.T.);
#4325 = VERTEX_POINT('',#4326);
#4326 = CARTESIAN_POINT('',(0.1,0.3,0.9));
#4327 = LINE('',#4328,#4329);
#4328 = CARTESIAN_POINT('',(0.3,0.3,0.9));
#4329 = VECTOR('',#4330,1.);
#4330 = DIRECTION('',(-1.,1.110223024625E-16,0.));
#4331 = ORIENTED_EDGE('',*,*,#4332,.T.);
#4332 = EDGE_CURVE('',#4325,#4333,#4335,.T.);
#4333 = VERTEX_POINT('',#4334);
#4334 = CARTESIAN_POINT('',(0.1,0.3,4.5));
#4335 = LINE('',#4336,#4337);
#4336 = CARTESIAN_POINT('',(0.1,0.3,3.874298700712));
#4337 = VECTOR('',#4338,1.);
#4338 = DIRECTION('',(0.,0.,1.));
#4339 = ORIENTED_EDGE('',*,*,#4340,.F.);
#4340 = EDGE_CURVE('',#4341,#4333,#4343,.T.);
#4341 = VERTEX_POINT('',#4342);
#4342 = CARTESIAN_POINT('',(-0.1,0.3,4.5));
#4343 = LINE('',#4344,#4345);
#4344 = CARTESIAN_POINT('',(-0.1,0.3,4.5));
#4345 = VECTOR('',#4346,1.);
#4346 = DIRECTION('',(1.,-1.110223024625E-16,0.));
#4347 = ORIENTED_EDGE('',*,*,#4348,.F.);
#4348 = EDGE_CURVE('',#4349,#4341,#4351,.T.);
#4349 = VERTEX_POINT('',#4350);
#4350 = CARTESIAN_POINT('',(-0.1,0.3,0.9));
#4351 = LINE('',#4352,#4353);
#4352 = CARTESIAN_POINT('',(-0.1,0.3,3.874298700712));
#4353 = VECTOR('',#4354,1.);
#4354 = DIRECTION('',(0.,0.,1.));
#4355 = ORIENTED_EDGE('',*,*,#4356,.T.);
#4356 = EDGE_CURVE('',#4349,#4357,#4359,.T.);
#4357 = VERTEX_POINT('',#4358);
#4358 = CARTESIAN_POINT('',(-0.3,0.3,0.9));
#4359 = LINE('',#4360,#4361);
#4360 = CARTESIAN_POINT('',(0.3,0.3,0.9));
#4361 = VECTOR('',#4362,1.);
#4362 = DIRECTION('',(-1.,1.110223024625E-16,0.));
#4363 = ORIENTED_EDGE('',*,*,#4364,.F.);
#4364 = EDGE_CURVE('',#3237,#4357,#4365,.T.);
#4365 = LINE('',#4366,#4367);
#4366 = CARTESIAN_POINT('',(-0.3,0.3,5.3));
#4367 = VECTOR('',#4368,1.);
#4368 = DIRECTION('',(0.,0.,-1.));
#4369 = PLANE('',#4370);
#4370 = AXIS2_PLACEMENT_3D('',#4371,#4372,#4373);
#4371 = CARTESIAN_POINT('',(0.3,0.3,5.3));
#4372 = DIRECTION('',(1.110223024625E-16,1.,0.));
#4373 = DIRECTION('',(-1.,1.110223024625E-16,0.));
#4374 = ADVANCED_FACE('',(#4375),#4393,.F.);
#4375 = FACE_BOUND('',#4376,.F.);
#4376 = EDGE_LOOP('',(#4377,#4378,#4386,#4392));
#4377 = ORIENTED_EDGE('',*,*,#4364,.T.);
#4378 = ORIENTED_EDGE('',*,*,#4379,.T.);
#4379 = EDGE_CURVE('',#4357,#4380,#4382,.T.);
#4380 = VERTEX_POINT('',#4381);
#4381 = CARTESIAN_POINT('',(-0.3,-0.3,0.9));
#4382 = LINE('',#4383,#4384);
#4383 = CARTESIAN_POINT('',(-0.3,0.3,0.9));
#4384 = VECTOR('',#4385,1.);
#4385 = DIRECTION('',(-1.110223024625E-16,-1.,0.));
#4386 = ORIENTED_EDGE('',*,*,#4387,.F.);
#4387 = EDGE_CURVE('',#3261,#4380,#4388,.T.);
#4388 = LINE('',#4389,#4390);
#4389 = CARTESIAN_POINT('',(-0.3,-0.3,5.3));
#4390 = VECTOR('',#4391,1.);
#4391 = DIRECTION('',(0.,0.,-1.));
#4392 = ORIENTED_EDGE('',*,*,#3268,.F.);
#4393 = PLANE('',#4394);
#4394 = AXIS2_PLACEMENT_3D('',#4395,#4396,#4397);
#4395 = CARTESIAN_POINT('',(-0.3,0.3,5.3));
#4396 = DIRECTION('',(-1.,1.110223024625E-16,0.));
#4397 = DIRECTION('',(-1.110223024625E-16,-1.,0.));
#4398 = ADVANCED_FACE('',(#4399),#4442,.F.);
#4399 = FACE_BOUND('',#4400,.F.);
#4400 = EDGE_LOOP('',(#4401,#4402,#4403,#4411,#4419,#4427,#4435,#4441));
#4401 = ORIENTED_EDGE('',*,*,#3285,.F.);
#4402 = ORIENTED_EDGE('',*,*,#4387,.T.);
#4403 = ORIENTED_EDGE('',*,*,#4404,.T.);
#4404 = EDGE_CURVE('',#4380,#4405,#4407,.T.);
#4405 = VERTEX_POINT('',#4406);
#4406 = CARTESIAN_POINT('',(-0.1,-0.3,0.9));
#4407 = LINE('',#4408,#4409);
#4408 = CARTESIAN_POINT('',(-0.3,-0.3,0.9));
#4409 = VECTOR('',#4410,1.);
#4410 = DIRECTION('',(1.,-1.110223024625E-16,0.));
#4411 = ORIENTED_EDGE('',*,*,#4412,.F.);
#4412 = EDGE_CURVE('',#4413,#4405,#4415,.T.);
#4413 = VERTEX_POINT('',#4414);
#4414 = CARTESIAN_POINT('',(-0.1,-0.3,4.5));
#4415 = LINE('',#4416,#4417);
#4416 = CARTESIAN_POINT('',(-0.1,-0.3,3.874298700712));
#4417 = VECTOR('',#4418,1.);
#4418 = DIRECTION('',(0.,0.,-1.));
#4419 = ORIENTED_EDGE('',*,*,#4420,.T.);
#4420 = EDGE_CURVE('',#4413,#4421,#4423,.T.);
#4421 = VERTEX_POINT('',#4422);
#4422 = CARTESIAN_POINT('',(0.1,-0.3,4.5));
#4423 = LINE('',#4424,#4425);
#4424 = CARTESIAN_POINT('',(-0.1,-0.3,4.5));
#4425 = VECTOR('',#4426,1.);
#4426 = DIRECTION('',(1.,-1.110223024625E-16,0.));
#4427 = ORIENTED_EDGE('',*,*,#4428,.T.);
#4428 = EDGE_CURVE('',#4421,#4429,#4431,.T.);
#4429 = VERTEX_POINT('',#4430);
#4430 = CARTESIAN_POINT('',(0.1,-0.3,0.9));
#4431 = LINE('',#4432,#4433);
#4432 = CARTESIAN_POINT('',(0.1,-0.3,3.874298700712));
#4433 = VECTOR('',#4434,1.);
#4434 = DIRECTION('',(0.,0.,-1.));
#4435 = ORIENTED_EDGE('',*,*,#4436,.T.);
#4436 = EDGE_CURVE('',#4429,#4292,#4437,.T.);
#4437 = LINE('',#4438,#4439);
#4438 = CARTESIAN_POINT('',(-0.3,-0.3,0.9));
#4439 = VECTOR('',#4440,1.);
#4440 = DIRECTION('',(1.,-1.110223024625E-16,0.));
#4441 = ORIENTED_EDGE('',*,*,#4291,.F.);
#4442 = PLANE('',#4443);
#4443 = AXIS2_PLACEMENT_3D('',#4444,#4445,#4446);
#4444 = CARTESIAN_POINT('',(-0.3,-0.3,5.3));
#4445 = DIRECTION('',(-1.110223024625E-16,-1.,0.));
#4446 = DIRECTION('',(1.,-1.110223024625E-16,0.));
#4447 = ADVANCED_FACE('',(#4448),#4459,.T.);
#4448 = FACE_BOUND('',#4449,.T.);
#4449 = EDGE_LOOP('',(#4450,#4456,#4457,#4458));
#4450 = ORIENTED_EDGE('',*,*,#4451,.T.);
#4451 = EDGE_CURVE('',#3381,#3317,#4452,.T.);
#4452 = LINE('',#4453,#4454);
#4453 = CARTESIAN_POINT('',(-0.1,-6.3,-2.1));
#4454 = VECTOR('',#4455,1.);
#4455 = DIRECTION('',(1.,-1.110223024625E-16,0.));
#4456 = ORIENTED_EDGE('',*,*,#3316,.T.);
#4457 = ORIENTED_EDGE('',*,*,#3301,.F.);
#4458 = ORIENTED_EDGE('',*,*,#3380,.F.);
#4459 = PLANE('',#4460);
#4460 = AXIS2_PLACEMENT_3D('',#4461,#4462,#4463);
#4461 = CARTESIAN_POINT('',(-0.1,-6.3,-2.1));
#4462 = DIRECTION('',(-1.110223024625E-16,-1.,0.));
#4463 = DIRECTION('',(0.,0.,1.));
#4464 = ADVANCED_FACE('',(#4465),#4476,.T.);
#4465 = FACE_BOUND('',#4466,.T.);
#4466 = EDGE_LOOP('',(#4467,#4473,#4474,#4475));
#4467 = ORIENTED_EDGE('',*,*,#4468,.T.);
#4468 = EDGE_CURVE('',#3406,#3342,#4469,.T.);
#4469 = LINE('',#4470,#4471);
#4470 = CARTESIAN_POINT('',(-0.1,-6.15,-2.7));
#4471 = VECTOR('',#4472,1.);
#4472 = DIRECTION('',(1.,-1.110223024625E-16,0.));
#4473 = ORIENTED_EDGE('',*,*,#3349,.T.);
#4474 = ORIENTED_EDGE('',*,*,#4451,.F.);
#4475 = ORIENTED_EDGE('',*,*,#3413,.F.);
#4476 = PLANE('',#4477);
#4477 = AXIS2_PLACEMENT_3D('',#4478,#4479,#4480);
#4478 = CARTESIAN_POINT('',(-0.1,-6.15,-2.7));
#4479 = DIRECTION('',(-1.077074540829E-16,-0.970142500145,
    -0.242535625036));
#4480 = DIRECTION('',(-2.692686352073E-17,-0.242535625036,0.970142500145
    ));
#4481 = ADVANCED_FACE('',(#4482),#4493,.T.);
#4482 = FACE_BOUND('',#4483,.T.);
#4483 = EDGE_LOOP('',(#4484,#4490,#4491,#4492));
#4484 = ORIENTED_EDGE('',*,*,#4485,.T.);
#4485 = EDGE_CURVE('',#3398,#3334,#4486,.T.);
#4486 = LINE('',#4487,#4488);
#4487 = CARTESIAN_POINT('',(-0.1,-5.85,-2.7));
#4488 = VECTOR('',#4489,1.);
#4489 = DIRECTION('',(1.,-1.110223024625E-16,0.));
#4490 = ORIENTED_EDGE('',*,*,#3341,.T.);
#4491 = ORIENTED_EDGE('',*,*,#4468,.F.);
#4492 = ORIENTED_EDGE('',*,*,#3405,.T.);
#4493 = PLANE('',#4494);
#4494 = AXIS2_PLACEMENT_3D('',#4495,#4496,#4497);
#4495 = CARTESIAN_POINT('',(-0.1,-5.85,-2.7));
#4496 = DIRECTION('',(0.,0.,-1.));
#4497 = DIRECTION('',(-1.110223024625E-16,-1.,0.));
#4498 = ADVANCED_FACE('',(#4499),#4510,.T.);
#4499 = FACE_BOUND('',#4500,.T.);
#4500 = EDGE_LOOP('',(#4501,#4507,#4508,#4509));
#4501 = ORIENTED_EDGE('',*,*,#4502,.T.);
#4502 = EDGE_CURVE('',#3390,#3326,#4503,.T.);
#4503 = LINE('',#4504,#4505);
#4504 = CARTESIAN_POINT('',(-0.1,-5.7,-2.1));
#4505 = VECTOR('',#4506,1.);
#4506 = DIRECTION('',(1.,-1.110223024625E-16,0.));
#4507 = ORIENTED_EDGE('',*,*,#3333,.T.);
#4508 = ORIENTED_EDGE('',*,*,#4485,.F.);
#4509 = ORIENTED_EDGE('',*,*,#3397,.F.);
#4510 = PLANE('',#4511);
#4511 = AXIS2_PLACEMENT_3D('',#4512,#4513,#4514);
#4512 = CARTESIAN_POINT('',(-0.1,-5.7,-2.1));
#4513 = DIRECTION('',(1.077074540829E-16,0.970142500145,-0.242535625036)
  );
#4514 = DIRECTION('',(-2.692686352073E-17,-0.242535625036,
    -0.970142500145));
#4515 = ADVANCED_FACE('',(#4516),#4522,.T.);
#4516 = FACE_BOUND('',#4517,.T.);
#4517 = EDGE_LOOP('',(#4518,#4519,#4520,#4521));
#4518 = ORIENTED_EDGE('',*,*,#3363,.T.);
#4519 = ORIENTED_EDGE('',*,*,#3325,.T.);
#4520 = ORIENTED_EDGE('',*,*,#4502,.F.);
#4521 = ORIENTED_EDGE('',*,*,#3389,.F.);
#4522 = PLANE('',#4523);
#4523 = AXIS2_PLACEMENT_3D('',#4524,#4525,#4526);
#4524 = CARTESIAN_POINT('',(-0.1,-5.7,0.2));
#4525 = DIRECTION('',(1.110223024625E-16,1.,0.));
#4526 = DIRECTION('',(0.,0.,-1.));
#4527 = ADVANCED_FACE('',(#4528),#4539,.T.);
#4528 = FACE_BOUND('',#4529,.T.);
#4529 = EDGE_LOOP('',(#4530,#4536,#4537,#4538));
#4530 = ORIENTED_EDGE('',*,*,#4531,.T.);
#4531 = EDGE_CURVE('',#3509,#3445,#4532,.T.);
#4532 = LINE('',#4533,#4534);
#4533 = CARTESIAN_POINT('',(-0.1,-4.3,-2.1));
#4534 = VECTOR('',#4535,1.);
#4535 = DIRECTION('',(1.,-1.110223024625E-16,0.));
#4536 = ORIENTED_EDGE('',*,*,#3444,.T.);
#4537 = ORIENTED_EDGE('',*,*,#3429,.F.);
#4538 = ORIENTED_EDGE('',*,*,#3508,.F.);
#4539 = PLANE('',#4540);
#4540 = AXIS2_PLACEMENT_3D('',#4541,#4542,#4543);
#4541 = CARTESIAN_POINT('',(-0.1,-4.3,-2.1));
#4542 = DIRECTION('',(-1.110223024625E-16,-1.,0.));
#4543 = DIRECTION('',(0.,0.,1.));
#4544 = ADVANCED_FACE('',(#4545),#4556,.T.);
#4545 = FACE_BOUND('',#4546,.T.);
#4546 = EDGE_LOOP('',(#4547,#4553,#4554,#4555));
#4547 = ORIENTED_EDGE('',*,*,#4548,.T.);
#4548 = EDGE_CURVE('',#3534,#3470,#4549,.T.);
#4549 = LINE('',#4550,#4551);
#4550 = CARTESIAN_POINT('',(-0.1,-4.15,-2.7));
#4551 = VECTOR('',#4552,1.);
#4552 = DIRECTION('',(1.,-1.110223024625E-16,0.));
#4553 = ORIENTED_EDGE('',*,*,#3477,.T.);
#4554 = ORIENTED_EDGE('',*,*,#4531,.F.);
#4555 = ORIENTED_EDGE('',*,*,#3541,.F.);
#4556 = PLANE('',#4557);
#4557 = AXIS2_PLACEMENT_3D('',#4558,#4559,#4560);
#4558 = CARTESIAN_POINT('',(-0.1,-4.15,-2.7));
#4559 = DIRECTION('',(-1.077074540829E-16,-0.970142500145,
    -0.242535625036));
#4560 = DIRECTION('',(-2.692686352073E-17,-0.242535625036,0.970142500145
    ));
#4561 = ADVANCED_FACE('',(#4562),#4573,.T.);
#4562 = FACE_BOUND('',#4563,.T.);
#4563 = EDGE_LOOP('',(#4564,#4570,#4571,#4572));
#4564 = ORIENTED_EDGE('',*,*,#4565,.T.);
#4565 = EDGE_CURVE('',#3526,#3462,#4566,.T.);
#4566 = LINE('',#4567,#4568);
#4567 = CARTESIAN_POINT('',(-0.1,-3.85,-2.7));
#4568 = VECTOR('',#4569,1.);
#4569 = DIRECTION('',(1.,-1.110223024625E-16,0.));
#4570 = ORIENTED_EDGE('',*,*,#3469,.T.);
#4571 = ORIENTED_EDGE('',*,*,#4548,.F.);
#4572 = ORIENTED_EDGE('',*,*,#3533,.T.);
#4573 = PLANE('',#4574);
#4574 = AXIS2_PLACEMENT_3D('',#4575,#4576,#4577);
#4575 = CARTESIAN_POINT('',(-0.1,-3.85,-2.7));
#4576 = DIRECTION('',(0.,0.,-1.));
#4577 = DIRECTION('',(-1.110223024625E-16,-1.,0.));
#4578 = ADVANCED_FACE('',(#4579),#4590,.T.);
#4579 = FACE_BOUND('',#4580,.T.);
#4580 = EDGE_LOOP('',(#4581,#4587,#4588,#4589));
#4581 = ORIENTED_EDGE('',*,*,#4582,.T.);
#4582 = EDGE_CURVE('',#3518,#3454,#4583,.T.);
#4583 = LINE('',#4584,#4585);
#4584 = CARTESIAN_POINT('',(-0.1,-3.7,-2.1));
#4585 = VECTOR('',#4586,1.);
#4586 = DIRECTION('',(1.,-1.110223024625E-16,0.));
#4587 = ORIENTED_EDGE('',*,*,#3461,.T.);
#4588 = ORIENTED_EDGE('',*,*,#4565,.F.);
#4589 = ORIENTED_EDGE('',*,*,#3525,.F.);
#4590 = PLANE('',#4591);
#4591 = AXIS2_PLACEMENT_3D('',#4592,#4593,#4594);
#4592 = CARTESIAN_POINT('',(-0.1,-3.7,-2.1));
#4593 = DIRECTION('',(1.077074540829E-16,0.970142500145,-0.242535625036)
  );
#4594 = DIRECTION('',(-2.692686352073E-17,-0.242535625036,
    -0.970142500145));
#4595 = ADVANCED_FACE('',(#4596),#4602,.T.);
#4596 = FACE_BOUND('',#4597,.T.);
#4597 = EDGE_LOOP('',(#4598,#4599,#4600,#4601));
#4598 = ORIENTED_EDGE('',*,*,#3491,.T.);
#4599 = ORIENTED_EDGE('',*,*,#3453,.T.);
#4600 = ORIENTED_EDGE('',*,*,#4582,.F.);
#4601 = ORIENTED_EDGE('',*,*,#3517,.F.);
#4602 = PLANE('',#4603);
#4603 = AXIS2_PLACEMENT_3D('',#4604,#4605,#4606);
#4604 = CARTESIAN_POINT('',(-0.1,-3.7,0.2));
#4605 = DIRECTION('',(1.110223024625E-16,1.,0.));
#4606 = DIRECTION('',(0.,0.,-1.));
#4607 = ADVANCED_FACE('',(#4608),#4619,.T.);
#4608 = FACE_BOUND('',#4609,.T.);
#4609 = EDGE_LOOP('',(#4610,#4616,#4617,#4618));
#4610 = ORIENTED_EDGE('',*,*,#4611,.T.);
#4611 = EDGE_CURVE('',#3637,#3573,#4612,.T.);
#4612 = LINE('',#4613,#4614);
#4613 = CARTESIAN_POINT('',(-0.1,-2.3,-2.1));
#4614 = VECTOR('',#4615,1.);
#4615 = DIRECTION('',(1.,-1.110223024625E-16,0.));
#4616 = ORIENTED_EDGE('',*,*,#3572,.T.);
#4617 = ORIENTED_EDGE('',*,*,#3557,.F.);
#4618 = ORIENTED_EDGE('',*,*,#3636,.F.);
#4619 = PLANE('',#4620);
#4620 = AXIS2_PLACEMENT_3D('',#4621,#4622,#4623);
#4621 = CARTESIAN_POINT('',(-0.1,-2.3,-2.1));
#4622 = DIRECTION('',(-1.110223024625E-16,-1.,0.));
#4623 = DIRECTION('',(0.,0.,1.));
#4624 = ADVANCED_FACE('',(#4625),#4636,.T.);
#4625 = FACE_BOUND('',#4626,.T.);
#4626 = EDGE_LOOP('',(#4627,#4633,#4634,#4635));
#4627 = ORIENTED_EDGE('',*,*,#4628,.T.);
#4628 = EDGE_CURVE('',#3662,#3598,#4629,.T.);
#4629 = LINE('',#4630,#4631);
#4630 = CARTESIAN_POINT('',(-0.1,-2.15,-2.7));
#4631 = VECTOR('',#4632,1.);
#4632 = DIRECTION('',(1.,-1.110223024625E-16,0.));
#4633 = ORIENTED_EDGE('',*,*,#3605,.T.);
#4634 = ORIENTED_EDGE('',*,*,#4611,.F.);
#4635 = ORIENTED_EDGE('',*,*,#3669,.F.);
#4636 = PLANE('',#4637);
#4637 = AXIS2_PLACEMENT_3D('',#4638,#4639,#4640);
#4638 = CARTESIAN_POINT('',(-0.1,-2.15,-2.7));
#4639 = DIRECTION('',(-1.077074540829E-16,-0.970142500145,
    -0.242535625036));
#4640 = DIRECTION('',(-2.692686352073E-17,-0.242535625036,0.970142500145
    ));
#4641 = ADVANCED_FACE('',(#4642),#4653,.T.);
#4642 = FACE_BOUND('',#4643,.T.);
#4643 = EDGE_LOOP('',(#4644,#4650,#4651,#4652));
#4644 = ORIENTED_EDGE('',*,*,#4645,.T.);
#4645 = EDGE_CURVE('',#3654,#3590,#4646,.T.);
#4646 = LINE('',#4647,#4648);
#4647 = CARTESIAN_POINT('',(-0.1,-1.85,-2.7));
#4648 = VECTOR('',#4649,1.);
#4649 = DIRECTION('',(1.,-1.110223024625E-16,0.));
#4650 = ORIENTED_EDGE('',*,*,#3597,.T.);
#4651 = ORIENTED_EDGE('',*,*,#4628,.F.);
#4652 = ORIENTED_EDGE('',*,*,#3661,.T.);
#4653 = PLANE('',#4654);
#4654 = AXIS2_PLACEMENT_3D('',#4655,#4656,#4657);
#4655 = CARTESIAN_POINT('',(-0.1,-1.85,-2.7));
#4656 = DIRECTION('',(0.,0.,-1.));
#4657 = DIRECTION('',(-1.110223024625E-16,-1.,0.));
#4658 = ADVANCED_FACE('',(#4659),#4670,.T.);
#4659 = FACE_BOUND('',#4660,.T.);
#4660 = EDGE_LOOP('',(#4661,#4667,#4668,#4669));
#4661 = ORIENTED_EDGE('',*,*,#4662,.T.);
#4662 = EDGE_CURVE('',#3646,#3582,#4663,.T.);
#4663 = LINE('',#4664,#4665);
#4664 = CARTESIAN_POINT('',(-0.1,-1.7,-2.1));
#4665 = VECTOR('',#4666,1.);
#4666 = DIRECTION('',(1.,-1.110223024625E-16,0.));
#4667 = ORIENTED_EDGE('',*,*,#3589,.T.);
#4668 = ORIENTED_EDGE('',*,*,#4645,.F.);
#4669 = ORIENTED_EDGE('',*,*,#3653,.F.);
#4670 = PLANE('',#4671);
#4671 = AXIS2_PLACEMENT_3D('',#4672,#4673,#4674);
#4672 = CARTESIAN_POINT('',(-0.1,-1.7,-2.1));
#4673 = DIRECTION('',(1.077074540829E-16,0.970142500145,-0.242535625036)
  );
#4674 = DIRECTION('',(-2.692686352073E-17,-0.242535625036,
    -0.970142500145));
#4675 = ADVANCED_FACE('',(#4676),#4682,.T.);
#4676 = FACE_BOUND('',#4677,.T.);
#4677 = EDGE_LOOP('',(#4678,#4679,#4680,#4681));
#4678 = ORIENTED_EDGE('',*,*,#3619,.T.);
#4679 = ORIENTED_EDGE('',*,*,#3581,.T.);
#4680 = ORIENTED_EDGE('',*,*,#4662,.F.);
#4681 = ORIENTED_EDGE('',*,*,#3645,.F.);
#4682 = PLANE('',#4683);
#4683 = AXIS2_PLACEMENT_3D('',#4684,#4685,#4686);
#4684 = CARTESIAN_POINT('',(-0.1,-1.7,0.2));
#4685 = DIRECTION('',(1.110223024625E-16,1.,0.));
#4686 = DIRECTION('',(0.,0.,-1.));
#4687 = ADVANCED_FACE('',(#4688),#4699,.T.);
#4688 = FACE_BOUND('',#4689,.T.);
#4689 = EDGE_LOOP('',(#4690,#4696,#4697,#4698));
#4690 = ORIENTED_EDGE('',*,*,#4691,.T.);
#4691 = EDGE_CURVE('',#3765,#3701,#4692,.T.);
#4692 = LINE('',#4693,#4694);
#4693 = CARTESIAN_POINT('',(-0.1,-0.3,-2.1));
#4694 = VECTOR('',#4695,1.);
#4695 = DIRECTION('',(1.,-1.110223024625E-16,0.));
#4696 = ORIENTED_EDGE('',*,*,#3700,.T.);
#4697 = ORIENTED_EDGE('',*,*,#3685,.F.);
#4698 = ORIENTED_EDGE('',*,*,#3764,.F.);
#4699 = PLANE('',#4700);
#4700 = AXIS2_PLACEMENT_3D('',#4701,#4702,#4703);
#4701 = CARTESIAN_POINT('',(-0.1,-0.3,-2.1));
#4702 = DIRECTION('',(-1.110223024625E-16,-1.,0.));
#4703 = DIRECTION('',(0.,0.,1.));
#4704 = ADVANCED_FACE('',(#4705),#4716,.T.);
#4705 = FACE_BOUND('',#4706,.T.);
#4706 = EDGE_LOOP('',(#4707,#4713,#4714,#4715));
#4707 = ORIENTED_EDGE('',*,*,#4708,.T.);
#4708 = EDGE_CURVE('',#3790,#3726,#4709,.T.);
#4709 = LINE('',#4710,#4711);
#4710 = CARTESIAN_POINT('',(-0.1,-0.15,-2.7));
#4711 = VECTOR('',#4712,1.);
#4712 = DIRECTION('',(1.,-1.110223024625E-16,0.));
#4713 = ORIENTED_EDGE('',*,*,#3733,.T.);
#4714 = ORIENTED_EDGE('',*,*,#4691,.F.);
#4715 = ORIENTED_EDGE('',*,*,#3797,.F.);
#4716 = PLANE('',#4717);
#4717 = AXIS2_PLACEMENT_3D('',#4718,#4719,#4720);
#4718 = CARTESIAN_POINT('',(-0.1,-0.15,-2.7));
#4719 = DIRECTION('',(-1.077074540829E-16,-0.970142500145,
    -0.242535625036));
#4720 = DIRECTION('',(-2.692686352073E-17,-0.242535625036,0.970142500145
    ));
#4721 = ADVANCED_FACE('',(#4722),#4733,.T.);
#4722 = FACE_BOUND('',#4723,.T.);
#4723 = EDGE_LOOP('',(#4724,#4730,#4731,#4732));
#4724 = ORIENTED_EDGE('',*,*,#4725,.T.);
#4725 = EDGE_CURVE('',#3782,#3718,#4726,.T.);
#4726 = LINE('',#4727,#4728);
#4727 = CARTESIAN_POINT('',(-0.1,0.15,-2.7));
#4728 = VECTOR('',#4729,1.);
#4729 = DIRECTION('',(1.,-1.110223024625E-16,0.));
#4730 = ORIENTED_EDGE('',*,*,#3725,.T.);
#4731 = ORIENTED_EDGE('',*,*,#4708,.F.);
#4732 = ORIENTED_EDGE('',*,*,#3789,.T.);
#4733 = PLANE('',#4734);
#4734 = AXIS2_PLACEMENT_3D('',#4735,#4736,#4737);
#4735 = CARTESIAN_POINT('',(-0.1,0.15,-2.7));
#4736 = DIRECTION('',(0.,0.,-1.));
#4737 = DIRECTION('',(-1.110223024625E-16,-1.,0.));
#4738 = ADVANCED_FACE('',(#4739),#4750,.T.);
#4739 = FACE_BOUND('',#4740,.T.);
#4740 = EDGE_LOOP('',(#4741,#4747,#4748,#4749));
#4741 = ORIENTED_EDGE('',*,*,#4742,.T.);
#4742 = EDGE_CURVE('',#3774,#3710,#4743,.T.);
#4743 = LINE('',#4744,#4745);
#4744 = CARTESIAN_POINT('',(-0.1,0.3,-2.1));
#4745 = VECTOR('',#4746,1.);
#4746 = DIRECTION('',(1.,-1.110223024625E-16,0.));
#4747 = ORIENTED_EDGE('',*,*,#3717,.T.);
#4748 = ORIENTED_EDGE('',*,*,#4725,.F.);
#4749 = ORIENTED_EDGE('',*,*,#3781,.F.);
#4750 = PLANE('',#4751);
#4751 = AXIS2_PLACEMENT_3D('',#4752,#4753,#4754);
#4752 = CARTESIAN_POINT('',(-0.1,0.3,-2.1));
#4753 = DIRECTION('',(1.077074540829E-16,0.970142500145,-0.242535625036)
  );
#4754 = DIRECTION('',(-2.692686352073E-17,-0.242535625036,
    -0.970142500145));
#4755 = ADVANCED_FACE('',(#4756),#4762,.T.);
#4756 = FACE_BOUND('',#4757,.T.);
#4757 = EDGE_LOOP('',(#4758,#4759,#4760,#4761));
#4758 = ORIENTED_EDGE('',*,*,#3747,.T.);
#4759 = ORIENTED_EDGE('',*,*,#3709,.T.);
#4760 = ORIENTED_EDGE('',*,*,#4742,.F.);
#4761 = ORIENTED_EDGE('',*,*,#3773,.F.);
#4762 = PLANE('',#4763);
#4763 = AXIS2_PLACEMENT_3D('',#4764,#4765,#4766);
#4764 = CARTESIAN_POINT('',(-0.1,0.3,0.2));
#4765 = DIRECTION('',(1.110223024625E-16,1.,0.));
#4766 = DIRECTION('',(0.,0.,-1.));
#4767 = ADVANCED_FACE('',(#4768),#4779,.T.);
#4768 = FACE_BOUND('',#4769,.T.);
#4769 = EDGE_LOOP('',(#4770,#4771,#4772,#4773));
#4770 = ORIENTED_EDGE('',*,*,#3956,.T.);
#4771 = ORIENTED_EDGE('',*,*,#3819,.T.);
#4772 = ORIENTED_EDGE('',*,*,#3844,.T.);
#4773 = ORIENTED_EDGE('',*,*,#4774,.T.);
#4774 = EDGE_CURVE('',#3845,#3949,#4775,.T.);
#4775 = LINE('',#4776,#4777);
#4776 = CARTESIAN_POINT('',(0.1,-6.,0.9));
#4777 = VECTOR('',#4778,1.);
#4778 = DIRECTION('',(-1.110223024625E-16,-1.,0.));
#4779 = PLANE('',#4780);
#4780 = AXIS2_PLACEMENT_3D('',#4781,#4782,#4783);
#4781 = CARTESIAN_POINT('',(-6.268134159863E-16,-6.,0.9));
#4782 = DIRECTION('',(0.,0.,1.));
#4783 = DIRECTION('',(1.110223024625E-16,1.,0.));
#4784 = ADVANCED_FACE('',(#4785),#4796,.T.);
#4785 = FACE_BOUND('',#4786,.T.);
#4786 = EDGE_LOOP('',(#4787,#4788,#4794,#4795));
#4787 = ORIENTED_EDGE('',*,*,#3924,.T.);
#4788 = ORIENTED_EDGE('',*,*,#4789,.F.);
#4789 = EDGE_CURVE('',#3869,#3925,#4790,.T.);
#4790 = LINE('',#4791,#4792);
#4791 = CARTESIAN_POINT('',(-0.1,-6.,0.9));
#4792 = VECTOR('',#4793,1.);
#4793 = DIRECTION('',(-1.110223024625E-16,-1.,0.));
#4794 = ORIENTED_EDGE('',*,*,#3876,.T.);
#4795 = ORIENTED_EDGE('',*,*,#3899,.T.);
#4796 = PLANE('',#4797);
#4797 = AXIS2_PLACEMENT_3D('',#4798,#4799,#4800);
#4798 = CARTESIAN_POINT('',(-6.268134159863E-16,-6.,0.9));
#4799 = DIRECTION('',(0.,0.,1.));
#4800 = DIRECTION('',(1.110223024625E-16,1.,0.));
#4801 = ADVANCED_FACE('',(#4802),#4845,.T.);
#4802 = FACE_BOUND('',#4803,.T.);
#4803 = EDGE_LOOP('',(#4804,#4805,#4813,#4821,#4829,#4837,#4843,#4844));
#4804 = ORIENTED_EDGE('',*,*,#3932,.F.);
#4805 = ORIENTED_EDGE('',*,*,#4806,.T.);
#4806 = EDGE_CURVE('',#3933,#4807,#4809,.T.);
#4807 = VERTEX_POINT('',#4808);
#4808 = CARTESIAN_POINT('',(-0.1,-6.25,4.45));
#4809 = LINE('',#4810,#4811);
#4810 = CARTESIAN_POINT('',(-0.1,-6.3,4.5));
#4811 = VECTOR('',#4812,1.);
#4812 = DIRECTION('',(7.850462293414E-17,0.707106781187,-0.707106781187)
  );
#4813 = ORIENTED_EDGE('',*,*,#4814,.T.);
#4814 = EDGE_CURVE('',#4807,#4815,#4817,.T.);
#4815 = VERTEX_POINT('',#4816);
#4816 = CARTESIAN_POINT('',(-0.1,-6.25,1.25));
#4817 = LINE('',#4818,#4819);
#4818 = CARTESIAN_POINT('',(-0.1,-6.25,4.45));
#4819 = VECTOR('',#4820,1.);
#4820 = DIRECTION('',(0.,0.,-1.));
#4821 = ORIENTED_EDGE('',*,*,#4822,.T.);
#4822 = EDGE_CURVE('',#4815,#4823,#4825,.T.);
#4823 = VERTEX_POINT('',#4824);
#4824 = CARTESIAN_POINT('',(-0.1,-5.75,1.25));
#4825 = LINE('',#4826,#4827);
#4826 = CARTESIAN_POINT('',(-0.1,-6.25,1.25));
#4827 = VECTOR('',#4828,1.);
#4828 = DIRECTION('',(1.110223024625E-16,1.,0.));
#4829 = ORIENTED_EDGE('',*,*,#4830,.T.);
#4830 = EDGE_CURVE('',#4823,#4831,#4833,.T.);
#4831 = VERTEX_POINT('',#4832);
#4832 = CARTESIAN_POINT('',(-0.1,-5.75,4.45));
#4833 = LINE('',#4834,#4835);
#4834 = CARTESIAN_POINT('',(-0.1,-5.75,1.25));
#4835 = VECTOR('',#4836,1.);
#4836 = DIRECTION('',(0.,0.,1.));
#4837 = ORIENTED_EDGE('',*,*,#4838,.T.);
#4838 = EDGE_CURVE('',#4831,#3861,#4839,.T.);
#4839 = LINE('',#4840,#4841);
#4840 = CARTESIAN_POINT('',(-0.1,-5.75,4.45));
#4841 = VECTOR('',#4842,1.);
#4842 = DIRECTION('',(7.850462293414E-17,0.707106781187,0.707106781187)
  );
#4843 = ORIENTED_EDGE('',*,*,#3868,.F.);
#4844 = ORIENTED_EDGE('',*,*,#4789,.T.);
#4845 = PLANE('',#4846);
#4846 = AXIS2_PLACEMENT_3D('',#4847,#4848,#4849);
#4847 = CARTESIAN_POINT('',(-0.1,-6.,2.448597401424));
#4848 = DIRECTION('',(-1.,1.110223024625E-16,0.));
#4849 = DIRECTION('',(0.,0.,1.));
#4850 = ADVANCED_FACE('',(#4851),#4869,.T.);
#4851 = FACE_BOUND('',#4852,.T.);
#4852 = EDGE_LOOP('',(#4853,#4861,#4867,#4868));
#4853 = ORIENTED_EDGE('',*,*,#4854,.T.);
#4854 = EDGE_CURVE('',#4831,#4855,#4857,.T.);
#4855 = VERTEX_POINT('',#4856);
#4856 = CARTESIAN_POINT('',(0.1,-5.75,4.45));
#4857 = LINE('',#4858,#4859);
#4858 = CARTESIAN_POINT('',(-0.1,-5.75,4.45));
#4859 = VECTOR('',#4860,1.);
#4860 = DIRECTION('',(1.,-1.110223024625E-16,0.));
#4861 = ORIENTED_EDGE('',*,*,#4862,.T.);
#4862 = EDGE_CURVE('',#4855,#3853,#4863,.T.);
#4863 = LINE('',#4864,#4865);
#4864 = CARTESIAN_POINT('',(0.1,-5.75,4.45));
#4865 = VECTOR('',#4866,1.);
#4866 = DIRECTION('',(7.850462293414E-17,0.707106781187,0.707106781187)
  );
#4867 = ORIENTED_EDGE('',*,*,#3860,.F.);
#4868 = ORIENTED_EDGE('',*,*,#4838,.F.);
#4869 = PLANE('',#4870);
#4870 = AXIS2_PLACEMENT_3D('',#4871,#4872,#4873);
#4871 = CARTESIAN_POINT('',(-0.1,-5.75,4.45));
#4872 = DIRECTION('',(-7.850462293414E-17,-0.707106781187,0.707106781187
    ));
#4873 = DIRECTION('',(7.850462293414E-17,0.707106781187,0.707106781187)
  );
#4874 = ADVANCED_FACE('',(#4875),#4911,.F.);
#4875 = FACE_BOUND('',#4876,.F.);
#4876 = EDGE_LOOP('',(#4877,#4878,#4886,#4894,#4902,#4908,#4909,#4910));
#4877 = ORIENTED_EDGE('',*,*,#3948,.F.);
#4878 = ORIENTED_EDGE('',*,*,#4879,.T.);
#4879 = EDGE_CURVE('',#3941,#4880,#4882,.T.);
#4880 = VERTEX_POINT('',#4881);
#4881 = CARTESIAN_POINT('',(0.1,-6.25,4.45));
#4882 = LINE('',#4883,#4884);
#4883 = CARTESIAN_POINT('',(0.1,-6.3,4.5));
#4884 = VECTOR('',#4885,1.);
#4885 = DIRECTION('',(7.850462293414E-17,0.707106781187,-0.707106781187)
  );
#4886 = ORIENTED_EDGE('',*,*,#4887,.T.);
#4887 = EDGE_CURVE('',#4880,#4888,#4890,.T.);
#4888 = VERTEX_POINT('',#4889);
#4889 = CARTESIAN_POINT('',(0.1,-6.25,1.25));
#4890 = LINE('',#4891,#4892);
#4891 = CARTESIAN_POINT('',(0.1,-6.25,4.45));
#4892 = VECTOR('',#4893,1.);
#4893 = DIRECTION('',(0.,0.,-1.));
#4894 = ORIENTED_EDGE('',*,*,#4895,.T.);
#4895 = EDGE_CURVE('',#4888,#4896,#4898,.T.);
#4896 = VERTEX_POINT('',#4897);
#4897 = CARTESIAN_POINT('',(0.1,-5.75,1.25));
#4898 = LINE('',#4899,#4900);
#4899 = CARTESIAN_POINT('',(0.1,-6.25,1.25));
#4900 = VECTOR('',#4901,1.);
#4901 = DIRECTION('',(1.110223024625E-16,1.,0.));
#4902 = ORIENTED_EDGE('',*,*,#4903,.T.);
#4903 = EDGE_CURVE('',#4896,#4855,#4904,.T.);
#4904 = LINE('',#4905,#4906);
#4905 = CARTESIAN_POINT('',(0.1,-5.75,1.25));
#4906 = VECTOR('',#4907,1.);
#4907 = DIRECTION('',(0.,0.,1.));
#4908 = ORIENTED_EDGE('',*,*,#4862,.T.);
#4909 = ORIENTED_EDGE('',*,*,#3852,.F.);
#4910 = ORIENTED_EDGE('',*,*,#4774,.T.);
#4911 = PLANE('',#4912);
#4912 = AXIS2_PLACEMENT_3D('',#4913,#4914,#4915);
#4913 = CARTESIAN_POINT('',(0.1,-6.,2.448597401424));
#4914 = DIRECTION('',(-1.,1.110223024625E-16,0.));
#4915 = DIRECTION('',(0.,0.,1.));
#4916 = ADVANCED_FACE('',(#4917),#4928,.T.);
#4917 = FACE_BOUND('',#4918,.T.);
#4918 = EDGE_LOOP('',(#4919,#4920,#4921,#4927));
#4919 = ORIENTED_EDGE('',*,*,#3940,.T.);
#4920 = ORIENTED_EDGE('',*,*,#4879,.T.);
#4921 = ORIENTED_EDGE('',*,*,#4922,.F.);
#4922 = EDGE_CURVE('',#4807,#4880,#4923,.T.);
#4923 = LINE('',#4924,#4925);
#4924 = CARTESIAN_POINT('',(-0.1,-6.25,4.45));
#4925 = VECTOR('',#4926,1.);
#4926 = DIRECTION('',(1.,-1.110223024625E-16,0.));
#4927 = ORIENTED_EDGE('',*,*,#4806,.F.);
#4928 = PLANE('',#4929);
#4929 = AXIS2_PLACEMENT_3D('',#4930,#4931,#4932);
#4930 = CARTESIAN_POINT('',(-0.1,-6.3,4.5));
#4931 = DIRECTION('',(7.850462293414E-17,0.707106781187,0.707106781187)
  );
#4932 = DIRECTION('',(7.850462293414E-17,0.707106781187,-0.707106781187)
  );
#4933 = ADVANCED_FACE('',(#4934),#4945,.T.);
#4934 = FACE_BOUND('',#4935,.T.);
#4935 = EDGE_LOOP('',(#4936,#4937,#4938,#4939));
#4936 = ORIENTED_EDGE('',*,*,#4116,.T.);
#4937 = ORIENTED_EDGE('',*,*,#3979,.T.);
#4938 = ORIENTED_EDGE('',*,*,#4004,.T.);
#4939 = ORIENTED_EDGE('',*,*,#4940,.T.);
#4940 = EDGE_CURVE('',#4005,#4109,#4941,.T.);
#4941 = LINE('',#4942,#4943);
#4942 = CARTESIAN_POINT('',(0.1,-4.,0.9));
#4943 = VECTOR('',#4944,1.);
#4944 = DIRECTION('',(-1.110223024625E-16,-1.,0.));
#4945 = PLANE('',#4946);
#4946 = AXIS2_PLACEMENT_3D('',#4947,#4948,#4949);
#4947 = CARTESIAN_POINT('',(-4.047688110613E-16,-4.,0.9));
#4948 = DIRECTION('',(0.,0.,1.));
#4949 = DIRECTION('',(1.110223024625E-16,1.,0.));
#4950 = ADVANCED_FACE('',(#4951),#4962,.T.);
#4951 = FACE_BOUND('',#4952,.T.);
#4952 = EDGE_LOOP('',(#4953,#4954,#4960,#4961));
#4953 = ORIENTED_EDGE('',*,*,#4084,.T.);
#4954 = ORIENTED_EDGE('',*,*,#4955,.F.);
#4955 = EDGE_CURVE('',#4029,#4085,#4956,.T.);
#4956 = LINE('',#4957,#4958);
#4957 = CARTESIAN_POINT('',(-0.1,-4.,0.9));
#4958 = VECTOR('',#4959,1.);
#4959 = DIRECTION('',(-1.110223024625E-16,-1.,0.));
#4960 = ORIENTED_EDGE('',*,*,#4036,.T.);
#4961 = ORIENTED_EDGE('',*,*,#4059,.T.);
#4962 = PLANE('',#4963);
#4963 = AXIS2_PLACEMENT_3D('',#4964,#4965,#4966);
#4964 = CARTESIAN_POINT('',(-4.047688110613E-16,-4.,0.9));
#4965 = DIRECTION('',(0.,0.,1.));
#4966 = DIRECTION('',(1.110223024625E-16,1.,0.));
#4967 = ADVANCED_FACE('',(#4968),#5011,.T.);
#4968 = FACE_BOUND('',#4969,.T.);
#4969 = EDGE_LOOP('',(#4970,#4971,#4979,#4987,#4995,#5003,#5009,#5010));
#4970 = ORIENTED_EDGE('',*,*,#4092,.F.);
#4971 = ORIENTED_EDGE('',*,*,#4972,.T.);
#4972 = EDGE_CURVE('',#4093,#4973,#4975,.T.);
#4973 = VERTEX_POINT('',#4974);
#4974 = CARTESIAN_POINT('',(-0.1,-4.25,4.45));
#4975 = LINE('',#4976,#4977);
#4976 = CARTESIAN_POINT('',(-0.1,-4.3,4.5));
#4977 = VECTOR('',#4978,1.);
#4978 = DIRECTION('',(7.850462293414E-17,0.707106781187,-0.707106781187)
  );
#4979 = ORIENTED_EDGE('',*,*,#4980,.T.);
#4980 = EDGE_CURVE('',#4973,#4981,#4983,.T.);
#4981 = VERTEX_POINT('',#4982);
#4982 = CARTESIAN_POINT('',(-0.1,-4.25,1.25));
#4983 = LINE('',#4984,#4985);
#4984 = CARTESIAN_POINT('',(-0.1,-4.25,4.45));
#4985 = VECTOR('',#4986,1.);
#4986 = DIRECTION('',(0.,0.,-1.));
#4987 = ORIENTED_EDGE('',*,*,#4988,.T.);
#4988 = EDGE_CURVE('',#4981,#4989,#4991,.T.);
#4989 = VERTEX_POINT('',#4990);
#4990 = CARTESIAN_POINT('',(-0.1,-3.75,1.25));
#4991 = LINE('',#4992,#4993);
#4992 = CARTESIAN_POINT('',(-0.1,-4.25,1.25));
#4993 = VECTOR('',#4994,1.);
#4994 = DIRECTION('',(1.110223024625E-16,1.,0.));
#4995 = ORIENTED_EDGE('',*,*,#4996,.T.);
#4996 = EDGE_CURVE('',#4989,#4997,#4999,.T.);
#4997 = VERTEX_POINT('',#4998);
#4998 = CARTESIAN_POINT('',(-0.1,-3.75,4.45));
#4999 = LINE('',#5000,#5001);
#5000 = CARTESIAN_POINT('',(-0.1,-3.75,1.25));
#5001 = VECTOR('',#5002,1.);
#5002 = DIRECTION('',(0.,0.,1.));
#5003 = ORIENTED_EDGE('',*,*,#5004,.T.);
#5004 = EDGE_CURVE('',#4997,#4021,#5005,.T.);
#5005 = LINE('',#5006,#5007);
#5006 = CARTESIAN_POINT('',(-0.1,-3.75,4.45));
#5007 = VECTOR('',#5008,1.);
#5008 = DIRECTION('',(7.850462293414E-17,0.707106781187,0.707106781187)
  );
#5009 = ORIENTED_EDGE('',*,*,#4028,.F.);
#5010 = ORIENTED_EDGE('',*,*,#4955,.T.);
#5011 = PLANE('',#5012);
#5012 = AXIS2_PLACEMENT_3D('',#5013,#5014,#5015);
#5013 = CARTESIAN_POINT('',(-0.1,-4.,2.448597401424));
#5014 = DIRECTION('',(-1.,1.110223024625E-16,0.));
#5015 = DIRECTION('',(0.,0.,1.));
#5016 = ADVANCED_FACE('',(#5017),#5035,.T.);
#5017 = FACE_BOUND('',#5018,.T.);
#5018 = EDGE_LOOP('',(#5019,#5027,#5033,#5034));
#5019 = ORIENTED_EDGE('',*,*,#5020,.T.);
#5020 = EDGE_CURVE('',#4997,#5021,#5023,.T.);
#5021 = VERTEX_POINT('',#5022);
#5022 = CARTESIAN_POINT('',(0.1,-3.75,4.45));
#5023 = LINE('',#5024,#5025);
#5024 = CARTESIAN_POINT('',(-0.1,-3.75,4.45));
#5025 = VECTOR('',#5026,1.);
#5026 = DIRECTION('',(1.,-1.110223024625E-16,0.));
#5027 = ORIENTED_EDGE('',*,*,#5028,.T.);
#5028 = EDGE_CURVE('',#5021,#4013,#5029,.T.);
#5029 = LINE('',#5030,#5031);
#5030 = CARTESIAN_POINT('',(0.1,-3.75,4.45));
#5031 = VECTOR('',#5032,1.);
#5032 = DIRECTION('',(7.850462293414E-17,0.707106781187,0.707106781187)
  );
#5033 = ORIENTED_EDGE('',*,*,#4020,.F.);
#5034 = ORIENTED_EDGE('',*,*,#5004,.F.);
#5035 = PLANE('',#5036);
#5036 = AXIS2_PLACEMENT_3D('',#5037,#5038,#5039);
#5037 = CARTESIAN_POINT('',(-0.1,-3.75,4.45));
#5038 = DIRECTION('',(-7.850462293414E-17,-0.707106781187,0.707106781187
    ));
#5039 = DIRECTION('',(7.850462293414E-17,0.707106781187,0.707106781187)
  );
#5040 = ADVANCED_FACE('',(#5041),#5077,.F.);
#5041 = FACE_BOUND('',#5042,.F.);
#5042 = EDGE_LOOP('',(#5043,#5044,#5052,#5060,#5068,#5074,#5075,#5076));
#5043 = ORIENTED_EDGE('',*,*,#4108,.F.);
#5044 = ORIENTED_EDGE('',*,*,#5045,.T.);
#5045 = EDGE_CURVE('',#4101,#5046,#5048,.T.);
#5046 = VERTEX_POINT('',#5047);
#5047 = CARTESIAN_POINT('',(0.1,-4.25,4.45));
#5048 = LINE('',#5049,#5050);
#5049 = CARTESIAN_POINT('',(0.1,-4.3,4.5));
#5050 = VECTOR('',#5051,1.);
#5051 = DIRECTION('',(7.850462293414E-17,0.707106781187,-0.707106781187)
  );
#5052 = ORIENTED_EDGE('',*,*,#5053,.T.);
#5053 = EDGE_CURVE('',#5046,#5054,#5056,.T.);
#5054 = VERTEX_POINT('',#5055);
#5055 = CARTESIAN_POINT('',(0.1,-4.25,1.25));
#5056 = LINE('',#5057,#5058);
#5057 = CARTESIAN_POINT('',(0.1,-4.25,4.45));
#5058 = VECTOR('',#5059,1.);
#5059 = DIRECTION('',(0.,0.,-1.));
#5060 = ORIENTED_EDGE('',*,*,#5061,.T.);
#5061 = EDGE_CURVE('',#5054,#5062,#5064,.T.);
#5062 = VERTEX_POINT('',#5063);
#5063 = CARTESIAN_POINT('',(0.1,-3.75,1.25));
#5064 = LINE('',#5065,#5066);
#5065 = CARTESIAN_POINT('',(0.1,-4.25,1.25));
#5066 = VECTOR('',#5067,1.);
#5067 = DIRECTION('',(1.110223024625E-16,1.,0.));
#5068 = ORIENTED_EDGE('',*,*,#5069,.T.);
#5069 = EDGE_CURVE('',#5062,#5021,#5070,.T.);
#5070 = LINE('',#5071,#5072);
#5071 = CARTESIAN_POINT('',(0.1,-3.75,1.25));
#5072 = VECTOR('',#5073,1.);
#5073 = DIRECTION('',(0.,0.,1.));
#5074 = ORIENTED_EDGE('',*,*,#5028,.T.);
#5075 = ORIENTED_EDGE('',*,*,#4012,.F.);
#5076 = ORIENTED_EDGE('',*,*,#4940,.T.);
#5077 = PLANE('',#5078);
#5078 = AXIS2_PLACEMENT_3D('',#5079,#5080,#5081);
#5079 = CARTESIAN_POINT('',(0.1,-4.,2.448597401424));
#5080 = DIRECTION('',(-1.,1.110223024625E-16,0.));
#5081 = DIRECTION('',(0.,0.,1.));
#5082 = ADVANCED_FACE('',(#5083),#5094,.T.);
#5083 = FACE_BOUND('',#5084,.T.);
#5084 = EDGE_LOOP('',(#5085,#5086,#5087,#5093));
#5085 = ORIENTED_EDGE('',*,*,#4100,.T.);
#5086 = ORIENTED_EDGE('',*,*,#5045,.T.);
#5087 = ORIENTED_EDGE('',*,*,#5088,.F.);
#5088 = EDGE_CURVE('',#4973,#5046,#5089,.T.);
#5089 = LINE('',#5090,#5091);
#5090 = CARTESIAN_POINT('',(-0.1,-4.25,4.45));
#5091 = VECTOR('',#5092,1.);
#5092 = DIRECTION('',(1.,-1.110223024625E-16,0.));
#5093 = ORIENTED_EDGE('',*,*,#4972,.F.);
#5094 = PLANE('',#5095);
#5095 = AXIS2_PLACEMENT_3D('',#5096,#5097,#5098);
#5096 = CARTESIAN_POINT('',(-0.1,-4.3,4.5));
#5097 = DIRECTION('',(7.850462293414E-17,0.707106781187,0.707106781187)
  );
#5098 = DIRECTION('',(7.850462293414E-17,0.707106781187,-0.707106781187)
  );
#5099 = ADVANCED_FACE('',(#5100),#5111,.T.);
#5100 = FACE_BOUND('',#5101,.T.);
#5101 = EDGE_LOOP('',(#5102,#5103,#5104,#5105));
#5102 = ORIENTED_EDGE('',*,*,#4276,.T.);
#5103 = ORIENTED_EDGE('',*,*,#4139,.T.);
#5104 = ORIENTED_EDGE('',*,*,#4164,.T.);
#5105 = ORIENTED_EDGE('',*,*,#5106,.T.);
#5106 = EDGE_CURVE('',#4165,#4269,#5107,.T.);
#5107 = LINE('',#5108,#5109);
#5108 = CARTESIAN_POINT('',(0.1,-2.,0.9));
#5109 = VECTOR('',#5110,1.);
#5110 = DIRECTION('',(-1.110223024625E-16,-1.,0.));
#5111 = PLANE('',#5112);
#5112 = AXIS2_PLACEMENT_3D('',#5113,#5114,#5115);
#5113 = CARTESIAN_POINT('',(-1.827242061362E-16,-2.,0.9));
#5114 = DIRECTION('',(0.,0.,1.));
#5115 = DIRECTION('',(1.110223024625E-16,1.,0.));
#5116 = ADVANCED_FACE('',(#5117),#5128,.T.);
#5117 = FACE_BOUND('',#5118,.T.);
#5118 = EDGE_LOOP('',(#5119,#5120,#5126,#5127));
#5119 = ORIENTED_EDGE('',*,*,#4244,.T.);
#5120 = ORIENTED_EDGE('',*,*,#5121,.F.);
#5121 = EDGE_CURVE('',#4189,#4245,#5122,.T.);
#5122 = LINE('',#5123,#5124);
#5123 = CARTESIAN_POINT('',(-0.1,-2.,0.9));
#5124 = VECTOR('',#5125,1.);
#5125 = DIRECTION('',(-1.110223024625E-16,-1.,0.));
#5126 = ORIENTED_EDGE('',*,*,#4196,.T.);
#5127 = ORIENTED_EDGE('',*,*,#4219,.T.);
#5128 = PLANE('',#5129);
#5129 = AXIS2_PLACEMENT_3D('',#5130,#5131,#5132);
#5130 = CARTESIAN_POINT('',(-1.827242061362E-16,-2.,0.9));
#5131 = DIRECTION('',(0.,0.,1.));
#5132 = DIRECTION('',(1.110223024625E-16,1.,0.));
#5133 = ADVANCED_FACE('',(#5134),#5177,.T.);
#5134 = FACE_BOUND('',#5135,.T.);
#5135 = EDGE_LOOP('',(#5136,#5137,#5145,#5153,#5161,#5169,#5175,#5176));
#5136 = ORIENTED_EDGE('',*,*,#4252,.F.);
#5137 = ORIENTED_EDGE('',*,*,#5138,.T.);
#5138 = EDGE_CURVE('',#4253,#5139,#5141,.T.);
#5139 = VERTEX_POINT('',#5140);
#5140 = CARTESIAN_POINT('',(-0.1,-2.25,4.45));
#5141 = LINE('',#5142,#5143);
#5142 = CARTESIAN_POINT('',(-0.1,-2.3,4.5));
#5143 = VECTOR('',#5144,1.);
#5144 = DIRECTION('',(7.850462293414E-17,0.707106781187,-0.707106781187)
  );
#5145 = ORIENTED_EDGE('',*,*,#5146,.T.);
#5146 = EDGE_CURVE('',#5139,#5147,#5149,.T.);
#5147 = VERTEX_POINT('',#5148);
#5148 = CARTESIAN_POINT('',(-0.1,-2.25,1.25));
#5149 = LINE('',#5150,#5151);
#5150 = CARTESIAN_POINT('',(-0.1,-2.25,4.45));
#5151 = VECTOR('',#5152,1.);
#5152 = DIRECTION('',(0.,0.,-1.));
#5153 = ORIENTED_EDGE('',*,*,#5154,.T.);
#5154 = EDGE_CURVE('',#5147,#5155,#5157,.T.);
#5155 = VERTEX_POINT('',#5156);
#5156 = CARTESIAN_POINT('',(-0.1,-1.75,1.25));
#5157 = LINE('',#5158,#5159);
#5158 = CARTESIAN_POINT('',(-0.1,-2.25,1.25));
#5159 = VECTOR('',#5160,1.);
#5160 = DIRECTION('',(1.110223024625E-16,1.,0.));
#5161 = ORIENTED_EDGE('',*,*,#5162,.T.);
#5162 = EDGE_CURVE('',#5155,#5163,#5165,.T.);
#5163 = VERTEX_POINT('',#5164);
#5164 = CARTESIAN_POINT('',(-0.1,-1.75,4.45));
#5165 = LINE('',#5166,#5167);
#5166 = CARTESIAN_POINT('',(-0.1,-1.75,1.25));
#5167 = VECTOR('',#5168,1.);
#5168 = DIRECTION('',(0.,0.,1.));
#5169 = ORIENTED_EDGE('',*,*,#5170,.T.);
#5170 = EDGE_CURVE('',#5163,#4181,#5171,.T.);
#5171 = LINE('',#5172,#5173);
#5172 = CARTESIAN_POINT('',(-0.1,-1.75,4.45));
#5173 = VECTOR('',#5174,1.);
#5174 = DIRECTION('',(7.850462293414E-17,0.707106781187,0.707106781187)
  );
#5175 = ORIENTED_EDGE('',*,*,#4188,.F.);
#5176 = ORIENTED_EDGE('',*,*,#5121,.T.);
#5177 = PLANE('',#5178);
#5178 = AXIS2_PLACEMENT_3D('',#5179,#5180,#5181);
#5179 = CARTESIAN_POINT('',(-0.1,-2.,2.448597401424));
#5180 = DIRECTION('',(-1.,1.110223024625E-16,0.));
#5181 = DIRECTION('',(0.,0.,1.));
#5182 = ADVANCED_FACE('',(#5183),#5201,.T.);
#5183 = FACE_BOUND('',#5184,.T.);
#5184 = EDGE_LOOP('',(#5185,#5193,#5199,#5200));
#5185 = ORIENTED_EDGE('',*,*,#5186,.T.);
#5186 = EDGE_CURVE('',#5163,#5187,#5189,.T.);
#5187 = VERTEX_POINT('',#5188);
#5188 = CARTESIAN_POINT('',(0.1,-1.75,4.45));
#5189 = LINE('',#5190,#5191);
#5190 = CARTESIAN_POINT('',(-0.1,-1.75,4.45));
#5191 = VECTOR('',#5192,1.);
#5192 = DIRECTION('',(1.,-1.110223024625E-16,0.));
#5193 = ORIENTED_EDGE('',*,*,#5194,.T.);
#5194 = EDGE_CURVE('',#5187,#4173,#5195,.T.);
#5195 = LINE('',#5196,#5197);
#5196 = CARTESIAN_POINT('',(0.1,-1.75,4.45));
#5197 = VECTOR('',#5198,1.);
#5198 = DIRECTION('',(7.850462293414E-17,0.707106781187,0.707106781187)
  );
#5199 = ORIENTED_EDGE('',*,*,#4180,.F.);
#5200 = ORIENTED_EDGE('',*,*,#5170,.F.);
#5201 = PLANE('',#5202);
#5202 = AXIS2_PLACEMENT_3D('',#5203,#5204,#5205);
#5203 = CARTESIAN_POINT('',(-0.1,-1.75,4.45));
#5204 = DIRECTION('',(-7.850462293414E-17,-0.707106781187,0.707106781187
    ));
#5205 = DIRECTION('',(7.850462293414E-17,0.707106781187,0.707106781187)
  );
#5206 = ADVANCED_FACE('',(#5207),#5243,.F.);
#5207 = FACE_BOUND('',#5208,.F.);
#5208 = EDGE_LOOP('',(#5209,#5210,#5218,#5226,#5234,#5240,#5241,#5242));
#5209 = ORIENTED_EDGE('',*,*,#4268,.F.);
#5210 = ORIENTED_EDGE('',*,*,#5211,.T.);
#5211 = EDGE_CURVE('',#4261,#5212,#5214,.T.);
#5212 = VERTEX_POINT('',#5213);
#5213 = CARTESIAN_POINT('',(0.1,-2.25,4.45));
#5214 = LINE('',#5215,#5216);
#5215 = CARTESIAN_POINT('',(0.1,-2.3,4.5));
#5216 = VECTOR('',#5217,1.);
#5217 = DIRECTION('',(7.850462293414E-17,0.707106781187,-0.707106781187)
  );
#5218 = ORIENTED_EDGE('',*,*,#5219,.T.);
#5219 = EDGE_CURVE('',#5212,#5220,#5222,.T.);
#5220 = VERTEX_POINT('',#5221);
#5221 = CARTESIAN_POINT('',(0.1,-2.25,1.25));
#5222 = LINE('',#5223,#5224);
#5223 = CARTESIAN_POINT('',(0.1,-2.25,4.45));
#5224 = VECTOR('',#5225,1.);
#5225 = DIRECTION('',(0.,0.,-1.));
#5226 = ORIENTED_EDGE('',*,*,#5227,.T.);
#5227 = EDGE_CURVE('',#5220,#5228,#5230,.T.);
#5228 = VERTEX_POINT('',#5229);
#5229 = CARTESIAN_POINT('',(0.1,-1.75,1.25));
#5230 = LINE('',#5231,#5232);
#5231 = CARTESIAN_POINT('',(0.1,-2.25,1.25));
#5232 = VECTOR('',#5233,1.);
#5233 = DIRECTION('',(1.110223024625E-16,1.,0.));
#5234 = ORIENTED_EDGE('',*,*,#5235,.T.);
#5235 = EDGE_CURVE('',#5228,#5187,#5236,.T.);
#5236 = LINE('',#5237,#5238);
#5237 = CARTESIAN_POINT('',(0.1,-1.75,1.25));
#5238 = VECTOR('',#5239,1.);
#5239 = DIRECTION('',(0.,0.,1.));
#5240 = ORIENTED_EDGE('',*,*,#5194,.T.);
#5241 = ORIENTED_EDGE('',*,*,#4172,.F.);
#5242 = ORIENTED_EDGE('',*,*,#5106,.T.);
#5243 = PLANE('',#5244);
#5244 = AXIS2_PLACEMENT_3D('',#5245,#5246,#5247);
#5245 = CARTESIAN_POINT('',(0.1,-2.,2.448597401424));
#5246 = DIRECTION('',(-1.,1.110223024625E-16,0.));
#5247 = DIRECTION('',(0.,0.,1.));
#5248 = ADVANCED_FACE('',(#5249),#5260,.T.);
#5249 = FACE_BOUND('',#5250,.T.);
#5250 = EDGE_LOOP('',(#5251,#5252,#5253,#5259));
#5251 = ORIENTED_EDGE('',*,*,#4260,.T.);
#5252 = ORIENTED_EDGE('',*,*,#5211,.T.);
#5253 = ORIENTED_EDGE('',*,*,#5254,.F.);
#5254 = EDGE_CURVE('',#5139,#5212,#5255,.T.);
#5255 = LINE('',#5256,#5257);
#5256 = CARTESIAN_POINT('',(-0.1,-2.25,4.45));
#5257 = VECTOR('',#5258,1.);
#5258 = DIRECTION('',(1.,-1.110223024625E-16,0.));
#5259 = ORIENTED_EDGE('',*,*,#5138,.F.);
#5260 = PLANE('',#5261);
#5261 = AXIS2_PLACEMENT_3D('',#5262,#5263,#5264);
#5262 = CARTESIAN_POINT('',(-0.1,-2.3,4.5));
#5263 = DIRECTION('',(7.850462293414E-17,0.707106781187,0.707106781187)
  );
#5264 = DIRECTION('',(7.850462293414E-17,0.707106781187,-0.707106781187)
  );
#5265 = ADVANCED_FACE('',(#5266),#5277,.T.);
#5266 = FACE_BOUND('',#5267,.T.);
#5267 = EDGE_LOOP('',(#5268,#5269,#5270,#5271));
#5268 = ORIENTED_EDGE('',*,*,#4436,.T.);
#5269 = ORIENTED_EDGE('',*,*,#4299,.T.);
#5270 = ORIENTED_EDGE('',*,*,#4324,.T.);
#5271 = ORIENTED_EDGE('',*,*,#5272,.T.);
#5272 = EDGE_CURVE('',#4325,#4429,#5273,.T.);
#5273 = LINE('',#5274,#5275);
#5274 = CARTESIAN_POINT('',(0.1,-1.110223024625E-17,0.9));
#5275 = VECTOR('',#5276,1.);
#5276 = DIRECTION('',(-1.110223024625E-16,-1.,0.));
#5277 = PLANE('',#5278);
#5278 = AXIS2_PLACEMENT_3D('',#5279,#5280,#5281);
#5279 = CARTESIAN_POINT('',(3.932039878881E-17,-4.365441207278E-33,0.9)
  );
#5280 = DIRECTION('',(0.,0.,1.));
#5281 = DIRECTION('',(1.110223024625E-16,1.,0.));
#5282 = ADVANCED_FACE('',(#5283),#5294,.T.);
#5283 = FACE_BOUND('',#5284,.T.);
#5284 = EDGE_LOOP('',(#5285,#5286,#5292,#5293));
#5285 = ORIENTED_EDGE('',*,*,#4404,.T.);
#5286 = ORIENTED_EDGE('',*,*,#5287,.F.);
#5287 = EDGE_CURVE('',#4349,#4405,#5288,.T.);
#5288 = LINE('',#5289,#5290);
#5289 = CARTESIAN_POINT('',(-0.1,1.110223024625E-17,0.9));
#5290 = VECTOR('',#5291,1.);
#5291 = DIRECTION('',(-1.110223024625E-16,-1.,0.));
#5292 = ORIENTED_EDGE('',*,*,#4356,.T.);
#5293 = ORIENTED_EDGE('',*,*,#4379,.T.);
#5294 = PLANE('',#5295);
#5295 = AXIS2_PLACEMENT_3D('',#5296,#5297,#5298);
#5296 = CARTESIAN_POINT('',(3.932039878881E-17,-4.365441207278E-33,0.9)
  );
#5297 = DIRECTION('',(0.,0.,1.));
#5298 = DIRECTION('',(1.110223024625E-16,1.,0.));
#5299 = ADVANCED_FACE('',(#5300),#5343,.T.);
#5300 = FACE_BOUND('',#5301,.T.);
#5301 = EDGE_LOOP('',(#5302,#5303,#5311,#5319,#5327,#5335,#5341,#5342));
#5302 = ORIENTED_EDGE('',*,*,#4412,.F.);
#5303 = ORIENTED_EDGE('',*,*,#5304,.T.);
#5304 = EDGE_CURVE('',#4413,#5305,#5307,.T.);
#5305 = VERTEX_POINT('',#5306);
#5306 = CARTESIAN_POINT('',(-0.1,-0.25,4.45));
#5307 = LINE('',#5308,#5309);
#5308 = CARTESIAN_POINT('',(-0.1,-0.3,4.5));
#5309 = VECTOR('',#5310,1.);
#5310 = DIRECTION('',(7.850462293414E-17,0.707106781187,-0.707106781187)
  );
#5311 = ORIENTED_EDGE('',*,*,#5312,.T.);
#5312 = EDGE_CURVE('',#5305,#5313,#5315,.T.);
#5313 = VERTEX_POINT('',#5314);
#5314 = CARTESIAN_POINT('',(-0.1,-0.25,1.25));
#5315 = LINE('',#5316,#5317);
#5316 = CARTESIAN_POINT('',(-0.1,-0.25,4.45));
#5317 = VECTOR('',#5318,1.);
#5318 = DIRECTION('',(0.,0.,-1.));
#5319 = ORIENTED_EDGE('',*,*,#5320,.T.);
#5320 = EDGE_CURVE('',#5313,#5321,#5323,.T.);
#5321 = VERTEX_POINT('',#5322);
#5322 = CARTESIAN_POINT('',(-0.1,0.25,1.25));
#5323 = LINE('',#5324,#5325);
#5324 = CARTESIAN_POINT('',(-0.1,-0.25,1.25));
#5325 = VECTOR('',#5326,1.);
#5326 = DIRECTION('',(1.110223024625E-16,1.,0.));
#5327 = ORIENTED_EDGE('',*,*,#5328,.T.);
#5328 = EDGE_CURVE('',#5321,#5329,#5331,.T.);
#5329 = VERTEX_POINT('',#5330);
#5330 = CARTESIAN_POINT('',(-0.1,0.25,4.45));
#5331 = LINE('',#5332,#5333);
#5332 = CARTESIAN_POINT('',(-0.1,0.25,1.25));
#5333 = VECTOR('',#5334,1.);
#5334 = DIRECTION('',(0.,0.,1.));
#5335 = ORIENTED_EDGE('',*,*,#5336,.T.);
#5336 = EDGE_CURVE('',#5329,#4341,#5337,.T.);
#5337 = LINE('',#5338,#5339);
#5338 = CARTESIAN_POINT('',(-0.1,0.25,4.45));
#5339 = VECTOR('',#5340,1.);
#5340 = DIRECTION('',(7.850462293414E-17,0.707106781187,0.707106781187)
  );
#5341 = ORIENTED_EDGE('',*,*,#4348,.F.);
#5342 = ORIENTED_EDGE('',*,*,#5287,.T.);
#5343 = PLANE('',#5344);
#5344 = AXIS2_PLACEMENT_3D('',#5345,#5346,#5347);
#5345 = CARTESIAN_POINT('',(-0.1,1.110223024625E-17,2.448597401424));
#5346 = DIRECTION('',(-1.,1.110223024625E-16,0.));
#5347 = DIRECTION('',(0.,0.,1.));
#5348 = ADVANCED_FACE('',(#5349),#5367,.T.);
#5349 = FACE_BOUND('',#5350,.T.);
#5350 = EDGE_LOOP('',(#5351,#5359,#5365,#5366));
#5351 = ORIENTED_EDGE('',*,*,#5352,.T.);
#5352 = EDGE_CURVE('',#5329,#5353,#5355,.T.);
#5353 = VERTEX_POINT('',#5354);
#5354 = CARTESIAN_POINT('',(0.1,0.25,4.45));
#5355 = LINE('',#5356,#5357);
#5356 = CARTESIAN_POINT('',(-0.1,0.25,4.45));
#5357 = VECTOR('',#5358,1.);
#5358 = DIRECTION('',(1.,-1.110223024625E-16,0.));
#5359 = ORIENTED_EDGE('',*,*,#5360,.T.);
#5360 = EDGE_CURVE('',#5353,#4333,#5361,.T.);
#5361 = LINE('',#5362,#5363);
#5362 = CARTESIAN_POINT('',(0.1,0.25,4.45));
#5363 = VECTOR('',#5364,1.);
#5364 = DIRECTION('',(7.850462293414E-17,0.707106781187,0.707106781187)
  );
#5365 = ORIENTED_EDGE('',*,*,#4340,.F.);
#5366 = ORIENTED_EDGE('',*,*,#5336,.F.);
#5367 = PLANE('',#5368);
#5368 = AXIS2_PLACEMENT_3D('',#5369,#5370,#5371);
#5369 = CARTESIAN_POINT('',(-0.1,0.25,4.45));
#5370 = DIRECTION('',(-7.850462293414E-17,-0.707106781187,0.707106781187
    ));
#5371 = DIRECTION('',(7.850462293414E-17,0.707106781187,0.707106781187)
  );
#5372 = ADVANCED_FACE('',(#5373),#5409,.F.);
#5373 = FACE_BOUND('',#5374,.F.);
#5374 = EDGE_LOOP('',(#5375,#5376,#5384,#5392,#5400,#5406,#5407,#5408));
#5375 = ORIENTED_EDGE('',*,*,#4428,.F.);
#5376 = ORIENTED_EDGE('',*,*,#5377,.T.);
#5377 = EDGE_CURVE('',#4421,#5378,#5380,.T.);
#5378 = VERTEX_POINT('',#5379);
#5379 = CARTESIAN_POINT('',(0.1,-0.25,4.45));
#5380 = LINE('',#5381,#5382);
#5381 = CARTESIAN_POINT('',(0.1,-0.3,4.5));
#5382 = VECTOR('',#5383,1.);
#5383 = DIRECTION('',(7.850462293414E-17,0.707106781187,-0.707106781187)
  );
#5384 = ORIENTED_EDGE('',*,*,#5385,.T.);
#5385 = EDGE_CURVE('',#5378,#5386,#5388,.T.);
#5386 = VERTEX_POINT('',#5387);
#5387 = CARTESIAN_POINT('',(0.1,-0.25,1.25));
#5388 = LINE('',#5389,#5390);
#5389 = CARTESIAN_POINT('',(0.1,-0.25,4.45));
#5390 = VECTOR('',#5391,1.);
#5391 = DIRECTION('',(0.,0.,-1.));
#5392 = ORIENTED_EDGE('',*,*,#5393,.T.);
#5393 = EDGE_CURVE('',#5386,#5394,#5396,.T.);
#5394 = VERTEX_POINT('',#5395);
#5395 = CARTESIAN_POINT('',(0.1,0.25,1.25));
#5396 = LINE('',#5397,#5398);
#5397 = CARTESIAN_POINT('',(0.1,-0.25,1.25));
#5398 = VECTOR('',#5399,1.);
#5399 = DIRECTION('',(1.110223024625E-16,1.,0.));
#5400 = ORIENTED_EDGE('',*,*,#5401,.T.);
#5401 = EDGE_CURVE('',#5394,#5353,#5402,.T.);
#5402 = LINE('',#5403,#5404);
#5403 = CARTESIAN_POINT('',(0.1,0.25,1.25));
#5404 = VECTOR('',#5405,1.);
#5405 = DIRECTION('',(0.,0.,1.));
#5406 = ORIENTED_EDGE('',*,*,#5360,.T.);
#5407 = ORIENTED_EDGE('',*,*,#4332,.F.);
#5408 = ORIENTED_EDGE('',*,*,#5272,.T.);
#5409 = PLANE('',#5410);
#5410 = AXIS2_PLACEMENT_3D('',#5411,#5412,#5413);
#5411 = CARTESIAN_POINT('',(0.1,-1.110223024625E-17,2.448597401424));
#5412 = DIRECTION('',(-1.,1.110223024625E-16,0.));
#5413 = DIRECTION('',(0.,0.,1.));
#5414 = ADVANCED_FACE('',(#5415),#5426,.T.);
#5415 = FACE_BOUND('',#5416,.T.);
#5416 = EDGE_LOOP('',(#5417,#5418,#5419,#5425));
#5417 = ORIENTED_EDGE('',*,*,#4420,.T.);
#5418 = ORIENTED_EDGE('',*,*,#5377,.T.);
#5419 = ORIENTED_EDGE('',*,*,#5420,.F.);
#5420 = EDGE_CURVE('',#5305,#5378,#5421,.T.);
#5421 = LINE('',#5422,#5423);
#5422 = CARTESIAN_POINT('',(-0.1,-0.25,4.45));
#5423 = VECTOR('',#5424,1.);
#5424 = DIRECTION('',(1.,-1.110223024625E-16,0.));
#5425 = ORIENTED_EDGE('',*,*,#5304,.F.);
#5426 = PLANE('',#5427);
#5427 = AXIS2_PLACEMENT_3D('',#5428,#5429,#5430);
#5428 = CARTESIAN_POINT('',(-0.1,-0.3,4.5));
#5429 = DIRECTION('',(7.850462293414E-17,0.707106781187,0.707106781187)
  );
#5430 = DIRECTION('',(7.850462293414E-17,0.707106781187,-0.707106781187)
  );
#5431 = ADVANCED_FACE('',(#5432),#5443,.T.);
#5432 = FACE_BOUND('',#5433,.T.);
#5433 = EDGE_LOOP('',(#5434,#5440,#5441,#5442));
#5434 = ORIENTED_EDGE('',*,*,#5435,.T.);
#5435 = EDGE_CURVE('',#4823,#4896,#5436,.T.);
#5436 = LINE('',#5437,#5438);
#5437 = CARTESIAN_POINT('',(-0.1,-5.75,1.25));
#5438 = VECTOR('',#5439,1.);
#5439 = DIRECTION('',(1.,-1.110223024625E-16,0.));
#5440 = ORIENTED_EDGE('',*,*,#4903,.T.);
#5441 = ORIENTED_EDGE('',*,*,#4854,.F.);
#5442 = ORIENTED_EDGE('',*,*,#4830,.F.);
#5443 = PLANE('',#5444);
#5444 = AXIS2_PLACEMENT_3D('',#5445,#5446,#5447);
#5445 = CARTESIAN_POINT('',(-0.1,-5.75,1.25));
#5446 = DIRECTION('',(-1.110223024625E-16,-1.,0.));
#5447 = DIRECTION('',(0.,0.,1.));
#5448 = ADVANCED_FACE('',(#5449),#5460,.T.);
#5449 = FACE_BOUND('',#5450,.T.);
#5450 = EDGE_LOOP('',(#5451,#5457,#5458,#5459));
#5451 = ORIENTED_EDGE('',*,*,#5452,.T.);
#5452 = EDGE_CURVE('',#4815,#4888,#5453,.T.);
#5453 = LINE('',#5454,#5455);
#5454 = CARTESIAN_POINT('',(-0.1,-6.25,1.25));
#5455 = VECTOR('',#5456,1.);
#5456 = DIRECTION('',(1.,-1.110223024625E-16,0.));
#5457 = ORIENTED_EDGE('',*,*,#4895,.T.);
#5458 = ORIENTED_EDGE('',*,*,#5435,.F.);
#5459 = ORIENTED_EDGE('',*,*,#4822,.F.);
#5460 = PLANE('',#5461);
#5461 = AXIS2_PLACEMENT_3D('',#5462,#5463,#5464);
#5462 = CARTESIAN_POINT('',(-0.1,-6.25,1.25));
#5463 = DIRECTION('',(0.,0.,1.));
#5464 = DIRECTION('',(1.110223024625E-16,1.,0.));
#5465 = ADVANCED_FACE('',(#5466),#5472,.T.);
#5466 = FACE_BOUND('',#5467,.T.);
#5467 = EDGE_LOOP('',(#5468,#5469,#5470,#5471));
#5468 = ORIENTED_EDGE('',*,*,#4922,.T.);
#5469 = ORIENTED_EDGE('',*,*,#4887,.T.);
#5470 = ORIENTED_EDGE('',*,*,#5452,.F.);
#5471 = ORIENTED_EDGE('',*,*,#4814,.F.);
#5472 = PLANE('',#5473);
#5473 = AXIS2_PLACEMENT_3D('',#5474,#5475,#5476);
#5474 = CARTESIAN_POINT('',(-0.1,-6.25,4.45));
#5475 = DIRECTION('',(1.110223024625E-16,1.,0.));
#5476 = DIRECTION('',(0.,0.,-1.));
#5477 = ADVANCED_FACE('',(#5478),#5489,.T.);
#5478 = FACE_BOUND('',#5479,.T.);
#5479 = EDGE_LOOP('',(#5480,#5486,#5487,#5488));
#5480 = ORIENTED_EDGE('',*,*,#5481,.T.);
#5481 = EDGE_CURVE('',#4989,#5062,#5482,.T.);
#5482 = LINE('',#5483,#5484);
#5483 = CARTESIAN_POINT('',(-0.1,-3.75,1.25));
#5484 = VECTOR('',#5485,1.);
#5485 = DIRECTION('',(1.,-1.110223024625E-16,0.));
#5486 = ORIENTED_EDGE('',*,*,#5069,.T.);
#5487 = ORIENTED_EDGE('',*,*,#5020,.F.);
#5488 = ORIENTED_EDGE('',*,*,#4996,.F.);
#5489 = PLANE('',#5490);
#5490 = AXIS2_PLACEMENT_3D('',#5491,#5492,#5493);
#5491 = CARTESIAN_POINT('',(-0.1,-3.75,1.25));
#5492 = DIRECTION('',(-1.110223024625E-16,-1.,0.));
#5493 = DIRECTION('',(0.,0.,1.));
#5494 = ADVANCED_FACE('',(#5495),#5506,.T.);
#5495 = FACE_BOUND('',#5496,.T.);
#5496 = EDGE_LOOP('',(#5497,#5503,#5504,#5505));
#5497 = ORIENTED_EDGE('',*,*,#5498,.T.);
#5498 = EDGE_CURVE('',#4981,#5054,#5499,.T.);
#5499 = LINE('',#5500,#5501);
#5500 = CARTESIAN_POINT('',(-0.1,-4.25,1.25));
#5501 = VECTOR('',#5502,1.);
#5502 = DIRECTION('',(1.,-1.110223024625E-16,0.));
#5503 = ORIENTED_EDGE('',*,*,#5061,.T.);
#5504 = ORIENTED_EDGE('',*,*,#5481,.F.);
#5505 = ORIENTED_EDGE('',*,*,#4988,.F.);
#5506 = PLANE('',#5507);
#5507 = AXIS2_PLACEMENT_3D('',#5508,#5509,#5510);
#5508 = CARTESIAN_POINT('',(-0.1,-4.25,1.25));
#5509 = DIRECTION('',(0.,0.,1.));
#5510 = DIRECTION('',(1.110223024625E-16,1.,0.));
#5511 = ADVANCED_FACE('',(#5512),#5518,.T.);
#5512 = FACE_BOUND('',#5513,.T.);
#5513 = EDGE_LOOP('',(#5514,#5515,#5516,#5517));
#5514 = ORIENTED_EDGE('',*,*,#5088,.T.);
#5515 = ORIENTED_EDGE('',*,*,#5053,.T.);
#5516 = ORIENTED_EDGE('',*,*,#5498,.F.);
#5517 = ORIENTED_EDGE('',*,*,#4980,.F.);
#5518 = PLANE('',#5519);
#5519 = AXIS2_PLACEMENT_3D('',#5520,#5521,#5522);
#5520 = CARTESIAN_POINT('',(-0.1,-4.25,4.45));
#5521 = DIRECTION('',(1.110223024625E-16,1.,0.));
#5522 = DIRECTION('',(0.,0.,-1.));
#5523 = ADVANCED_FACE('',(#5524),#5535,.T.);
#5524 = FACE_BOUND('',#5525,.T.);
#5525 = EDGE_LOOP('',(#5526,#5532,#5533,#5534));
#5526 = ORIENTED_EDGE('',*,*,#5527,.T.);
#5527 = EDGE_CURVE('',#5155,#5228,#5528,.T.);
#5528 = LINE('',#5529,#5530);
#5529 = CARTESIAN_POINT('',(-0.1,-1.75,1.25));
#5530 = VECTOR('',#5531,1.);
#5531 = DIRECTION('',(1.,-1.110223024625E-16,0.));
#5532 = ORIENTED_EDGE('',*,*,#5235,.T.);
#5533 = ORIENTED_EDGE('',*,*,#5186,.F.);
#5534 = ORIENTED_EDGE('',*,*,#5162,.F.);
#5535 = PLANE('',#5536);
#5536 = AXIS2_PLACEMENT_3D('',#5537,#5538,#5539);
#5537 = CARTESIAN_POINT('',(-0.1,-1.75,1.25));
#5538 = DIRECTION('',(-1.110223024625E-16,-1.,0.));
#5539 = DIRECTION('',(0.,0.,1.));
#5540 = ADVANCED_FACE('',(#5541),#5552,.T.);
#5541 = FACE_BOUND('',#5542,.T.);
#5542 = EDGE_LOOP('',(#5543,#5549,#5550,#5551));
#5543 = ORIENTED_EDGE('',*,*,#5544,.T.);
#5544 = EDGE_CURVE('',#5147,#5220,#5545,.T.);
#5545 = LINE('',#5546,#5547);
#5546 = CARTESIAN_POINT('',(-0.1,-2.25,1.25));
#5547 = VECTOR('',#5548,1.);
#5548 = DIRECTION('',(1.,-1.110223024625E-16,0.));
#5549 = ORIENTED_EDGE('',*,*,#5227,.T.);
#5550 = ORIENTED_EDGE('',*,*,#5527,.F.);
#5551 = ORIENTED_EDGE('',*,*,#5154,.F.);
#5552 = PLANE('',#5553);
#5553 = AXIS2_PLACEMENT_3D('',#5554,#5555,#5556);
#5554 = CARTESIAN_POINT('',(-0.1,-2.25,1.25));
#5555 = DIRECTION('',(0.,0.,1.));
#5556 = DIRECTION('',(1.110223024625E-16,1.,0.));
#5557 = ADVANCED_FACE('',(#5558),#5564,.T.);
#5558 = FACE_BOUND('',#5559,.T.);
#5559 = EDGE_LOOP('',(#5560,#5561,#5562,#5563));
#5560 = ORIENTED_EDGE('',*,*,#5254,.T.);
#5561 = ORIENTED_EDGE('',*,*,#5219,.T.);
#5562 = ORIENTED_EDGE('',*,*,#5544,.F.);
#5563 = ORIENTED_EDGE('',*,*,#5146,.F.);
#5564 = PLANE('',#5565);
#5565 = AXIS2_PLACEMENT_3D('',#5566,#5567,#5568);
#5566 = CARTESIAN_POINT('',(-0.1,-2.25,4.45));
#5567 = DIRECTION('',(1.110223024625E-16,1.,0.));
#5568 = DIRECTION('',(0.,0.,-1.));
#5569 = ADVANCED_FACE('',(#5570),#5581,.T.);
#5570 = FACE_BOUND('',#5571,.T.);
#5571 = EDGE_LOOP('',(#5572,#5578,#5579,#5580));
#5572 = ORIENTED_EDGE('',*,*,#5573,.T.);
#5573 = EDGE_CURVE('',#5321,#5394,#5574,.T.);
#5574 = LINE('',#5575,#5576);
#5575 = CARTESIAN_POINT('',(-0.1,0.25,1.25));
#5576 = VECTOR('',#5577,1.);
#5577 = DIRECTION('',(1.,-1.110223024625E-16,0.));
#5578 = ORIENTED_EDGE('',*,*,#5401,.T.);
#5579 = ORIENTED_EDGE('',*,*,#5352,.F.);
#5580 = ORIENTED_EDGE('',*,*,#5328,.F.);
#5581 = PLANE('',#5582);
#5582 = AXIS2_PLACEMENT_3D('',#5583,#5584,#5585);
#5583 = CARTESIAN_POINT('',(-0.1,0.25,1.25));
#5584 = DIRECTION('',(-1.110223024625E-16,-1.,0.));
#5585 = DIRECTION('',(0.,0.,1.));
#5586 = ADVANCED_FACE('',(#5587),#5598,.T.);
#5587 = FACE_BOUND('',#5588,.T.);
#5588 = EDGE_LOOP('',(#5589,#5595,#5596,#5597));
#5589 = ORIENTED_EDGE('',*,*,#5590,.T.);
#5590 = EDGE_CURVE('',#5313,#5386,#5591,.T.);
#5591 = LINE('',#5592,#5593);
#5592 = CARTESIAN_POINT('',(-0.1,-0.25,1.25));
#5593 = VECTOR('',#5594,1.);
#5594 = DIRECTION('',(1.,-1.110223024625E-16,0.));
#5595 = ORIENTED_EDGE('',*,*,#5393,.T.);
#5596 = ORIENTED_EDGE('',*,*,#5573,.F.);
#5597 = ORIENTED_EDGE('',*,*,#5320,.F.);
#5598 = PLANE('',#5599);
#5599 = AXIS2_PLACEMENT_3D('',#5600,#5601,#5602);
#5600 = CARTESIAN_POINT('',(-0.1,-0.25,1.25));
#5601 = DIRECTION('',(0.,0.,1.));
#5602 = DIRECTION('',(1.110223024625E-16,1.,0.));
#5603 = ADVANCED_FACE('',(#5604),#5610,.T.);
#5604 = FACE_BOUND('',#5605,.T.);
#5605 = EDGE_LOOP('',(#5606,#5607,#5608,#5609));
#5606 = ORIENTED_EDGE('',*,*,#5420,.T.);
#5607 = ORIENTED_EDGE('',*,*,#5385,.T.);
#5608 = ORIENTED_EDGE('',*,*,#5590,.F.);
#5609 = ORIENTED_EDGE('',*,*,#5312,.F.);
#5610 = PLANE('',#5611);
#5611 = AXIS2_PLACEMENT_3D('',#5612,#5613,#5614);
#5612 = CARTESIAN_POINT('',(-0.1,-0.25,4.45));
#5613 = DIRECTION('',(1.110223024625E-16,1.,0.));
#5614 = DIRECTION('',(0.,0.,-1.));
#5615 = ( GEOMETRIC_REPRESENTATION_CONTEXT(3) 
GLOBAL_UNCERTAINTY_ASSIGNED_CONTEXT((#5619)) 
GLOBAL_UNIT_ASSIGNED_CONTEXT((#5616,#5617,#5618)) REPRESENTATION_CONTEXT
('Context #1','3D Context with UNIT and UNCERTAINTY') );
#5616 = ( LENGTH_UNIT() NAMED_UNIT(*) SI_UNIT(.MILLI.,.METRE.) );
#5617 = ( NAMED_UNIT(*) PLANE_ANGLE_UNIT() SI_UNIT($,.RADIAN.) );
#5618 = ( NAMED_UNIT(*) SI_UNIT($,.STERADIAN.) SOLID_ANGLE_UNIT() );
#5619 = UNCERTAINTY_MEASURE_WITH_UNIT(LENGTH_MEASURE(1.E-07),#5616,
  'distance_accuracy_value','confusion accuracy');
#5620 = CONTEXT_DEPENDENT_SHAPE_REPRESENTATION(#5621,#5623);
#5621 = ( REPRESENTATION_RELATIONSHIP('','',#2228,#485) 
REPRESENTATION_RELATIONSHIP_WITH_TRANSFORMATION(#5622) 
SHAPE_REPRESENTATION_RELATIONSHIP() );
#5622 = ITEM_DEFINED_TRANSFORMATION('','',#11,#502);
#5623 = PRODUCT_DEFINITION_SHAPE('Placement','Placement of an item',
  #5624);
#5624 = NEXT_ASSEMBLY_USAGE_OCCURRENCE('19',
  'J2_PinSocket_1x04_P2.00mm_Vertical_e8b5f1b2761a','',#480,#2223,$);
#5625 = PRODUCT_RELATED_PRODUCT_CATEGORY('part',$,(#2225));
#5626 = SHAPE_DEFINITION_REPRESENTATION(#5627,#5633);
#5627 = PRODUCT_DEFINITION_SHAPE('','',#5628);
#5628 = PRODUCT_DEFINITION('design','',#5629,#5632);
#5629 = PRODUCT_DEFINITION_FORMATION('','',#5630);
#5630 = PRODUCT('J1_PinHeader_1x02_P200mm_Vertical_c5212d84d7a3',
  'J1_PinHeader_1x02_P200mm_Vertical_c5212d84d7a3','',(#5631));
#5631 = PRODUCT_CONTEXT('',#2,'mechanical');
#5632 = PRODUCT_DEFINITION_CONTEXT('part definition',#2,'design');
#5633 = ADVANCED_BREP_SHAPE_REPRESENTATION('',(#11,#5634),#7066);
#5634 = MANIFOLD_SOLID_BREP('',#5635);
#5635 = CLOSED_SHELL('',(#5636,#5676,#5707,#5738,#5903,#6068,#6085,#6102
    ,#6119,#6136,#6153,#6170,#6187,#6204,#6221,#6238,#6250,#6281,#6305,
    #6329,#6346,#6377,#6401,#6425,#6442,#6473,#6497,#6521,#6538,#6569,
    #6593,#6617,#6634,#6665,#6689,#6713,#6730,#6761,#6785,#6809,#6826,
    #6857,#6881,#6905,#6922,#6953,#6977,#7001,#7018,#7030,#7042,#7054));
#5636 = ADVANCED_FACE('',(#5637),#5671,.F.);
#5637 = FACE_BOUND('',#5638,.F.);
#5638 = EDGE_LOOP('',(#5639,#5649,#5657,#5665));
#5639 = ORIENTED_EDGE('',*,*,#5640,.T.);
#5640 = EDGE_CURVE('',#5641,#5643,#5645,.T.);
#5641 = VERTEX_POINT('',#5642);
#5642 = CARTESIAN_POINT('',(-0.8,1.,0.));
#5643 = VERTEX_POINT('',#5644);
#5644 = CARTESIAN_POINT('',(-0.8,1.,2.));
#5645 = LINE('',#5646,#5647);
#5646 = CARTESIAN_POINT('',(-0.8,1.,0.));
#5647 = VECTOR('',#5648,1.);
#5648 = DIRECTION('',(0.,0.,1.));
#5649 = ORIENTED_EDGE('',*,*,#5650,.T.);
#5650 = EDGE_CURVE('',#5643,#5651,#5653,.T.);
#5651 = VERTEX_POINT('',#5652);
#5652 = CARTESIAN_POINT('',(-1.,0.8,2.));
#5653 = LINE('',#5654,#5655);
#5654 = CARTESIAN_POINT('',(-0.8,1.,2.));
#5655 = VECTOR('',#5656,1.);
#5656 = DIRECTION('',(-0.707106781187,-0.707106781187,0.));
#5657 = ORIENTED_EDGE('',*,*,#5658,.F.);
#5658 = EDGE_CURVE('',#5659,#5651,#5661,.T.);
#5659 = VERTEX_POINT('',#5660);
#5660 = CARTESIAN_POINT('',(-1.,0.8,0.));
#5661 = LINE('',#5662,#5663);
#5662 = CARTESIAN_POINT('',(-1.,0.8,0.));
#5663 = VECTOR('',#5664,1.);
#5664 = DIRECTION('',(0.,0.,1.));
#5665 = ORIENTED_EDGE('',*,*,#5666,.F.);
#5666 = EDGE_CURVE('',#5641,#5659,#5667,.T.);
#5667 = LINE('',#5668,#5669);
#5668 = CARTESIAN_POINT('',(-0.8,1.,0.));
#5669 = VECTOR('',#5670,1.);
#5670 = DIRECTION('',(-0.707106781187,-0.707106781187,0.));
#5671 = PLANE('',#5672);
#5672 = AXIS2_PLACEMENT_3D('',#5673,#5674,#5675);
#5673 = CARTESIAN_POINT('',(-0.8,1.,0.));
#5674 = DIRECTION('',(0.707106781187,-0.707106781187,0.));
#5675 = DIRECTION('',(-0.707106781187,-0.707106781187,0.));
#5676 = ADVANCED_FACE('',(#5677),#5702,.F.);
#5677 = FACE_BOUND('',#5678,.F.);
#5678 = EDGE_LOOP('',(#5679,#5689,#5695,#5696));
#5679 = ORIENTED_EDGE('',*,*,#5680,.T.);
#5680 = EDGE_CURVE('',#5681,#5683,#5685,.T.);
#5681 = VERTEX_POINT('',#5682);
#5682 = CARTESIAN_POINT('',(0.8,1.,0.));
#5683 = VERTEX_POINT('',#5684);
#5684 = CARTESIAN_POINT('',(0.8,1.,2.));
#5685 = LINE('',#5686,#5687);
#5686 = CARTESIAN_POINT('',(0.8,1.,0.));
#5687 = VECTOR('',#5688,1.);
#5688 = DIRECTION('',(0.,0.,1.));
#5689 = ORIENTED_EDGE('',*,*,#5690,.T.);
#5690 = EDGE_CURVE('',#5683,#5643,#5691,.T.);
#5691 = LINE('',#5692,#5693);
#5692 = CARTESIAN_POINT('',(0.8,1.,2.));
#5693 = VECTOR('',#5694,1.);
#5694 = DIRECTION('',(-1.,-1.387778780781E-16,0.));
#5695 = ORIENTED_EDGE('',*,*,#5640,.F.);
#5696 = ORIENTED_EDGE('',*,*,#5697,.F.);
#5697 = EDGE_CURVE('',#5681,#5641,#5698,.T.);
#5698 = LINE('',#5699,#5700);
#5699 = CARTESIAN_POINT('',(0.8,1.,0.));
#5700 = VECTOR('',#5701,1.);
#5701 = DIRECTION('',(-1.,-1.387778780781E-16,0.));
#5702 = PLANE('',#5703);
#5703 = AXIS2_PLACEMENT_3D('',#5704,#5705,#5706);
#5704 = CARTESIAN_POINT('',(0.8,1.,0.));
#5705 = DIRECTION('',(1.387778780781E-16,-1.,0.));
#5706 = DIRECTION('',(-1.,-1.387778780781E-16,0.));
#5707 = ADVANCED_FACE('',(#5708),#5733,.F.);
#5708 = FACE_BOUND('',#5709,.F.);
#5709 = EDGE_LOOP('',(#5710,#5711,#5719,#5727));
#5710 = ORIENTED_EDGE('',*,*,#5658,.T.);
#5711 = ORIENTED_EDGE('',*,*,#5712,.T.);
#5712 = EDGE_CURVE('',#5651,#5713,#5715,.T.);
#5713 = VERTEX_POINT('',#5714);
#5714 = CARTESIAN_POINT('',(-1.,-0.8,2.));
#5715 = LINE('',#5716,#5717);
#5716 = CARTESIAN_POINT('',(-1.,0.8,2.));
#5717 = VECTOR('',#5718,1.);
#5718 = DIRECTION('',(0.,-1.,0.));
#5719 = ORIENTED_EDGE('',*,*,#5720,.F.);
#5720 = EDGE_CURVE('',#5721,#5713,#5723,.T.);
#5721 = VERTEX_POINT('',#5722);
#5722 = CARTESIAN_POINT('',(-1.,-0.8,0.));
#5723 = LINE('',#5724,#5725);
#5724 = CARTESIAN_POINT('',(-1.,-0.8,0.));
#5725 = VECTOR('',#5726,1.);
#5726 = DIRECTION('',(0.,0.,1.));
#5727 = ORIENTED_EDGE('',*,*,#5728,.F.);
#5728 = EDGE_CURVE('',#5659,#5721,#5729,.T.);
#5729 = LINE('',#5730,#5731);
#5730 = CARTESIAN_POINT('',(-1.,0.8,0.));
#5731 = VECTOR('',#5732,1.);
#5732 = DIRECTION('',(0.,-1.,0.));
#5733 = PLANE('',#5734);
#5734 = AXIS2_PLACEMENT_3D('',#5735,#5736,#5737);
#5735 = CARTESIAN_POINT('',(-1.,0.8,0.));
#5736 = DIRECTION('',(1.,0.,0.));
#5737 = DIRECTION('',(0.,-1.,0.));
#5738 = ADVANCED_FACE('',(#5739,#5830,#5864),#5898,.F.);
#5739 = FACE_BOUND('',#5740,.F.);
#5740 = EDGE_LOOP('',(#5741,#5742,#5743,#5751,#5759,#5767,#5775,#5783,
    #5791,#5799,#5807,#5815,#5823,#5829));
#5741 = ORIENTED_EDGE('',*,*,#5666,.T.);
#5742 = ORIENTED_EDGE('',*,*,#5728,.T.);
#5743 = ORIENTED_EDGE('',*,*,#5744,.T.);
#5744 = EDGE_CURVE('',#5721,#5745,#5747,.T.);
#5745 = VERTEX_POINT('',#5746);
#5746 = CARTESIAN_POINT('',(-0.8,-1.,0.));
#5747 = LINE('',#5748,#5749);
#5748 = CARTESIAN_POINT('',(-1.,-0.8,0.));
#5749 = VECTOR('',#5750,1.);
#5750 = DIRECTION('',(0.707106781187,-0.707106781187,0.));
#5751 = ORIENTED_EDGE('',*,*,#5752,.T.);
#5752 = EDGE_CURVE('',#5745,#5753,#5755,.T.);
#5753 = VERTEX_POINT('',#5754);
#5754 = CARTESIAN_POINT('',(-1.,-1.2,0.));
#5755 = LINE('',#5756,#5757);
#5756 = CARTESIAN_POINT('',(-0.8,-1.,0.));
#5757 = VECTOR('',#5758,1.);
#5758 = DIRECTION('',(-0.707106781187,-0.707106781187,0.));
#5759 = ORIENTED_EDGE('',*,*,#5760,.T.);
#5760 = EDGE_CURVE('',#5753,#5761,#5763,.T.);
#5761 = VERTEX_POINT('',#5762);
#5762 = CARTESIAN_POINT('',(-1.,-2.8,0.));
#5763 = LINE('',#5764,#5765);
#5764 = CARTESIAN_POINT('',(-1.,-1.2,0.));
#5765 = VECTOR('',#5766,1.);
#5766 = DIRECTION('',(0.,-1.,0.));
#5767 = ORIENTED_EDGE('',*,*,#5768,.T.);
#5768 = EDGE_CURVE('',#5761,#5769,#5771,.T.);
#5769 = VERTEX_POINT('',#5770);
#5770 = CARTESIAN_POINT('',(-0.8,-3.,0.));
#5771 = LINE('',#5772,#5773);
#5772 = CARTESIAN_POINT('',(-1.,-2.8,0.));
#5773 = VECTOR('',#5774,1.);
#5774 = DIRECTION('',(0.707106781187,-0.707106781187,0.));
#5775 = ORIENTED_EDGE('',*,*,#5776,.T.);
#5776 = EDGE_CURVE('',#5769,#5777,#5779,.T.);
#5777 = VERTEX_POINT('',#5778);
#5778 = CARTESIAN_POINT('',(0.8,-3.,0.));
#5779 = LINE('',#5780,#5781);
#5780 = CARTESIAN_POINT('',(-0.8,-3.,0.));
#5781 = VECTOR('',#5782,1.);
#5782 = DIRECTION('',(1.,0.,0.));
#5783 = ORIENTED_EDGE('',*,*,#5784,.T.);
#5784 = EDGE_CURVE('',#5777,#5785,#5787,.T.);
#5785 = VERTEX_POINT('',#5786);
#5786 = CARTESIAN_POINT('',(1.,-2.8,0.));
#5787 = LINE('',#5788,#5789);
#5788 = CARTESIAN_POINT('',(0.8,-3.,0.));
#5789 = VECTOR('',#5790,1.);
#5790 = DIRECTION('',(0.707106781187,0.707106781187,0.));
#5791 = ORIENTED_EDGE('',*,*,#5792,.T.);
#5792 = EDGE_CURVE('',#5785,#5793,#5795,.T.);
#5793 = VERTEX_POINT('',#5794);
#5794 = CARTESIAN_POINT('',(1.,-1.2,0.));
#5795 = LINE('',#5796,#5797);
#5796 = CARTESIAN_POINT('',(1.,-2.8,0.));
#5797 = VECTOR('',#5798,1.);
#5798 = DIRECTION('',(0.,1.,0.));
#5799 = ORIENTED_EDGE('',*,*,#5800,.T.);
#5800 = EDGE_CURVE('',#5793,#5801,#5803,.T.);
#5801 = VERTEX_POINT('',#5802);
#5802 = CARTESIAN_POINT('',(0.8,-1.,0.));
#5803 = LINE('',#5804,#5805);
#5804 = CARTESIAN_POINT('',(1.,-1.2,0.));
#5805 = VECTOR('',#5806,1.);
#5806 = DIRECTION('',(-0.707106781187,0.707106781187,0.));
#5807 = ORIENTED_EDGE('',*,*,#5808,.T.);
#5808 = EDGE_CURVE('',#5801,#5809,#5811,.T.);
#5809 = VERTEX_POINT('',#5810);
#5810 = CARTESIAN_POINT('',(1.,-0.8,0.));
#5811 = LINE('',#5812,#5813);
#5812 = CARTESIAN_POINT('',(0.8,-1.,0.));
#5813 = VECTOR('',#5814,1.);
#5814 = DIRECTION('',(0.707106781187,0.707106781187,0.));
#5815 = ORIENTED_EDGE('',*,*,#5816,.T.);
#5816 = EDGE_CURVE('',#5809,#5817,#5819,.T.);
#5817 = VERTEX_POINT('',#5818);
#5818 = CARTESIAN_POINT('',(1.,0.8,0.));
#5819 = LINE('',#5820,#5821);
#5820 = CARTESIAN_POINT('',(1.,-0.8,0.));
#5821 = VECTOR('',#5822,1.);
#5822 = DIRECTION('',(0.,1.,0.));
#5823 = ORIENTED_EDGE('',*,*,#5824,.T.);
#5824 = EDGE_CURVE('',#5817,#5681,#5825,.T.);
#5825 = LINE('',#5826,#5827);
#5826 = CARTESIAN_POINT('',(1.,0.8,0.));
#5827 = VECTOR('',#5828,1.);
#5828 = DIRECTION('',(-0.707106781187,0.707106781187,0.));
#5829 = ORIENTED_EDGE('',*,*,#5697,.T.);
#5830 = FACE_BOUND('',#5831,.F.);
#5831 = EDGE_LOOP('',(#5832,#5842,#5850,#5858));
#5832 = ORIENTED_EDGE('',*,*,#5833,.T.);
#5833 = EDGE_CURVE('',#5834,#5836,#5838,.T.);
#5834 = VERTEX_POINT('',#5835);
#5835 = CARTESIAN_POINT('',(0.25,-0.25,0.));
#5836 = VERTEX_POINT('',#5837);
#5837 = CARTESIAN_POINT('',(-0.25,-0.25,0.));
#5838 = LINE('',#5839,#5840);
#5839 = CARTESIAN_POINT('',(-0.125,-0.25,0.));
#5840 = VECTOR('',#5841,1.);
#5841 = DIRECTION('',(-1.,0.,0.));
#5842 = ORIENTED_EDGE('',*,*,#5843,.T.);
#5843 = EDGE_CURVE('',#5836,#5844,#5846,.T.);
#5844 = VERTEX_POINT('',#5845);
#5845 = CARTESIAN_POINT('',(-0.25,0.25,0.));
#5846 = LINE('',#5847,#5848);
#5847 = CARTESIAN_POINT('',(-0.25,-0.625,0.));
#5848 = VECTOR('',#5849,1.);
#5849 = DIRECTION('',(0.,1.,0.));
#5850 = ORIENTED_EDGE('',*,*,#5851,.F.);
#5851 = EDGE_CURVE('',#5852,#5844,#5854,.T.);
#5852 = VERTEX_POINT('',#5853);
#5853 = CARTESIAN_POINT('',(0.25,0.25,0.));
#5854 = LINE('',#5855,#5856);
#5855 = CARTESIAN_POINT('',(-0.125,0.25,0.));
#5856 = VECTOR('',#5857,1.);
#5857 = DIRECTION('',(-1.,0.,0.));
#5858 = ORIENTED_EDGE('',*,*,#5859,.F.);
#5859 = EDGE_CURVE('',#5834,#5852,#5860,.T.);
#5860 = LINE('',#5861,#5862);
#5861 = CARTESIAN_POINT('',(0.25,-0.625,0.));
#5862 = VECTOR('',#5863,1.);
#5863 = DIRECTION('',(0.,1.,0.));
#5864 = FACE_BOUND('',#5865,.F.);
#5865 = EDGE_LOOP('',(#5866,#5876,#5884,#5892));
#5866 = ORIENTED_EDGE('',*,*,#5867,.T.);
#5867 = EDGE_CURVE('',#5868,#5870,#5872,.T.);
#5868 = VERTEX_POINT('',#5869);
#5869 = CARTESIAN_POINT('',(0.25,-2.25,0.));
#5870 = VERTEX_POINT('',#5871);
#5871 = CARTESIAN_POINT('',(-0.25,-2.25,0.));
#5872 = LINE('',#5873,#5874);
#5873 = CARTESIAN_POINT('',(-0.125,-2.25,0.));
#5874 = VECTOR('',#5875,1.);
#5875 = DIRECTION('',(-1.,0.,0.));
#5876 = ORIENTED_EDGE('',*,*,#5877,.T.);
#5877 = EDGE_CURVE('',#5870,#5878,#5880,.T.);
#5878 = VERTEX_POINT('',#5879);
#5879 = CARTESIAN_POINT('',(-0.25,-1.75,0.));
#5880 = LINE('',#5881,#5882);
#5881 = CARTESIAN_POINT('',(-0.25,-1.625,0.));
#5882 = VECTOR('',#5883,1.);
#5883 = DIRECTION('',(0.,1.,0.));
#5884 = ORIENTED_EDGE('',*,*,#5885,.F.);
#5885 = EDGE_CURVE('',#5886,#5878,#5888,.T.);
#5886 = VERTEX_POINT('',#5887);
#5887 = CARTESIAN_POINT('',(0.25,-1.75,0.));
#5888 = LINE('',#5889,#5890);
#5889 = CARTESIAN_POINT('',(-0.125,-1.75,0.));
#5890 = VECTOR('',#5891,1.);
#5891 = DIRECTION('',(-1.,0.,0.));
#5892 = ORIENTED_EDGE('',*,*,#5893,.F.);
#5893 = EDGE_CURVE('',#5868,#5886,#5894,.T.);
#5894 = LINE('',#5895,#5896);
#5895 = CARTESIAN_POINT('',(0.25,-1.625,0.));
#5896 = VECTOR('',#5897,1.);
#5897 = DIRECTION('',(0.,1.,0.));
#5898 = PLANE('',#5899);
#5899 = AXIS2_PLACEMENT_3D('',#5900,#5901,#5902);
#5900 = CARTESIAN_POINT('',(1.497425202667E-16,-1.,0.));
#5901 = DIRECTION('',(0.,0.,1.));
#5902 = DIRECTION('',(1.,0.,0.));
#5903 = ADVANCED_FACE('',(#5904,#5995,#6029),#6063,.T.);
#5904 = FACE_BOUND('',#5905,.T.);
#5905 = EDGE_LOOP('',(#5906,#5907,#5908,#5916,#5924,#5932,#5940,#5948,
    #5956,#5964,#5972,#5980,#5988,#5994));
#5906 = ORIENTED_EDGE('',*,*,#5650,.T.);
#5907 = ORIENTED_EDGE('',*,*,#5712,.T.);
#5908 = ORIENTED_EDGE('',*,*,#5909,.T.);
#5909 = EDGE_CURVE('',#5713,#5910,#5912,.T.);
#5910 = VERTEX_POINT('',#5911);
#5911 = CARTESIAN_POINT('',(-0.8,-1.,2.));
#5912 = LINE('',#5913,#5914);
#5913 = CARTESIAN_POINT('',(-1.,-0.8,2.));
#5914 = VECTOR('',#5915,1.);
#5915 = DIRECTION('',(0.707106781187,-0.707106781187,0.));
#5916 = ORIENTED_EDGE('',*,*,#5917,.T.);
#5917 = EDGE_CURVE('',#5910,#5918,#5920,.T.);
#5918 = VERTEX_POINT('',#5919);
#5919 = CARTESIAN_POINT('',(-1.,-1.2,2.));
#5920 = LINE('',#5921,#5922);
#5921 = CARTESIAN_POINT('',(-0.8,-1.,2.));
#5922 = VECTOR('',#5923,1.);
#5923 = DIRECTION('',(-0.707106781187,-0.707106781187,0.));
#5924 = ORIENTED_EDGE('',*,*,#5925,.T.);
#5925 = EDGE_CURVE('',#5918,#5926,#5928,.T.);
#5926 = VERTEX_POINT('',#5927);
#5927 = CARTESIAN_POINT('',(-1.,-2.8,2.));
#5928 = LINE('',#5929,#5930);
#5929 = CARTESIAN_POINT('',(-1.,-1.2,2.));
#5930 = VECTOR('',#5931,1.);
#5931 = DIRECTION('',(0.,-1.,0.));
#5932 = ORIENTED_EDGE('',*,*,#5933,.T.);
#5933 = EDGE_CURVE('',#5926,#5934,#5936,.T.);
#5934 = VERTEX_POINT('',#5935);
#5935 = CARTESIAN_POINT('',(-0.8,-3.,2.));
#5936 = LINE('',#5937,#5938);
#5937 = CARTESIAN_POINT('',(-1.,-2.8,2.));
#5938 = VECTOR('',#5939,1.);
#5939 = DIRECTION('',(0.707106781187,-0.707106781187,0.));
#5940 = ORIENTED_EDGE('',*,*,#5941,.T.);
#5941 = EDGE_CURVE('',#5934,#5942,#5944,.T.);
#5942 = VERTEX_POINT('',#5943);
#5943 = CARTESIAN_POINT('',(0.8,-3.,2.));
#5944 = LINE('',#5945,#5946);
#5945 = CARTESIAN_POINT('',(-0.8,-3.,2.));
#5946 = VECTOR('',#5947,1.);
#5947 = DIRECTION('',(1.,0.,0.));
#5948 = ORIENTED_EDGE('',*,*,#5949,.T.);
#5949 = EDGE_CURVE('',#5942,#5950,#5952,.T.);
#5950 = VERTEX_POINT('',#5951);
#5951 = CARTESIAN_POINT('',(1.,-2.8,2.));
#5952 = LINE('',#5953,#5954);
#5953 = CARTESIAN_POINT('',(0.8,-3.,2.));
#5954 = VECTOR('',#5955,1.);
#5955 = DIRECTION('',(0.707106781187,0.707106781187,0.));
#5956 = ORIENTED_EDGE('',*,*,#5957,.T.);
#5957 = EDGE_CURVE('',#5950,#5958,#5960,.T.);
#5958 = VERTEX_POINT('',#5959);
#5959 = CARTESIAN_POINT('',(1.,-1.2,2.));
#5960 = LINE('',#5961,#5962);
#5961 = CARTESIAN_POINT('',(1.,-2.8,2.));
#5962 = VECTOR('',#5963,1.);
#5963 = DIRECTION('',(0.,1.,0.));
#5964 = ORIENTED_EDGE('',*,*,#5965,.T.);
#5965 = EDGE_CURVE('',#5958,#5966,#5968,.T.);
#5966 = VERTEX_POINT('',#5967);
#5967 = CARTESIAN_POINT('',(0.8,-1.,2.));
#5968 = LINE('',#5969,#5970);
#5969 = CARTESIAN_POINT('',(1.,-1.2,2.));
#5970 = VECTOR('',#5971,1.);
#5971 = DIRECTION('',(-0.707106781187,0.707106781187,0.));
#5972 = ORIENTED_EDGE('',*,*,#5973,.T.);
#5973 = EDGE_CURVE('',#5966,#5974,#5976,.T.);
#5974 = VERTEX_POINT('',#5975);
#5975 = CARTESIAN_POINT('',(1.,-0.8,2.));
#5976 = LINE('',#5977,#5978);
#5977 = CARTESIAN_POINT('',(0.8,-1.,2.));
#5978 = VECTOR('',#5979,1.);
#5979 = DIRECTION('',(0.707106781187,0.707106781187,0.));
#5980 = ORIENTED_EDGE('',*,*,#5981,.T.);
#5981 = EDGE_CURVE('',#5974,#5982,#5984,.T.);
#5982 = VERTEX_POINT('',#5983);
#5983 = CARTESIAN_POINT('',(1.,0.8,2.));
#5984 = LINE('',#5985,#5986);
#5985 = CARTESIAN_POINT('',(1.,-0.8,2.));
#5986 = VECTOR('',#5987,1.);
#5987 = DIRECTION('',(0.,1.,0.));
#5988 = ORIENTED_EDGE('',*,*,#5989,.T.);
#5989 = EDGE_CURVE('',#5982,#5683,#5990,.T.);
#5990 = LINE('',#5991,#5992);
#5991 = CARTESIAN_POINT('',(1.,0.8,2.));
#5992 = VECTOR('',#5993,1.);
#5993 = DIRECTION('',(-0.707106781187,0.707106781187,0.));
#5994 = ORIENTED_EDGE('',*,*,#5690,.T.);
#5995 = FACE_BOUND('',#5996,.T.);
#5996 = EDGE_LOOP('',(#5997,#6007,#6015,#6023));
#5997 = ORIENTED_EDGE('',*,*,#5998,.T.);
#5998 = EDGE_CURVE('',#5999,#6001,#6003,.T.);
#5999 = VERTEX_POINT('',#6000);
#6000 = CARTESIAN_POINT('',(0.25,-0.25,2.));
#6001 = VERTEX_POINT('',#6002);
#6002 = CARTESIAN_POINT('',(-0.25,-0.25,2.));
#6003 = LINE('',#6004,#6005);
#6004 = CARTESIAN_POINT('',(-0.125,-0.25,2.));
#6005 = VECTOR('',#6006,1.);
#6006 = DIRECTION('',(-1.,0.,0.));
#6007 = ORIENTED_EDGE('',*,*,#6008,.T.);
#6008 = EDGE_CURVE('',#6001,#6009,#6011,.T.);
#6009 = VERTEX_POINT('',#6010);
#6010 = CARTESIAN_POINT('',(-0.25,0.25,2.));
#6011 = LINE('',#6012,#6013);
#6012 = CARTESIAN_POINT('',(-0.25,-0.625,2.));
#6013 = VECTOR('',#6014,1.);
#6014 = DIRECTION('',(0.,1.,0.));
#6015 = ORIENTED_EDGE('',*,*,#6016,.F.);
#6016 = EDGE_CURVE('',#6017,#6009,#6019,.T.);
#6017 = VERTEX_POINT('',#6018);
#6018 = CARTESIAN_POINT('',(0.25,0.25,2.));
#6019 = LINE('',#6020,#6021);
#6020 = CARTESIAN_POINT('',(-0.125,0.25,2.));
#6021 = VECTOR('',#6022,1.);
#6022 = DIRECTION('',(-1.,0.,0.));
#6023 = ORIENTED_EDGE('',*,*,#6024,.F.);
#6024 = EDGE_CURVE('',#5999,#6017,#6025,.T.);
#6025 = LINE('',#6026,#6027);
#6026 = CARTESIAN_POINT('',(0.25,-0.625,2.));
#6027 = VECTOR('',#6028,1.);
#6028 = DIRECTION('',(0.,1.,0.));
#6029 = FACE_BOUND('',#6030,.T.);
#6030 = EDGE_LOOP('',(#6031,#6041,#6049,#6057));
#6031 = ORIENTED_EDGE('',*,*,#6032,.T.);
#6032 = EDGE_CURVE('',#6033,#6035,#6037,.T.);
#6033 = VERTEX_POINT('',#6034);
#6034 = CARTESIAN_POINT('',(0.25,-2.25,2.));
#6035 = VERTEX_POINT('',#6036);
#6036 = CARTESIAN_POINT('',(-0.25,-2.25,2.));
#6037 = LINE('',#6038,#6039);
#6038 = CARTESIAN_POINT('',(-0.125,-2.25,2.));
#6039 = VECTOR('',#6040,1.);
#6040 = DIRECTION('',(-1.,0.,0.));
#6041 = ORIENTED_EDGE('',*,*,#6042,.T.);
#6042 = EDGE_CURVE('',#6035,#6043,#6045,.T.);
#6043 = VERTEX_POINT('',#6044);
#6044 = CARTESIAN_POINT('',(-0.25,-1.75,2.));
#6045 = LINE('',#6046,#6047);
#6046 = CARTESIAN_POINT('',(-0.25,-1.625,2.));
#6047 = VECTOR('',#6048,1.);
#6048 = DIRECTION('',(0.,1.,0.));
#6049 = ORIENTED_EDGE('',*,*,#6050,.F.);
#6050 = EDGE_CURVE('',#6051,#6043,#6053,.T.);
#6051 = VERTEX_POINT('',#6052);
#6052 = CARTESIAN_POINT('',(0.25,-1.75,2.));
#6053 = LINE('',#6054,#6055);
#6054 = CARTESIAN_POINT('',(-0.125,-1.75,2.));
#6055 = VECTOR('',#6056,1.);
#6056 = DIRECTION('',(-1.,0.,0.));
#6057 = ORIENTED_EDGE('',*,*,#6058,.F.);
#6058 = EDGE_CURVE('',#6033,#6051,#6059,.T.);
#6059 = LINE('',#6060,#6061);
#6060 = CARTESIAN_POINT('',(0.25,-1.625,2.));
#6061 = VECTOR('',#6062,1.);
#6062 = DIRECTION('',(0.,1.,0.));
#6063 = PLANE('',#6064);
#6064 = AXIS2_PLACEMENT_3D('',#6065,#6066,#6067);
#6065 = CARTESIAN_POINT('',(1.497425202667E-16,-1.,2.));
#6066 = DIRECTION('',(0.,0.,1.));
#6067 = DIRECTION('',(1.,0.,0.));
#6068 = ADVANCED_FACE('',(#6069),#6080,.F.);
#6069 = FACE_BOUND('',#6070,.F.);
#6070 = EDGE_LOOP('',(#6071,#6077,#6078,#6079));
#6071 = ORIENTED_EDGE('',*,*,#6072,.T.);
#6072 = EDGE_CURVE('',#5817,#5982,#6073,.T.);
#6073 = LINE('',#6074,#6075);
#6074 = CARTESIAN_POINT('',(1.,0.8,0.));
#6075 = VECTOR('',#6076,1.);
#6076 = DIRECTION('',(0.,0.,1.));
#6077 = ORIENTED_EDGE('',*,*,#5989,.T.);
#6078 = ORIENTED_EDGE('',*,*,#5680,.F.);
#6079 = ORIENTED_EDGE('',*,*,#5824,.F.);
#6080 = PLANE('',#6081);
#6081 = AXIS2_PLACEMENT_3D('',#6082,#6083,#6084);
#6082 = CARTESIAN_POINT('',(1.,0.8,0.));
#6083 = DIRECTION('',(-0.707106781187,-0.707106781187,0.));
#6084 = DIRECTION('',(-0.707106781187,0.707106781187,0.));
#6085 = ADVANCED_FACE('',(#6086),#6097,.F.);
#6086 = FACE_BOUND('',#6087,.F.);
#6087 = EDGE_LOOP('',(#6088,#6089,#6090,#6096));
#6088 = ORIENTED_EDGE('',*,*,#5720,.T.);
#6089 = ORIENTED_EDGE('',*,*,#5909,.T.);
#6090 = ORIENTED_EDGE('',*,*,#6091,.F.);
#6091 = EDGE_CURVE('',#5745,#5910,#6092,.T.);
#6092 = LINE('',#6093,#6094);
#6093 = CARTESIAN_POINT('',(-0.8,-1.,0.));
#6094 = VECTOR('',#6095,1.);
#6095 = DIRECTION('',(0.,0.,1.));
#6096 = ORIENTED_EDGE('',*,*,#5744,.F.);
#6097 = PLANE('',#6098);
#6098 = AXIS2_PLACEMENT_3D('',#6099,#6100,#6101);
#6099 = CARTESIAN_POINT('',(-1.,-0.8,0.));
#6100 = DIRECTION('',(0.707106781187,0.707106781187,0.));
#6101 = DIRECTION('',(0.707106781187,-0.707106781187,0.));
#6102 = ADVANCED_FACE('',(#6103),#6114,.F.);
#6103 = FACE_BOUND('',#6104,.F.);
#6104 = EDGE_LOOP('',(#6105,#6111,#6112,#6113));
#6105 = ORIENTED_EDGE('',*,*,#6106,.T.);
#6106 = EDGE_CURVE('',#5809,#5974,#6107,.T.);
#6107 = LINE('',#6108,#6109);
#6108 = CARTESIAN_POINT('',(1.,-0.8,0.));
#6109 = VECTOR('',#6110,1.);
#6110 = DIRECTION('',(0.,0.,1.));
#6111 = ORIENTED_EDGE('',*,*,#5981,.T.);
#6112 = ORIENTED_EDGE('',*,*,#6072,.F.);
#6113 = ORIENTED_EDGE('',*,*,#5816,.F.);
#6114 = PLANE('',#6115);
#6115 = AXIS2_PLACEMENT_3D('',#6116,#6117,#6118);
#6116 = CARTESIAN_POINT('',(1.,-0.8,0.));
#6117 = DIRECTION('',(-1.,0.,0.));
#6118 = DIRECTION('',(0.,1.,0.));
#6119 = ADVANCED_FACE('',(#6120),#6131,.F.);
#6120 = FACE_BOUND('',#6121,.F.);
#6121 = EDGE_LOOP('',(#6122,#6123,#6124,#6130));
#6122 = ORIENTED_EDGE('',*,*,#6091,.T.);
#6123 = ORIENTED_EDGE('',*,*,#5917,.T.);
#6124 = ORIENTED_EDGE('',*,*,#6125,.F.);
#6125 = EDGE_CURVE('',#5753,#5918,#6126,.T.);
#6126 = LINE('',#6127,#6128);
#6127 = CARTESIAN_POINT('',(-1.,-1.2,0.));
#6128 = VECTOR('',#6129,1.);
#6129 = DIRECTION('',(0.,0.,1.));
#6130 = ORIENTED_EDGE('',*,*,#5752,.F.);
#6131 = PLANE('',#6132);
#6132 = AXIS2_PLACEMENT_3D('',#6133,#6134,#6135);
#6133 = CARTESIAN_POINT('',(-0.8,-1.,0.));
#6134 = DIRECTION('',(0.707106781187,-0.707106781187,0.));
#6135 = DIRECTION('',(-0.707106781187,-0.707106781187,0.));
#6136 = ADVANCED_FACE('',(#6137),#6148,.F.);
#6137 = FACE_BOUND('',#6138,.F.);
#6138 = EDGE_LOOP('',(#6139,#6145,#6146,#6147));
#6139 = ORIENTED_EDGE('',*,*,#6140,.T.);
#6140 = EDGE_CURVE('',#5801,#5966,#6141,.T.);
#6141 = LINE('',#6142,#6143);
#6142 = CARTESIAN_POINT('',(0.8,-1.,0.));
#6143 = VECTOR('',#6144,1.);
#6144 = DIRECTION('',(0.,0.,1.));
#6145 = ORIENTED_EDGE('',*,*,#5973,.T.);
#6146 = ORIENTED_EDGE('',*,*,#6106,.F.);
#6147 = ORIENTED_EDGE('',*,*,#5808,.F.);
#6148 = PLANE('',#6149);
#6149 = AXIS2_PLACEMENT_3D('',#6150,#6151,#6152);
#6150 = CARTESIAN_POINT('',(0.8,-1.,0.));
#6151 = DIRECTION('',(-0.707106781187,0.707106781187,0.));
#6152 = DIRECTION('',(0.707106781187,0.707106781187,0.));
#6153 = ADVANCED_FACE('',(#6154),#6165,.F.);
#6154 = FACE_BOUND('',#6155,.F.);
#6155 = EDGE_LOOP('',(#6156,#6157,#6158,#6164));
#6156 = ORIENTED_EDGE('',*,*,#6125,.T.);
#6157 = ORIENTED_EDGE('',*,*,#5925,.T.);
#6158 = ORIENTED_EDGE('',*,*,#6159,.F.);
#6159 = EDGE_CURVE('',#5761,#5926,#6160,.T.);
#6160 = LINE('',#6161,#6162);
#6161 = CARTESIAN_POINT('',(-1.,-2.8,0.));
#6162 = VECTOR('',#6163,1.);
#6163 = DIRECTION('',(0.,0.,1.));
#6164 = ORIENTED_EDGE('',*,*,#5760,.F.);
#6165 = PLANE('',#6166);
#6166 = AXIS2_PLACEMENT_3D('',#6167,#6168,#6169);
#6167 = CARTESIAN_POINT('',(-1.,-1.2,0.));
#6168 = DIRECTION('',(1.,0.,0.));
#6169 = DIRECTION('',(0.,-1.,0.));
#6170 = ADVANCED_FACE('',(#6171),#6182,.F.);
#6171 = FACE_BOUND('',#6172,.F.);
#6172 = EDGE_LOOP('',(#6173,#6179,#6180,#6181));
#6173 = ORIENTED_EDGE('',*,*,#6174,.T.);
#6174 = EDGE_CURVE('',#5793,#5958,#6175,.T.);
#6175 = LINE('',#6176,#6177);
#6176 = CARTESIAN_POINT('',(1.,-1.2,0.));
#6177 = VECTOR('',#6178,1.);
#6178 = DIRECTION('',(0.,0.,1.));
#6179 = ORIENTED_EDGE('',*,*,#5965,.T.);
#6180 = ORIENTED_EDGE('',*,*,#6140,.F.);
#6181 = ORIENTED_EDGE('',*,*,#5800,.F.);
#6182 = PLANE('',#6183);
#6183 = AXIS2_PLACEMENT_3D('',#6184,#6185,#6186);
#6184 = CARTESIAN_POINT('',(1.,-1.2,0.));
#6185 = DIRECTION('',(-0.707106781187,-0.707106781187,0.));
#6186 = DIRECTION('',(-0.707106781187,0.707106781187,0.));
#6187 = ADVANCED_FACE('',(#6188),#6199,.F.);
#6188 = FACE_BOUND('',#6189,.F.);
#6189 = EDGE_LOOP('',(#6190,#6191,#6192,#6198));
#6190 = ORIENTED_EDGE('',*,*,#6159,.T.);
#6191 = ORIENTED_EDGE('',*,*,#5933,.T.);
#6192 = ORIENTED_EDGE('',*,*,#6193,.F.);
#6193 = EDGE_CURVE('',#5769,#5934,#6194,.T.);
#6194 = LINE('',#6195,#6196);
#6195 = CARTESIAN_POINT('',(-0.8,-3.,0.));
#6196 = VECTOR('',#6197,1.);
#6197 = DIRECTION('',(0.,0.,1.));
#6198 = ORIENTED_EDGE('',*,*,#5768,.F.);
#6199 = PLANE('',#6200);
#6200 = AXIS2_PLACEMENT_3D('',#6201,#6202,#6203);
#6201 = CARTESIAN_POINT('',(-1.,-2.8,0.));
#6202 = DIRECTION('',(0.707106781187,0.707106781187,0.));
#6203 = DIRECTION('',(0.707106781187,-0.707106781187,0.));
#6204 = ADVANCED_FACE('',(#6205),#6216,.F.);
#6205 = FACE_BOUND('',#6206,.F.);
#6206 = EDGE_LOOP('',(#6207,#6213,#6214,#6215));
#6207 = ORIENTED_EDGE('',*,*,#6208,.T.);
#6208 = EDGE_CURVE('',#5785,#5950,#6209,.T.);
#6209 = LINE('',#6210,#6211);
#6210 = CARTESIAN_POINT('',(1.,-2.8,0.));
#6211 = VECTOR('',#6212,1.);
#6212 = DIRECTION('',(0.,0.,1.));
#6213 = ORIENTED_EDGE('',*,*,#5957,.T.);
#6214 = ORIENTED_EDGE('',*,*,#6174,.F.);
#6215 = ORIENTED_EDGE('',*,*,#5792,.F.);
#6216 = PLANE('',#6217);
#6217 = AXIS2_PLACEMENT_3D('',#6218,#6219,#6220);
#6218 = CARTESIAN_POINT('',(1.,-2.8,0.));
#6219 = DIRECTION('',(-1.,0.,0.));
#6220 = DIRECTION('',(0.,1.,0.));
#6221 = ADVANCED_FACE('',(#6222),#6233,.F.);
#6222 = FACE_BOUND('',#6223,.F.);
#6223 = EDGE_LOOP('',(#6224,#6225,#6226,#6232));
#6224 = ORIENTED_EDGE('',*,*,#6193,.T.);
#6225 = ORIENTED_EDGE('',*,*,#5941,.T.);
#6226 = ORIENTED_EDGE('',*,*,#6227,.F.);
#6227 = EDGE_CURVE('',#5777,#5942,#6228,.T.);
#6228 = LINE('',#6229,#6230);
#6229 = CARTESIAN_POINT('',(0.8,-3.,0.));
#6230 = VECTOR('',#6231,1.);
#6231 = DIRECTION('',(0.,0.,1.));
#6232 = ORIENTED_EDGE('',*,*,#5776,.F.);
#6233 = PLANE('',#6234);
#6234 = AXIS2_PLACEMENT_3D('',#6235,#6236,#6237);
#6235 = CARTESIAN_POINT('',(-0.8,-3.,0.));
#6236 = DIRECTION('',(0.,1.,0.));
#6237 = DIRECTION('',(1.,0.,0.));
#6238 = ADVANCED_FACE('',(#6239),#6245,.F.);
#6239 = FACE_BOUND('',#6240,.F.);
#6240 = EDGE_LOOP('',(#6241,#6242,#6243,#6244));
#6241 = ORIENTED_EDGE('',*,*,#6227,.T.);
#6242 = ORIENTED_EDGE('',*,*,#5949,.T.);
#6243 = ORIENTED_EDGE('',*,*,#6208,.F.);
#6244 = ORIENTED_EDGE('',*,*,#5784,.F.);
#6245 = PLANE('',#6246);
#6246 = AXIS2_PLACEMENT_3D('',#6247,#6248,#6249);
#6247 = CARTESIAN_POINT('',(0.8,-3.,0.));
#6248 = DIRECTION('',(-0.707106781187,0.707106781187,0.));
#6249 = DIRECTION('',(0.707106781187,0.707106781187,0.));
#6250 = ADVANCED_FACE('',(#6251),#6276,.F.);
#6251 = FACE_BOUND('',#6252,.F.);
#6252 = EDGE_LOOP('',(#6253,#6261,#6269,#6275));
#6253 = ORIENTED_EDGE('',*,*,#6254,.F.);
#6254 = EDGE_CURVE('',#6255,#5834,#6257,.T.);
#6255 = VERTEX_POINT('',#6256);
#6256 = CARTESIAN_POINT('',(0.25,-0.25,-2.675));
#6257 = LINE('',#6258,#6259);
#6258 = CARTESIAN_POINT('',(0.25,-0.25,-2.8));
#6259 = VECTOR('',#6260,1.);
#6260 = DIRECTION('',(0.,0.,1.));
#6261 = ORIENTED_EDGE('',*,*,#6262,.F.);
#6262 = EDGE_CURVE('',#6263,#6255,#6265,.T.);
#6263 = VERTEX_POINT('',#6264);
#6264 = CARTESIAN_POINT('',(-0.25,-0.25,-2.675));
#6265 = LINE('',#6266,#6267);
#6266 = CARTESIAN_POINT('',(-0.25,-0.25,-2.675));
#6267 = VECTOR('',#6268,1.);
#6268 = DIRECTION('',(1.,0.,0.));
#6269 = ORIENTED_EDGE('',*,*,#6270,.T.);
#6270 = EDGE_CURVE('',#6263,#5836,#6271,.T.);
#6271 = LINE('',#6272,#6273);
#6272 = CARTESIAN_POINT('',(-0.25,-0.25,-2.8));
#6273 = VECTOR('',#6274,1.);
#6274 = DIRECTION('',(0.,0.,1.));
#6275 = ORIENTED_EDGE('',*,*,#5833,.F.);
#6276 = PLANE('',#6277);
#6277 = AXIS2_PLACEMENT_3D('',#6278,#6279,#6280);
#6278 = CARTESIAN_POINT('',(-0.25,-0.25,-2.8));
#6279 = DIRECTION('',(0.,1.,0.));
#6280 = DIRECTION('',(0.,0.,1.));
#6281 = ADVANCED_FACE('',(#6282),#6300,.T.);
#6282 = FACE_BOUND('',#6283,.T.);
#6283 = EDGE_LOOP('',(#6284,#6285,#6293,#6299));
#6284 = ORIENTED_EDGE('',*,*,#6254,.F.);
#6285 = ORIENTED_EDGE('',*,*,#6286,.T.);
#6286 = EDGE_CURVE('',#6255,#6287,#6289,.T.);
#6287 = VERTEX_POINT('',#6288);
#6288 = CARTESIAN_POINT('',(0.25,0.25,-2.675));
#6289 = LINE('',#6290,#6291);
#6290 = CARTESIAN_POINT('',(0.25,-0.25,-2.675));
#6291 = VECTOR('',#6292,1.);
#6292 = DIRECTION('',(0.,1.,0.));
#6293 = ORIENTED_EDGE('',*,*,#6294,.T.);
#6294 = EDGE_CURVE('',#6287,#5852,#6295,.T.);
#6295 = LINE('',#6296,#6297);
#6296 = CARTESIAN_POINT('',(0.25,0.25,-2.8));
#6297 = VECTOR('',#6298,1.);
#6298 = DIRECTION('',(0.,0.,1.));
#6299 = ORIENTED_EDGE('',*,*,#5859,.F.);
#6300 = PLANE('',#6301);
#6301 = AXIS2_PLACEMENT_3D('',#6302,#6303,#6304);
#6302 = CARTESIAN_POINT('',(0.25,-0.25,-2.8));
#6303 = DIRECTION('',(1.,0.,0.));
#6304 = DIRECTION('',(0.,0.,1.));
#6305 = ADVANCED_FACE('',(#6306),#6324,.T.);
#6306 = FACE_BOUND('',#6307,.T.);
#6307 = EDGE_LOOP('',(#6308,#6309,#6317,#6323));
#6308 = ORIENTED_EDGE('',*,*,#6294,.F.);
#6309 = ORIENTED_EDGE('',*,*,#6310,.F.);
#6310 = EDGE_CURVE('',#6311,#6287,#6313,.T.);
#6311 = VERTEX_POINT('',#6312);
#6312 = CARTESIAN_POINT('',(-0.25,0.25,-2.675));
#6313 = LINE('',#6314,#6315);
#6314 = CARTESIAN_POINT('',(-0.25,0.25,-2.675));
#6315 = VECTOR('',#6316,1.);
#6316 = DIRECTION('',(1.,0.,0.));
#6317 = ORIENTED_EDGE('',*,*,#6318,.T.);
#6318 = EDGE_CURVE('',#6311,#5844,#6319,.T.);
#6319 = LINE('',#6320,#6321);
#6320 = CARTESIAN_POINT('',(-0.25,0.25,-2.8));
#6321 = VECTOR('',#6322,1.);
#6322 = DIRECTION('',(0.,0.,1.));
#6323 = ORIENTED_EDGE('',*,*,#5851,.F.);
#6324 = PLANE('',#6325);
#6325 = AXIS2_PLACEMENT_3D('',#6326,#6327,#6328);
#6326 = CARTESIAN_POINT('',(-0.25,0.25,-2.8));
#6327 = DIRECTION('',(0.,1.,0.));
#6328 = DIRECTION('',(0.,0.,1.));
#6329 = ADVANCED_FACE('',(#6330),#6341,.F.);
#6330 = FACE_BOUND('',#6331,.F.);
#6331 = EDGE_LOOP('',(#6332,#6333,#6339,#6340));
#6332 = ORIENTED_EDGE('',*,*,#6270,.F.);
#6333 = ORIENTED_EDGE('',*,*,#6334,.T.);
#6334 = EDGE_CURVE('',#6263,#6311,#6335,.T.);
#6335 = LINE('',#6336,#6337);
#6336 = CARTESIAN_POINT('',(-0.25,-0.25,-2.675));
#6337 = VECTOR('',#6338,1.);
#6338 = DIRECTION('',(0.,1.,0.));
#6339 = ORIENTED_EDGE('',*,*,#6318,.T.);
#6340 = ORIENTED_EDGE('',*,*,#5843,.F.);
#6341 = PLANE('',#6342);
#6342 = AXIS2_PLACEMENT_3D('',#6343,#6344,#6345);
#6343 = CARTESIAN_POINT('',(-0.25,-0.25,-2.8));
#6344 = DIRECTION('',(1.,0.,0.));
#6345 = DIRECTION('',(0.,0.,1.));
#6346 = ADVANCED_FACE('',(#6347),#6372,.F.);
#6347 = FACE_BOUND('',#6348,.F.);
#6348 = EDGE_LOOP('',(#6349,#6357,#6365,#6371));
#6349 = ORIENTED_EDGE('',*,*,#6350,.F.);
#6350 = EDGE_CURVE('',#6351,#5868,#6353,.T.);
#6351 = VERTEX_POINT('',#6352);
#6352 = CARTESIAN_POINT('',(0.25,-2.25,-2.675));
#6353 = LINE('',#6354,#6355);
#6354 = CARTESIAN_POINT('',(0.25,-2.25,-2.8));
#6355 = VECTOR('',#6356,1.);
#6356 = DIRECTION('',(0.,0.,1.));
#6357 = ORIENTED_EDGE('',*,*,#6358,.F.);
#6358 = EDGE_CURVE('',#6359,#6351,#6361,.T.);
#6359 = VERTEX_POINT('',#6360);
#6360 = CARTESIAN_POINT('',(-0.25,-2.25,-2.675));
#6361 = LINE('',#6362,#6363);
#6362 = CARTESIAN_POINT('',(-0.25,-2.25,-2.675));
#6363 = VECTOR('',#6364,1.);
#6364 = DIRECTION('',(1.,0.,0.));
#6365 = ORIENTED_EDGE('',*,*,#6366,.T.);
#6366 = EDGE_CURVE('',#6359,#5870,#6367,.T.);
#6367 = LINE('',#6368,#6369);
#6368 = CARTESIAN_POINT('',(-0.25,-2.25,-2.8));
#6369 = VECTOR('',#6370,1.);
#6370 = DIRECTION('',(0.,0.,1.));
#6371 = ORIENTED_EDGE('',*,*,#5867,.F.);
#6372 = PLANE('',#6373);
#6373 = AXIS2_PLACEMENT_3D('',#6374,#6375,#6376);
#6374 = CARTESIAN_POINT('',(-0.25,-2.25,-2.8));
#6375 = DIRECTION('',(0.,1.,0.));
#6376 = DIRECTION('',(0.,0.,1.));
#6377 = ADVANCED_FACE('',(#6378),#6396,.T.);
#6378 = FACE_BOUND('',#6379,.T.);
#6379 = EDGE_LOOP('',(#6380,#6381,#6389,#6395));
#6380 = ORIENTED_EDGE('',*,*,#6350,.F.);
#6381 = ORIENTED_EDGE('',*,*,#6382,.T.);
#6382 = EDGE_CURVE('',#6351,#6383,#6385,.T.);
#6383 = VERTEX_POINT('',#6384);
#6384 = CARTESIAN_POINT('',(0.25,-1.75,-2.675));
#6385 = LINE('',#6386,#6387);
#6386 = CARTESIAN_POINT('',(0.25,-2.25,-2.675));
#6387 = VECTOR('',#6388,1.);
#6388 = DIRECTION('',(0.,1.,0.));
#6389 = ORIENTED_EDGE('',*,*,#6390,.T.);
#6390 = EDGE_CURVE('',#6383,#5886,#6391,.T.);
#6391 = LINE('',#6392,#6393);
#6392 = CARTESIAN_POINT('',(0.25,-1.75,-2.8));
#6393 = VECTOR('',#6394,1.);
#6394 = DIRECTION('',(0.,0.,1.));
#6395 = ORIENTED_EDGE('',*,*,#5893,.F.);
#6396 = PLANE('',#6397);
#6397 = AXIS2_PLACEMENT_3D('',#6398,#6399,#6400);
#6398 = CARTESIAN_POINT('',(0.25,-2.25,-2.8));
#6399 = DIRECTION('',(1.,0.,0.));
#6400 = DIRECTION('',(0.,0.,1.));
#6401 = ADVANCED_FACE('',(#6402),#6420,.T.);
#6402 = FACE_BOUND('',#6403,.T.);
#6403 = EDGE_LOOP('',(#6404,#6405,#6413,#6419));
#6404 = ORIENTED_EDGE('',*,*,#6390,.F.);
#6405 = ORIENTED_EDGE('',*,*,#6406,.F.);
#6406 = EDGE_CURVE('',#6407,#6383,#6409,.T.);
#6407 = VERTEX_POINT('',#6408);
#6408 = CARTESIAN_POINT('',(-0.25,-1.75,-2.675));
#6409 = LINE('',#6410,#6411);
#6410 = CARTESIAN_POINT('',(-0.25,-1.75,-2.675));
#6411 = VECTOR('',#6412,1.);
#6412 = DIRECTION('',(1.,0.,0.));
#6413 = ORIENTED_EDGE('',*,*,#6414,.T.);
#6414 = EDGE_CURVE('',#6407,#5878,#6415,.T.);
#6415 = LINE('',#6416,#6417);
#6416 = CARTESIAN_POINT('',(-0.25,-1.75,-2.8));
#6417 = VECTOR('',#6418,1.);
#6418 = DIRECTION('',(0.,0.,1.));
#6419 = ORIENTED_EDGE('',*,*,#5885,.F.);
#6420 = PLANE('',#6421);
#6421 = AXIS2_PLACEMENT_3D('',#6422,#6423,#6424);
#6422 = CARTESIAN_POINT('',(-0.25,-1.75,-2.8));
#6423 = DIRECTION('',(0.,1.,0.));
#6424 = DIRECTION('',(0.,0.,1.));
#6425 = ADVANCED_FACE('',(#6426),#6437,.F.);
#6426 = FACE_BOUND('',#6427,.F.);
#6427 = EDGE_LOOP('',(#6428,#6429,#6435,#6436));
#6428 = ORIENTED_EDGE('',*,*,#6366,.F.);
#6429 = ORIENTED_EDGE('',*,*,#6430,.T.);
#6430 = EDGE_CURVE('',#6359,#6407,#6431,.T.);
#6431 = LINE('',#6432,#6433);
#6432 = CARTESIAN_POINT('',(-0.25,-2.25,-2.675));
#6433 = VECTOR('',#6434,1.);
#6434 = DIRECTION('',(0.,1.,0.));
#6435 = ORIENTED_EDGE('',*,*,#6414,.T.);
#6436 = ORIENTED_EDGE('',*,*,#5877,.F.);
#6437 = PLANE('',#6438);
#6438 = AXIS2_PLACEMENT_3D('',#6439,#6440,#6441);
#6439 = CARTESIAN_POINT('',(-0.25,-2.25,-2.8));
#6440 = DIRECTION('',(1.,0.,0.));
#6441 = DIRECTION('',(0.,0.,1.));
#6442 = ADVANCED_FACE('',(#6443),#6468,.F.);
#6443 = FACE_BOUND('',#6444,.F.);
#6444 = EDGE_LOOP('',(#6445,#6453,#6454,#6462));
#6445 = ORIENTED_EDGE('',*,*,#6446,.F.);
#6446 = EDGE_CURVE('',#5999,#6447,#6449,.T.);
#6447 = VERTEX_POINT('',#6448);
#6448 = CARTESIAN_POINT('',(0.25,-0.25,5.875));
#6449 = LINE('',#6450,#6451);
#6450 = CARTESIAN_POINT('',(0.25,-0.25,-2.8));
#6451 = VECTOR('',#6452,1.);
#6452 = DIRECTION('',(0.,0.,1.));
#6453 = ORIENTED_EDGE('',*,*,#5998,.T.);
#6454 = ORIENTED_EDGE('',*,*,#6455,.T.);
#6455 = EDGE_CURVE('',#6001,#6456,#6458,.T.);
#6456 = VERTEX_POINT('',#6457);
#6457 = CARTESIAN_POINT('',(-0.25,-0.25,5.875));
#6458 = LINE('',#6459,#6460);
#6459 = CARTESIAN_POINT('',(-0.25,-0.25,-2.8));
#6460 = VECTOR('',#6461,1.);
#6461 = DIRECTION('',(0.,0.,1.));
#6462 = ORIENTED_EDGE('',*,*,#6463,.T.);
#6463 = EDGE_CURVE('',#6456,#6447,#6464,.T.);
#6464 = LINE('',#6465,#6466);
#6465 = CARTESIAN_POINT('',(-0.25,-0.25,5.875));
#6466 = VECTOR('',#6467,1.);
#6467 = DIRECTION('',(1.,0.,0.));
#6468 = PLANE('',#6469);
#6469 = AXIS2_PLACEMENT_3D('',#6470,#6471,#6472);
#6470 = CARTESIAN_POINT('',(-0.25,-0.25,-2.8));
#6471 = DIRECTION('',(0.,1.,0.));
#6472 = DIRECTION('',(0.,0.,1.));
#6473 = ADVANCED_FACE('',(#6474),#6492,.T.);
#6474 = FACE_BOUND('',#6475,.T.);
#6475 = EDGE_LOOP('',(#6476,#6477,#6478,#6486));
#6476 = ORIENTED_EDGE('',*,*,#6446,.F.);
#6477 = ORIENTED_EDGE('',*,*,#6024,.T.);
#6478 = ORIENTED_EDGE('',*,*,#6479,.T.);
#6479 = EDGE_CURVE('',#6017,#6480,#6482,.T.);
#6480 = VERTEX_POINT('',#6481);
#6481 = CARTESIAN_POINT('',(0.25,0.25,5.875));
#6482 = LINE('',#6483,#6484);
#6483 = CARTESIAN_POINT('',(0.25,0.25,-2.8));
#6484 = VECTOR('',#6485,1.);
#6485 = DIRECTION('',(0.,0.,1.));
#6486 = ORIENTED_EDGE('',*,*,#6487,.F.);
#6487 = EDGE_CURVE('',#6447,#6480,#6488,.T.);
#6488 = LINE('',#6489,#6490);
#6489 = CARTESIAN_POINT('',(0.25,-0.25,5.875));
#6490 = VECTOR('',#6491,1.);
#6491 = DIRECTION('',(0.,1.,0.));
#6492 = PLANE('',#6493);
#6493 = AXIS2_PLACEMENT_3D('',#6494,#6495,#6496);
#6494 = CARTESIAN_POINT('',(0.25,-0.25,-2.8));
#6495 = DIRECTION('',(1.,0.,0.));
#6496 = DIRECTION('',(0.,0.,1.));
#6497 = ADVANCED_FACE('',(#6498),#6516,.T.);
#6498 = FACE_BOUND('',#6499,.T.);
#6499 = EDGE_LOOP('',(#6500,#6501,#6502,#6510));
#6500 = ORIENTED_EDGE('',*,*,#6479,.F.);
#6501 = ORIENTED_EDGE('',*,*,#6016,.T.);
#6502 = ORIENTED_EDGE('',*,*,#6503,.T.);
#6503 = EDGE_CURVE('',#6009,#6504,#6506,.T.);
#6504 = VERTEX_POINT('',#6505);
#6505 = CARTESIAN_POINT('',(-0.25,0.25,5.875));
#6506 = LINE('',#6507,#6508);
#6507 = CARTESIAN_POINT('',(-0.25,0.25,-2.8));
#6508 = VECTOR('',#6509,1.);
#6509 = DIRECTION('',(0.,0.,1.));
#6510 = ORIENTED_EDGE('',*,*,#6511,.T.);
#6511 = EDGE_CURVE('',#6504,#6480,#6512,.T.);
#6512 = LINE('',#6513,#6514);
#6513 = CARTESIAN_POINT('',(-0.25,0.25,5.875));
#6514 = VECTOR('',#6515,1.);
#6515 = DIRECTION('',(1.,0.,0.));
#6516 = PLANE('',#6517);
#6517 = AXIS2_PLACEMENT_3D('',#6518,#6519,#6520);
#6518 = CARTESIAN_POINT('',(-0.25,0.25,-2.8));
#6519 = DIRECTION('',(0.,1.,0.));
#6520 = DIRECTION('',(0.,0.,1.));
#6521 = ADVANCED_FACE('',(#6522),#6533,.F.);
#6522 = FACE_BOUND('',#6523,.F.);
#6523 = EDGE_LOOP('',(#6524,#6525,#6526,#6527));
#6524 = ORIENTED_EDGE('',*,*,#6455,.F.);
#6525 = ORIENTED_EDGE('',*,*,#6008,.T.);
#6526 = ORIENTED_EDGE('',*,*,#6503,.T.);
#6527 = ORIENTED_EDGE('',*,*,#6528,.F.);
#6528 = EDGE_CURVE('',#6456,#6504,#6529,.T.);
#6529 = LINE('',#6530,#6531);
#6530 = CARTESIAN_POINT('',(-0.25,-0.25,5.875));
#6531 = VECTOR('',#6532,1.);
#6532 = DIRECTION('',(0.,1.,0.));
#6533 = PLANE('',#6534);
#6534 = AXIS2_PLACEMENT_3D('',#6535,#6536,#6537);
#6535 = CARTESIAN_POINT('',(-0.25,-0.25,-2.8));
#6536 = DIRECTION('',(1.,0.,0.));
#6537 = DIRECTION('',(0.,0.,1.));
#6538 = ADVANCED_FACE('',(#6539),#6564,.F.);
#6539 = FACE_BOUND('',#6540,.F.);
#6540 = EDGE_LOOP('',(#6541,#6549,#6550,#6558));
#6541 = ORIENTED_EDGE('',*,*,#6542,.F.);
#6542 = EDGE_CURVE('',#6033,#6543,#6545,.T.);
#6543 = VERTEX_POINT('',#6544);
#6544 = CARTESIAN_POINT('',(0.25,-2.25,5.875));
#6545 = LINE('',#6546,#6547);
#6546 = CARTESIAN_POINT('',(0.25,-2.25,-2.8));
#6547 = VECTOR('',#6548,1.);
#6548 = DIRECTION('',(0.,0.,1.));
#6549 = ORIENTED_EDGE('',*,*,#6032,.T.);
#6550 = ORIENTED_EDGE('',*,*,#6551,.T.);
#6551 = EDGE_CURVE('',#6035,#6552,#6554,.T.);
#6552 = VERTEX_POINT('',#6553);
#6553 = CARTESIAN_POINT('',(-0.25,-2.25,5.875));
#6554 = LINE('',#6555,#6556);
#6555 = CARTESIAN_POINT('',(-0.25,-2.25,-2.8));
#6556 = VECTOR('',#6557,1.);
#6557 = DIRECTION('',(0.,0.,1.));
#6558 = ORIENTED_EDGE('',*,*,#6559,.T.);
#6559 = EDGE_CURVE('',#6552,#6543,#6560,.T.);
#6560 = LINE('',#6561,#6562);
#6561 = CARTESIAN_POINT('',(-0.25,-2.25,5.875));
#6562 = VECTOR('',#6563,1.);
#6563 = DIRECTION('',(1.,0.,0.));
#6564 = PLANE('',#6565);
#6565 = AXIS2_PLACEMENT_3D('',#6566,#6567,#6568);
#6566 = CARTESIAN_POINT('',(-0.25,-2.25,-2.8));
#6567 = DIRECTION('',(0.,1.,0.));
#6568 = DIRECTION('',(0.,0.,1.));
#6569 = ADVANCED_FACE('',(#6570),#6588,.T.);
#6570 = FACE_BOUND('',#6571,.T.);
#6571 = EDGE_LOOP('',(#6572,#6573,#6574,#6582));
#6572 = ORIENTED_EDGE('',*,*,#6542,.F.);
#6573 = ORIENTED_EDGE('',*,*,#6058,.T.);
#6574 = ORIENTED_EDGE('',*,*,#6575,.T.);
#6575 = EDGE_CURVE('',#6051,#6576,#6578,.T.);
#6576 = VERTEX_POINT('',#6577);
#6577 = CARTESIAN_POINT('',(0.25,-1.75,5.875));
#6578 = LINE('',#6579,#6580);
#6579 = CARTESIAN_POINT('',(0.25,-1.75,-2.8));
#6580 = VECTOR('',#6581,1.);
#6581 = DIRECTION('',(0.,0.,1.));
#6582 = ORIENTED_EDGE('',*,*,#6583,.F.);
#6583 = EDGE_CURVE('',#6543,#6576,#6584,.T.);
#6584 = LINE('',#6585,#6586);
#6585 = CARTESIAN_POINT('',(0.25,-2.25,5.875));
#6586 = VECTOR('',#6587,1.);
#6587 = DIRECTION('',(0.,1.,0.));
#6588 = PLANE('',#6589);
#6589 = AXIS2_PLACEMENT_3D('',#6590,#6591,#6592);
#6590 = CARTESIAN_POINT('',(0.25,-2.25,-2.8));
#6591 = DIRECTION('',(1.,0.,0.));
#6592 = DIRECTION('',(0.,0.,1.));
#6593 = ADVANCED_FACE('',(#6594),#6612,.T.);
#6594 = FACE_BOUND('',#6595,.T.);
#6595 = EDGE_LOOP('',(#6596,#6597,#6598,#6606));
#6596 = ORIENTED_EDGE('',*,*,#6575,.F.);
#6597 = ORIENTED_EDGE('',*,*,#6050,.T.);
#6598 = ORIENTED_EDGE('',*,*,#6599,.T.);
#6599 = EDGE_CURVE('',#6043,#6600,#6602,.T.);
#6600 = VERTEX_POINT('',#6601);
#6601 = CARTESIAN_POINT('',(-0.25,-1.75,5.875));
#6602 = LINE('',#6603,#6604);
#6603 = CARTESIAN_POINT('',(-0.25,-1.75,-2.8));
#6604 = VECTOR('',#6605,1.);
#6605 = DIRECTION('',(0.,0.,1.));
#6606 = ORIENTED_EDGE('',*,*,#6607,.T.);
#6607 = EDGE_CURVE('',#6600,#6576,#6608,.T.);
#6608 = LINE('',#6609,#6610);
#6609 = CARTESIAN_POINT('',(-0.25,-1.75,5.875));
#6610 = VECTOR('',#6611,1.);
#6611 = DIRECTION('',(1.,0.,0.));
#6612 = PLANE('',#6613);
#6613 = AXIS2_PLACEMENT_3D('',#6614,#6615,#6616);
#6614 = CARTESIAN_POINT('',(-0.25,-1.75,-2.8));
#6615 = DIRECTION('',(0.,1.,0.));
#6616 = DIRECTION('',(0.,0.,1.));
#6617 = ADVANCED_FACE('',(#6618),#6629,.F.);
#6618 = FACE_BOUND('',#6619,.F.);
#6619 = EDGE_LOOP('',(#6620,#6621,#6622,#6623));
#6620 = ORIENTED_EDGE('',*,*,#6551,.F.);
#6621 = ORIENTED_EDGE('',*,*,#6042,.T.);
#6622 = ORIENTED_EDGE('',*,*,#6599,.T.);
#6623 = ORIENTED_EDGE('',*,*,#6624,.F.);
#6624 = EDGE_CURVE('',#6552,#6600,#6625,.T.);
#6625 = LINE('',#6626,#6627);
#6626 = CARTESIAN_POINT('',(-0.25,-2.25,5.875));
#6627 = VECTOR('',#6628,1.);
#6628 = DIRECTION('',(0.,1.,0.));
#6629 = PLANE('',#6630);
#6630 = AXIS2_PLACEMENT_3D('',#6631,#6632,#6633);
#6631 = CARTESIAN_POINT('',(-0.25,-2.25,-2.8));
#6632 = DIRECTION('',(1.,0.,0.));
#6633 = DIRECTION('',(0.,0.,1.));
#6634 = ADVANCED_FACE('',(#6635),#6660,.T.);
#6635 = FACE_BOUND('',#6636,.F.);
#6636 = EDGE_LOOP('',(#6637,#6645,#6646,#6654));
#6637 = ORIENTED_EDGE('',*,*,#6638,.F.);
#6638 = EDGE_CURVE('',#6263,#6639,#6641,.T.);
#6639 = VERTEX_POINT('',#6640);
#6640 = CARTESIAN_POINT('',(-0.125,-0.125,-2.8));
#6641 = LINE('',#6642,#6643);
#6642 = CARTESIAN_POINT('',(-0.208333333333,-0.208333333333,
    -2.716666666667));
#6643 = VECTOR('',#6644,1.);
#6644 = DIRECTION('',(0.57735026919,0.57735026919,-0.57735026919));
#6645 = ORIENTED_EDGE('',*,*,#6262,.T.);
#6646 = ORIENTED_EDGE('',*,*,#6647,.T.);
#6647 = EDGE_CURVE('',#6255,#6648,#6650,.T.);
#6648 = VERTEX_POINT('',#6649);
#6649 = CARTESIAN_POINT('',(0.125,-0.125,-2.8));
#6650 = LINE('',#6651,#6652);
#6651 = CARTESIAN_POINT('',(0.125,-0.125,-2.8));
#6652 = VECTOR('',#6653,1.);
#6653 = DIRECTION('',(-0.57735026919,0.57735026919,-0.57735026919));
#6654 = ORIENTED_EDGE('',*,*,#6655,.F.);
#6655 = EDGE_CURVE('',#6639,#6648,#6656,.T.);
#6656 = LINE('',#6657,#6658);
#6657 = CARTESIAN_POINT('',(-0.25,-0.125,-2.8));
#6658 = VECTOR('',#6659,1.);
#6659 = DIRECTION('',(1.,0.,0.));
#6660 = PLANE('',#6661);
#6661 = AXIS2_PLACEMENT_3D('',#6662,#6663,#6664);
#6662 = CARTESIAN_POINT('',(-0.25,-0.1875,-2.7375));
#6663 = DIRECTION('',(0.,-0.707106781187,-0.707106781187));
#6664 = DIRECTION('',(-1.,0.,0.));
#6665 = ADVANCED_FACE('',(#6666),#6684,.F.);
#6666 = FACE_BOUND('',#6667,.F.);
#6667 = EDGE_LOOP('',(#6668,#6669,#6670,#6678));
#6668 = ORIENTED_EDGE('',*,*,#6647,.F.);
#6669 = ORIENTED_EDGE('',*,*,#6286,.T.);
#6670 = ORIENTED_EDGE('',*,*,#6671,.T.);
#6671 = EDGE_CURVE('',#6287,#6672,#6674,.T.);
#6672 = VERTEX_POINT('',#6673);
#6673 = CARTESIAN_POINT('',(0.125,0.125,-2.8));
#6674 = LINE('',#6675,#6676);
#6675 = CARTESIAN_POINT('',(4.166666666667E-02,4.166666666667E-02,
    -2.883333333333));
#6676 = VECTOR('',#6677,1.);
#6677 = DIRECTION('',(-0.57735026919,-0.57735026919,-0.57735026919));
#6678 = ORIENTED_EDGE('',*,*,#6679,.F.);
#6679 = EDGE_CURVE('',#6648,#6672,#6680,.T.);
#6680 = LINE('',#6681,#6682);
#6681 = CARTESIAN_POINT('',(0.125,-0.25,-2.8));
#6682 = VECTOR('',#6683,1.);
#6683 = DIRECTION('',(0.,1.,0.));
#6684 = PLANE('',#6685);
#6685 = AXIS2_PLACEMENT_3D('',#6686,#6687,#6688);
#6686 = CARTESIAN_POINT('',(0.1875,-0.25,-2.7375));
#6687 = DIRECTION('',(-0.707106781187,0.,0.707106781187));
#6688 = DIRECTION('',(0.,1.,0.));
#6689 = ADVANCED_FACE('',(#6690),#6708,.F.);
#6690 = FACE_BOUND('',#6691,.T.);
#6691 = EDGE_LOOP('',(#6692,#6700,#6701,#6702));
#6692 = ORIENTED_EDGE('',*,*,#6693,.F.);
#6693 = EDGE_CURVE('',#6311,#6694,#6696,.T.);
#6694 = VERTEX_POINT('',#6695);
#6695 = CARTESIAN_POINT('',(-0.125,0.125,-2.8));
#6696 = LINE('',#6697,#6698);
#6697 = CARTESIAN_POINT('',(-0.125,0.125,-2.8));
#6698 = VECTOR('',#6699,1.);
#6699 = DIRECTION('',(0.57735026919,-0.57735026919,-0.57735026919));
#6700 = ORIENTED_EDGE('',*,*,#6310,.T.);
#6701 = ORIENTED_EDGE('',*,*,#6671,.T.);
#6702 = ORIENTED_EDGE('',*,*,#6703,.F.);
#6703 = EDGE_CURVE('',#6694,#6672,#6704,.T.);
#6704 = LINE('',#6705,#6706);
#6705 = CARTESIAN_POINT('',(-0.25,0.125,-2.8));
#6706 = VECTOR('',#6707,1.);
#6707 = DIRECTION('',(1.,0.,0.));
#6708 = PLANE('',#6709);
#6709 = AXIS2_PLACEMENT_3D('',#6710,#6711,#6712);
#6710 = CARTESIAN_POINT('',(-0.25,0.1875,-2.7375));
#6711 = DIRECTION('',(0.,-0.707106781187,0.707106781187));
#6712 = DIRECTION('',(-1.,0.,0.));
#6713 = ADVANCED_FACE('',(#6714),#6725,.T.);
#6714 = FACE_BOUND('',#6715,.T.);
#6715 = EDGE_LOOP('',(#6716,#6717,#6718,#6719));
#6716 = ORIENTED_EDGE('',*,*,#6638,.F.);
#6717 = ORIENTED_EDGE('',*,*,#6334,.T.);
#6718 = ORIENTED_EDGE('',*,*,#6693,.T.);
#6719 = ORIENTED_EDGE('',*,*,#6720,.F.);
#6720 = EDGE_CURVE('',#6639,#6694,#6721,.T.);
#6721 = LINE('',#6722,#6723);
#6722 = CARTESIAN_POINT('',(-0.125,-0.25,-2.8));
#6723 = VECTOR('',#6724,1.);
#6724 = DIRECTION('',(0.,1.,0.));
#6725 = PLANE('',#6726);
#6726 = AXIS2_PLACEMENT_3D('',#6727,#6728,#6729);
#6727 = CARTESIAN_POINT('',(-0.1875,-0.25,-2.7375));
#6728 = DIRECTION('',(-0.707106781187,0.,-0.707106781187));
#6729 = DIRECTION('',(0.,1.,0.));
#6730 = ADVANCED_FACE('',(#6731),#6756,.T.);
#6731 = FACE_BOUND('',#6732,.F.);
#6732 = EDGE_LOOP('',(#6733,#6741,#6742,#6750));
#6733 = ORIENTED_EDGE('',*,*,#6734,.F.);
#6734 = EDGE_CURVE('',#6359,#6735,#6737,.T.);
#6735 = VERTEX_POINT('',#6736);
#6736 = CARTESIAN_POINT('',(-0.125,-2.125,-2.8));
#6737 = LINE('',#6738,#6739);
#6738 = CARTESIAN_POINT('',(-0.208333333333,-2.208333333333,
    -2.716666666667));
#6739 = VECTOR('',#6740,1.);
#6740 = DIRECTION('',(0.57735026919,0.57735026919,-0.57735026919));
#6741 = ORIENTED_EDGE('',*,*,#6358,.T.);
#6742 = ORIENTED_EDGE('',*,*,#6743,.T.);
#6743 = EDGE_CURVE('',#6351,#6744,#6746,.T.);
#6744 = VERTEX_POINT('',#6745);
#6745 = CARTESIAN_POINT('',(0.125,-2.125,-2.8));
#6746 = LINE('',#6747,#6748);
#6747 = CARTESIAN_POINT('',(0.125,-2.125,-2.8));
#6748 = VECTOR('',#6749,1.);
#6749 = DIRECTION('',(-0.57735026919,0.57735026919,-0.57735026919));
#6750 = ORIENTED_EDGE('',*,*,#6751,.F.);
#6751 = EDGE_CURVE('',#6735,#6744,#6752,.T.);
#6752 = LINE('',#6753,#6754);
#6753 = CARTESIAN_POINT('',(-0.25,-2.125,-2.8));
#6754 = VECTOR('',#6755,1.);
#6755 = DIRECTION('',(1.,0.,0.));
#6756 = PLANE('',#6757);
#6757 = AXIS2_PLACEMENT_3D('',#6758,#6759,#6760);
#6758 = CARTESIAN_POINT('',(-0.25,-2.1875,-2.7375));
#6759 = DIRECTION('',(0.,-0.707106781187,-0.707106781187));
#6760 = DIRECTION('',(-1.,0.,0.));
#6761 = ADVANCED_FACE('',(#6762),#6780,.F.);
#6762 = FACE_BOUND('',#6763,.F.);
#6763 = EDGE_LOOP('',(#6764,#6765,#6766,#6774));
#6764 = ORIENTED_EDGE('',*,*,#6743,.F.);
#6765 = ORIENTED_EDGE('',*,*,#6382,.T.);
#6766 = ORIENTED_EDGE('',*,*,#6767,.T.);
#6767 = EDGE_CURVE('',#6383,#6768,#6770,.T.);
#6768 = VERTEX_POINT('',#6769);
#6769 = CARTESIAN_POINT('',(0.125,-1.875,-2.8));
#6770 = LINE('',#6771,#6772);
#6771 = CARTESIAN_POINT('',(4.166666666667E-02,-1.958333333333,
    -2.883333333333));
#6772 = VECTOR('',#6773,1.);
#6773 = DIRECTION('',(-0.57735026919,-0.57735026919,-0.57735026919));
#6774 = ORIENTED_EDGE('',*,*,#6775,.F.);
#6775 = EDGE_CURVE('',#6744,#6768,#6776,.T.);
#6776 = LINE('',#6777,#6778);
#6777 = CARTESIAN_POINT('',(0.125,-2.25,-2.8));
#6778 = VECTOR('',#6779,1.);
#6779 = DIRECTION('',(0.,1.,0.));
#6780 = PLANE('',#6781);
#6781 = AXIS2_PLACEMENT_3D('',#6782,#6783,#6784);
#6782 = CARTESIAN_POINT('',(0.1875,-2.25,-2.7375));
#6783 = DIRECTION('',(-0.707106781187,0.,0.707106781187));
#6784 = DIRECTION('',(0.,1.,0.));
#6785 = ADVANCED_FACE('',(#6786),#6804,.F.);
#6786 = FACE_BOUND('',#6787,.T.);
#6787 = EDGE_LOOP('',(#6788,#6796,#6797,#6798));
#6788 = ORIENTED_EDGE('',*,*,#6789,.F.);
#6789 = EDGE_CURVE('',#6407,#6790,#6792,.T.);
#6790 = VERTEX_POINT('',#6791);
#6791 = CARTESIAN_POINT('',(-0.125,-1.875,-2.8));
#6792 = LINE('',#6793,#6794);
#6793 = CARTESIAN_POINT('',(-0.125,-1.875,-2.8));
#6794 = VECTOR('',#6795,1.);
#6795 = DIRECTION('',(0.57735026919,-0.57735026919,-0.57735026919));
#6796 = ORIENTED_EDGE('',*,*,#6406,.T.);
#6797 = ORIENTED_EDGE('',*,*,#6767,.T.);
#6798 = ORIENTED_EDGE('',*,*,#6799,.F.);
#6799 = EDGE_CURVE('',#6790,#6768,#6800,.T.);
#6800 = LINE('',#6801,#6802);
#6801 = CARTESIAN_POINT('',(-0.25,-1.875,-2.8));
#6802 = VECTOR('',#6803,1.);
#6803 = DIRECTION('',(1.,0.,0.));
#6804 = PLANE('',#6805);
#6805 = AXIS2_PLACEMENT_3D('',#6806,#6807,#6808);
#6806 = CARTESIAN_POINT('',(-0.25,-1.8125,-2.7375));
#6807 = DIRECTION('',(0.,-0.707106781187,0.707106781187));
#6808 = DIRECTION('',(-1.,0.,0.));
#6809 = ADVANCED_FACE('',(#6810),#6821,.T.);
#6810 = FACE_BOUND('',#6811,.T.);
#6811 = EDGE_LOOP('',(#6812,#6813,#6814,#6815));
#6812 = ORIENTED_EDGE('',*,*,#6734,.F.);
#6813 = ORIENTED_EDGE('',*,*,#6430,.T.);
#6814 = ORIENTED_EDGE('',*,*,#6789,.T.);
#6815 = ORIENTED_EDGE('',*,*,#6816,.F.);
#6816 = EDGE_CURVE('',#6735,#6790,#6817,.T.);
#6817 = LINE('',#6818,#6819);
#6818 = CARTESIAN_POINT('',(-0.125,-2.25,-2.8));
#6819 = VECTOR('',#6820,1.);
#6820 = DIRECTION('',(0.,1.,0.));
#6821 = PLANE('',#6822);
#6822 = AXIS2_PLACEMENT_3D('',#6823,#6824,#6825);
#6823 = CARTESIAN_POINT('',(-0.1875,-2.25,-2.7375));
#6824 = DIRECTION('',(-0.707106781187,0.,-0.707106781187));
#6825 = DIRECTION('',(0.,1.,0.));
#6826 = ADVANCED_FACE('',(#6827),#6852,.F.);
#6827 = FACE_BOUND('',#6828,.T.);
#6828 = EDGE_LOOP('',(#6829,#6837,#6838,#6846));
#6829 = ORIENTED_EDGE('',*,*,#6830,.F.);
#6830 = EDGE_CURVE('',#6456,#6831,#6833,.T.);
#6831 = VERTEX_POINT('',#6832);
#6832 = CARTESIAN_POINT('',(-0.125,-0.125,6.));
#6833 = LINE('',#6834,#6835);
#6834 = CARTESIAN_POINT('',(-0.208333333333,-0.208333333333,
    5.916666666667));
#6835 = VECTOR('',#6836,1.);
#6836 = DIRECTION('',(0.57735026919,0.57735026919,0.57735026919));
#6837 = ORIENTED_EDGE('',*,*,#6463,.T.);
#6838 = ORIENTED_EDGE('',*,*,#6839,.T.);
#6839 = EDGE_CURVE('',#6447,#6840,#6842,.T.);
#6840 = VERTEX_POINT('',#6841);
#6841 = CARTESIAN_POINT('',(0.125,-0.125,6.));
#6842 = LINE('',#6843,#6844);
#6843 = CARTESIAN_POINT('',(0.125,-0.125,6.));
#6844 = VECTOR('',#6845,1.);
#6845 = DIRECTION('',(-0.57735026919,0.57735026919,0.57735026919));
#6846 = ORIENTED_EDGE('',*,*,#6847,.F.);
#6847 = EDGE_CURVE('',#6831,#6840,#6848,.T.);
#6848 = LINE('',#6849,#6850);
#6849 = CARTESIAN_POINT('',(-0.25,-0.125,6.));
#6850 = VECTOR('',#6851,1.);
#6851 = DIRECTION('',(1.,0.,0.));
#6852 = PLANE('',#6853);
#6853 = AXIS2_PLACEMENT_3D('',#6854,#6855,#6856);
#6854 = CARTESIAN_POINT('',(-0.25,-0.1875,5.9375));
#6855 = DIRECTION('',(0.,0.707106781187,-0.707106781187));
#6856 = DIRECTION('',(-1.,0.,0.));
#6857 = ADVANCED_FACE('',(#6858),#6876,.T.);
#6858 = FACE_BOUND('',#6859,.T.);
#6859 = EDGE_LOOP('',(#6860,#6861,#6862,#6870));
#6860 = ORIENTED_EDGE('',*,*,#6839,.F.);
#6861 = ORIENTED_EDGE('',*,*,#6487,.T.);
#6862 = ORIENTED_EDGE('',*,*,#6863,.T.);
#6863 = EDGE_CURVE('',#6480,#6864,#6866,.T.);
#6864 = VERTEX_POINT('',#6865);
#6865 = CARTESIAN_POINT('',(0.125,0.125,6.));
#6866 = LINE('',#6867,#6868);
#6867 = CARTESIAN_POINT('',(4.166666666667E-02,4.166666666667E-02,
    6.083333333333));
#6868 = VECTOR('',#6869,1.);
#6869 = DIRECTION('',(-0.57735026919,-0.57735026919,0.57735026919));
#6870 = ORIENTED_EDGE('',*,*,#6871,.F.);
#6871 = EDGE_CURVE('',#6840,#6864,#6872,.T.);
#6872 = LINE('',#6873,#6874);
#6873 = CARTESIAN_POINT('',(0.125,-0.25,6.));
#6874 = VECTOR('',#6875,1.);
#6875 = DIRECTION('',(0.,1.,0.));
#6876 = PLANE('',#6877);
#6877 = AXIS2_PLACEMENT_3D('',#6878,#6879,#6880);
#6878 = CARTESIAN_POINT('',(0.1875,-0.25,5.9375));
#6879 = DIRECTION('',(0.707106781187,0.,0.707106781187));
#6880 = DIRECTION('',(0.,1.,0.));
#6881 = ADVANCED_FACE('',(#6882),#6900,.T.);
#6882 = FACE_BOUND('',#6883,.F.);
#6883 = EDGE_LOOP('',(#6884,#6892,#6893,#6894));
#6884 = ORIENTED_EDGE('',*,*,#6885,.F.);
#6885 = EDGE_CURVE('',#6504,#6886,#6888,.T.);
#6886 = VERTEX_POINT('',#6887);
#6887 = CARTESIAN_POINT('',(-0.125,0.125,6.));
#6888 = LINE('',#6889,#6890);
#6889 = CARTESIAN_POINT('',(-0.125,0.125,6.));
#6890 = VECTOR('',#6891,1.);
#6891 = DIRECTION('',(0.57735026919,-0.57735026919,0.57735026919));
#6892 = ORIENTED_EDGE('',*,*,#6511,.T.);
#6893 = ORIENTED_EDGE('',*,*,#6863,.T.);
#6894 = ORIENTED_EDGE('',*,*,#6895,.F.);
#6895 = EDGE_CURVE('',#6886,#6864,#6896,.T.);
#6896 = LINE('',#6897,#6898);
#6897 = CARTESIAN_POINT('',(-0.25,0.125,6.));
#6898 = VECTOR('',#6899,1.);
#6899 = DIRECTION('',(1.,0.,0.));
#6900 = PLANE('',#6901);
#6901 = AXIS2_PLACEMENT_3D('',#6902,#6903,#6904);
#6902 = CARTESIAN_POINT('',(-0.25,0.1875,5.9375));
#6903 = DIRECTION('',(0.,0.707106781187,0.707106781187));
#6904 = DIRECTION('',(-1.,0.,0.));
#6905 = ADVANCED_FACE('',(#6906),#6917,.F.);
#6906 = FACE_BOUND('',#6907,.F.);
#6907 = EDGE_LOOP('',(#6908,#6909,#6910,#6911));
#6908 = ORIENTED_EDGE('',*,*,#6830,.F.);
#6909 = ORIENTED_EDGE('',*,*,#6528,.T.);
#6910 = ORIENTED_EDGE('',*,*,#6885,.T.);
#6911 = ORIENTED_EDGE('',*,*,#6912,.F.);
#6912 = EDGE_CURVE('',#6831,#6886,#6913,.T.);
#6913 = LINE('',#6914,#6915);
#6914 = CARTESIAN_POINT('',(-0.125,-0.25,6.));
#6915 = VECTOR('',#6916,1.);
#6916 = DIRECTION('',(0.,1.,0.));
#6917 = PLANE('',#6918);
#6918 = AXIS2_PLACEMENT_3D('',#6919,#6920,#6921);
#6919 = CARTESIAN_POINT('',(-0.1875,-0.25,5.9375));
#6920 = DIRECTION('',(0.707106781187,0.,-0.707106781187));
#6921 = DIRECTION('',(0.,1.,0.));
#6922 = ADVANCED_FACE('',(#6923),#6948,.F.);
#6923 = FACE_BOUND('',#6924,.T.);
#6924 = EDGE_LOOP('',(#6925,#6933,#6934,#6942));
#6925 = ORIENTED_EDGE('',*,*,#6926,.F.);
#6926 = EDGE_CURVE('',#6552,#6927,#6929,.T.);
#6927 = VERTEX_POINT('',#6928);
#6928 = CARTESIAN_POINT('',(-0.125,-2.125,6.));
#6929 = LINE('',#6930,#6931);
#6930 = CARTESIAN_POINT('',(-0.208333333333,-2.208333333333,
    5.916666666667));
#6931 = VECTOR('',#6932,1.);
#6932 = DIRECTION('',(0.57735026919,0.57735026919,0.57735026919));
#6933 = ORIENTED_EDGE('',*,*,#6559,.T.);
#6934 = ORIENTED_EDGE('',*,*,#6935,.T.);
#6935 = EDGE_CURVE('',#6543,#6936,#6938,.T.);
#6936 = VERTEX_POINT('',#6937);
#6937 = CARTESIAN_POINT('',(0.125,-2.125,6.));
#6938 = LINE('',#6939,#6940);
#6939 = CARTESIAN_POINT('',(0.125,-2.125,6.));
#6940 = VECTOR('',#6941,1.);
#6941 = DIRECTION('',(-0.57735026919,0.57735026919,0.57735026919));
#6942 = ORIENTED_EDGE('',*,*,#6943,.F.);
#6943 = EDGE_CURVE('',#6927,#6936,#6944,.T.);
#6944 = LINE('',#6945,#6946);
#6945 = CARTESIAN_POINT('',(-0.25,-2.125,6.));
#6946 = VECTOR('',#6947,1.);
#6947 = DIRECTION('',(1.,0.,0.));
#6948 = PLANE('',#6949);
#6949 = AXIS2_PLACEMENT_3D('',#6950,#6951,#6952);
#6950 = CARTESIAN_POINT('',(-0.25,-2.1875,5.9375));
#6951 = DIRECTION('',(0.,0.707106781187,-0.707106781187));
#6952 = DIRECTION('',(-1.,0.,0.));
#6953 = ADVANCED_FACE('',(#6954),#6972,.T.);
#6954 = FACE_BOUND('',#6955,.T.);
#6955 = EDGE_LOOP('',(#6956,#6957,#6958,#6966));
#6956 = ORIENTED_EDGE('',*,*,#6935,.F.);
#6957 = ORIENTED_EDGE('',*,*,#6583,.T.);
#6958 = ORIENTED_EDGE('',*,*,#6959,.T.);
#6959 = EDGE_CURVE('',#6576,#6960,#6962,.T.);
#6960 = VERTEX_POINT('',#6961);
#6961 = CARTESIAN_POINT('',(0.125,-1.875,6.));
#6962 = LINE('',#6963,#6964);
#6963 = CARTESIAN_POINT('',(4.166666666667E-02,-1.958333333333,
    6.083333333333));
#6964 = VECTOR('',#6965,1.);
#6965 = DIRECTION('',(-0.57735026919,-0.57735026919,0.57735026919));
#6966 = ORIENTED_EDGE('',*,*,#6967,.F.);
#6967 = EDGE_CURVE('',#6936,#6960,#6968,.T.);
#6968 = LINE('',#6969,#6970);
#6969 = CARTESIAN_POINT('',(0.125,-2.25,6.));
#6970 = VECTOR('',#6971,1.);
#6971 = DIRECTION('',(0.,1.,0.));
#6972 = PLANE('',#6973);
#6973 = AXIS2_PLACEMENT_3D('',#6974,#6975,#6976);
#6974 = CARTESIAN_POINT('',(0.1875,-2.25,5.9375));
#6975 = DIRECTION('',(0.707106781187,0.,0.707106781187));
#6976 = DIRECTION('',(0.,1.,0.));
#6977 = ADVANCED_FACE('',(#6978),#6996,.T.);
#6978 = FACE_BOUND('',#6979,.F.);
#6979 = EDGE_LOOP('',(#6980,#6988,#6989,#6990));
#6980 = ORIENTED_EDGE('',*,*,#6981,.F.);
#6981 = EDGE_CURVE('',#6600,#6982,#6984,.T.);
#6982 = VERTEX_POINT('',#6983);
#6983 = CARTESIAN_POINT('',(-0.125,-1.875,6.));
#6984 = LINE('',#6985,#6986);
#6985 = CARTESIAN_POINT('',(-0.125,-1.875,6.));
#6986 = VECTOR('',#6987,1.);
#6987 = DIRECTION('',(0.57735026919,-0.57735026919,0.57735026919));
#6988 = ORIENTED_EDGE('',*,*,#6607,.T.);
#6989 = ORIENTED_EDGE('',*,*,#6959,.T.);
#6990 = ORIENTED_EDGE('',*,*,#6991,.F.);
#6991 = EDGE_CURVE('',#6982,#6960,#6992,.T.);
#6992 = LINE('',#6993,#6994);
#6993 = CARTESIAN_POINT('',(-0.25,-1.875,6.));
#6994 = VECTOR('',#6995,1.);
#6995 = DIRECTION('',(1.,0.,0.));
#6996 = PLANE('',#6997);
#6997 = AXIS2_PLACEMENT_3D('',#6998,#6999,#7000);
#6998 = CARTESIAN_POINT('',(-0.25,-1.8125,5.9375));
#6999 = DIRECTION('',(0.,0.707106781187,0.707106781187));
#7000 = DIRECTION('',(-1.,0.,0.));
#7001 = ADVANCED_FACE('',(#7002),#7013,.F.);
#7002 = FACE_BOUND('',#7003,.F.);
#7003 = EDGE_LOOP('',(#7004,#7005,#7006,#7007));
#7004 = ORIENTED_EDGE('',*,*,#6926,.F.);
#7005 = ORIENTED_EDGE('',*,*,#6624,.T.);
#7006 = ORIENTED_EDGE('',*,*,#6981,.T.);
#7007 = ORIENTED_EDGE('',*,*,#7008,.F.);
#7008 = EDGE_CURVE('',#6927,#6982,#7009,.T.);
#7009 = LINE('',#7010,#7011);
#7010 = CARTESIAN_POINT('',(-0.125,-2.25,6.));
#7011 = VECTOR('',#7012,1.);
#7012 = DIRECTION('',(0.,1.,0.));
#7013 = PLANE('',#7014);
#7014 = AXIS2_PLACEMENT_3D('',#7015,#7016,#7017);
#7015 = CARTESIAN_POINT('',(-0.1875,-2.25,5.9375));
#7016 = DIRECTION('',(0.707106781187,0.,-0.707106781187));
#7017 = DIRECTION('',(0.,1.,0.));
#7018 = ADVANCED_FACE('',(#7019),#7025,.F.);
#7019 = FACE_BOUND('',#7020,.F.);
#7020 = EDGE_LOOP('',(#7021,#7022,#7023,#7024));
#7021 = ORIENTED_EDGE('',*,*,#6720,.F.);
#7022 = ORIENTED_EDGE('',*,*,#6655,.T.);
#7023 = ORIENTED_EDGE('',*,*,#6679,.T.);
#7024 = ORIENTED_EDGE('',*,*,#6703,.F.);
#7025 = PLANE('',#7026);
#7026 = AXIS2_PLACEMENT_3D('',#7027,#7028,#7029);
#7027 = CARTESIAN_POINT('',(-0.25,-0.25,-2.8));
#7028 = DIRECTION('',(0.,0.,1.));
#7029 = DIRECTION('',(1.,0.,0.));
#7030 = ADVANCED_FACE('',(#7031),#7037,.F.);
#7031 = FACE_BOUND('',#7032,.F.);
#7032 = EDGE_LOOP('',(#7033,#7034,#7035,#7036));
#7033 = ORIENTED_EDGE('',*,*,#6816,.F.);
#7034 = ORIENTED_EDGE('',*,*,#6751,.T.);
#7035 = ORIENTED_EDGE('',*,*,#6775,.T.);
#7036 = ORIENTED_EDGE('',*,*,#6799,.F.);
#7037 = PLANE('',#7038);
#7038 = AXIS2_PLACEMENT_3D('',#7039,#7040,#7041);
#7039 = CARTESIAN_POINT('',(-0.25,-2.25,-2.8));
#7040 = DIRECTION('',(0.,0.,1.));
#7041 = DIRECTION('',(1.,0.,0.));
#7042 = ADVANCED_FACE('',(#7043),#7049,.T.);
#7043 = FACE_BOUND('',#7044,.T.);
#7044 = EDGE_LOOP('',(#7045,#7046,#7047,#7048));
#7045 = ORIENTED_EDGE('',*,*,#6895,.F.);
#7046 = ORIENTED_EDGE('',*,*,#6912,.F.);
#7047 = ORIENTED_EDGE('',*,*,#6847,.T.);
#7048 = ORIENTED_EDGE('',*,*,#6871,.T.);
#7049 = PLANE('',#7050);
#7050 = AXIS2_PLACEMENT_3D('',#7051,#7052,#7053);
#7051 = CARTESIAN_POINT('',(-0.25,-0.25,6.));
#7052 = DIRECTION('',(0.,0.,1.));
#7053 = DIRECTION('',(1.,0.,0.));
#7054 = ADVANCED_FACE('',(#7055),#7061,.T.);
#7055 = FACE_BOUND('',#7056,.T.);
#7056 = EDGE_LOOP('',(#7057,#7058,#7059,#7060));
#7057 = ORIENTED_EDGE('',*,*,#6991,.F.);
#7058 = ORIENTED_EDGE('',*,*,#7008,.F.);
#7059 = ORIENTED_EDGE('',*,*,#6943,.T.);
#7060 = ORIENTED_EDGE('',*,*,#6967,.T.);
#7061 = PLANE('',#7062);
#7062 = AXIS2_PLACEMENT_3D('',#7063,#7064,#7065);
#7063 = CARTESIAN_POINT('',(-0.25,-2.25,6.));
#7064 = DIRECTION('',(0.,0.,1.));
#7065 = DIRECTION('',(1.,0.,0.));
#7066 = ( GEOMETRIC_REPRESENTATION_CONTEXT(3) 
GLOBAL_UNCERTAINTY_ASSIGNED_CONTEXT((#7070)) 
GLOBAL_UNIT_ASSIGNED_CONTEXT((#7067,#7068,#7069)) REPRESENTATION_CONTEXT
('Context #1','3D Context with UNIT and UNCERTAINTY') );
#7067 = ( LENGTH_UNIT() NAMED_UNIT(*) SI_UNIT(.MILLI.,.METRE.) );
#7068 = ( NAMED_UNIT(*) PLANE_ANGLE_UNIT() SI_UNIT($,.RADIAN.) );
#7069 = ( NAMED_UNIT(*) SI_UNIT($,.STERADIAN.) SOLID_ANGLE_UNIT() );
#7070 = UNCERTAINTY_MEASURE_WITH_UNIT(LENGTH_MEASURE(1.E-07),#7067,
  'distance_accuracy_value','confusion accuracy');
#7071 = CONTEXT_DEPENDENT_SHAPE_REPRESENTATION(#7072,#7074);
#7072 = ( REPRESENTATION_RELATIONSHIP('','',#5633,#485) 
REPRESENTATION_RELATIONSHIP_WITH_TRANSFORMATION(#7073) 
SHAPE_REPRESENTATION_RELATIONSHIP() );
#7073 = ITEM_DEFINED_TRANSFORMATION('','',#11,#506);
#7074 = PRODUCT_DEFINITION_SHAPE('Placement','Placement of an item',
  #7075);
#7075 = NEXT_ASSEMBLY_USAGE_OCCURRENCE('20',
  'J1_PinHeader_1x02_P200mm_Vertical_c5212d84d7a3','',#480,#5628,$);
#7076 = PRODUCT_RELATED_PRODUCT_CATEGORY('part',$,(#5630));
#7077 = CONTEXT_DEPENDENT_SHAPE_REPRESENTATION(#7078,#7080);
#7078 = ( REPRESENTATION_RELATIONSHIP('','',#1345,#485) 
REPRESENTATION_RELATIONSHIP_WITH_TRANSFORMATION(#7079) 
SHAPE_REPRESENTATION_RELATIONSHIP() );
#7079 = ITEM_DEFINED_TRANSFORMATION('','',#11,#510);
#7080 = PRODUCT_DEFINITION_SHAPE('Placement','Placement of an item',
  #7081);
#7081 = NEXT_ASSEMBLY_USAGE_OCCURRENCE('21',
  'C1_C_0603_1608Metric_8df6f8a7cba6','',#480,#1340,$);
#7082 = CONTEXT_DEPENDENT_SHAPE_REPRESENTATION(#7083,#7085);
#7083 = ( REPRESENTATION_RELATIONSHIP('','',#536,#485) 
REPRESENTATION_RELATIONSHIP_WITH_TRANSFORMATION(#7084) 
SHAPE_REPRESENTATION_RELATIONSHIP() );
#7084 = ITEM_DEFINED_TRANSFORMATION('','',#11,#514);
#7085 = PRODUCT_DEFINITION_SHAPE('Placement','Placement of an item',
  #7086);
#7086 = NEXT_ASSEMBLY_USAGE_OCCURRENCE('22',
  'R3_R_0603_1608Metric_8eb9964a4047','',#480,#531,$);
#7087 = MECHANICAL_DESIGN_GEOMETRIC_PRESENTATION_REPRESENTATION('',(
    #7088,#7099,#7108,#7117,#7126,#7135,#7144,#7153,#7162,#7171,#7180,
    #7189,#7199,#7208,#7217,#7226,#7235,#7244,#7253,#7262,#7271,#7280,
    #7289,#7298,#7307,#7316,#7325,#7334,#7343),#2200);
#7088 = STYLED_ITEM('color',(#7089),#1346);
#7089 = PRESENTATION_STYLE_ASSIGNMENT((#7090,#7096));
#7090 = SURFACE_STYLE_USAGE(.BOTH.,#7091);
#7091 = SURFACE_SIDE_STYLE('',(#7092));
#7092 = SURFACE_STYLE_FILL_AREA(#7093);
#7093 = FILL_AREA_STYLE('',(#7094));
#7094 = FILL_AREA_STYLE_COLOUR('',#7095);
#7095 = COLOUR_RGB('',0.823999987314,0.819999987296,0.781000009244);
#7096 = CURVE_STYLE('',#7097,POSITIVE_LENGTH_MEASURE(0.1),#7098);
#7097 = DRAUGHTING_PRE_DEFINED_CURVE_FONT('continuous');
#7098 = COLOUR_RGB('',9.803921802644E-02,9.803921802644E-02,
  9.803921802644E-02);
#7099 = OVER_RIDING_STYLED_ITEM('overriding color',(#7100),#1348,#7088);
#7100 = PRESENTATION_STYLE_ASSIGNMENT((#7101));
#7101 = SURFACE_STYLE_USAGE(.BOTH.,#7102);
#7102 = SURFACE_SIDE_STYLE('',(#7103,#7106));
#7103 = SURFACE_STYLE_FILL_AREA(#7104);
#7104 = FILL_AREA_STYLE('',(#7105));
#7105 = FILL_AREA_STYLE_COLOUR('',#7095);
#7106 = SURFACE_STYLE_RENDERING_WITH_PROPERTIES(.NORMAL_SHADING.,#7095,(
    #7107));
#7107 = SURFACE_STYLE_TRANSPARENT(1.);
#7108 = OVER_RIDING_STYLED_ITEM('overriding color',(#7109),#1424,#7088);
#7109 = PRESENTATION_STYLE_ASSIGNMENT((#7110));
#7110 = SURFACE_STYLE_USAGE(.BOTH.,#7111);
#7111 = SURFACE_SIDE_STYLE('',(#7112,#7115));
#7112 = SURFACE_STYLE_FILL_AREA(#7113);
#7113 = FILL_AREA_STYLE('',(#7114));
#7114 = FILL_AREA_STYLE_COLOUR('',#7095);
#7115 = SURFACE_STYLE_RENDERING_WITH_PROPERTIES(.NORMAL_SHADING.,#7095,(
    #7116));
#7116 = SURFACE_STYLE_TRANSPARENT(1.);
#7117 = OVER_RIDING_STYLED_ITEM('overriding color',(#7118),#1455,#7088);
#7118 = PRESENTATION_STYLE_ASSIGNMENT((#7119));
#7119 = SURFACE_STYLE_USAGE(.BOTH.,#7120);
#7120 = SURFACE_SIDE_STYLE('',(#7121,#7124));
#7121 = SURFACE_STYLE_FILL_AREA(#7122);
#7122 = FILL_AREA_STYLE('',(#7123));
#7123 = FILL_AREA_STYLE_COLOUR('',#7095);
#7124 = SURFACE_STYLE_RENDERING_WITH_PROPERTIES(.NORMAL_SHADING.,#7095,(
    #7125));
#7125 = SURFACE_STYLE_TRANSPARENT(1.);
#7126 = OVER_RIDING_STYLED_ITEM('overriding color',(#7127),#1480,#7088);
#7127 = PRESENTATION_STYLE_ASSIGNMENT((#7128));
#7128 = SURFACE_STYLE_USAGE(.BOTH.,#7129);
#7129 = SURFACE_SIDE_STYLE('',(#7130,#7133));
#7130 = SURFACE_STYLE_FILL_AREA(#7131);
#7131 = FILL_AREA_STYLE('',(#7132));
#7132 = FILL_AREA_STYLE_COLOUR('',#7095);
#7133 = SURFACE_STYLE_RENDERING_WITH_PROPERTIES(.NORMAL_SHADING.,#7095,(
    #7134));
#7134 = SURFACE_STYLE_TRANSPARENT(1.);
#7135 = OVER_RIDING_STYLED_ITEM('overriding color',(#7136),#1505,#7088);
#7136 = PRESENTATION_STYLE_ASSIGNMENT((#7137));
#7137 = SURFACE_STYLE_USAGE(.BOTH.,#7138);
#7138 = SURFACE_SIDE_STYLE('',(#7139,#7142));
#7139 = SURFACE_STYLE_FILL_AREA(#7140);
#7140 = FILL_AREA_STYLE('',(#7141));
#7141 = FILL_AREA_STYLE_COLOUR('',#7095);
#7142 = SURFACE_STYLE_RENDERING_WITH_PROPERTIES(.NORMAL_SHADING.,#7095,(
    #7143));
#7143 = SURFACE_STYLE_TRANSPARENT(1.);
#7144 = OVER_RIDING_STYLED_ITEM('overriding color',(#7145),#1529,#7088);
#7145 = PRESENTATION_STYLE_ASSIGNMENT((#7146));
#7146 = SURFACE_STYLE_USAGE(.BOTH.,#7147);
#7147 = SURFACE_SIDE_STYLE('',(#7148,#7151));
#7148 = SURFACE_STYLE_FILL_AREA(#7149);
#7149 = FILL_AREA_STYLE('',(#7150));
#7150 = FILL_AREA_STYLE_COLOUR('',#7095);
#7151 = SURFACE_STYLE_RENDERING_WITH_PROPERTIES(.NORMAL_SHADING.,#7095,(
    #7152));
#7152 = SURFACE_STYLE_TRANSPARENT(1.);
#7153 = OVER_RIDING_STYLED_ITEM('overriding color',(#7154),#1553,#7088);
#7154 = PRESENTATION_STYLE_ASSIGNMENT((#7155));
#7155 = SURFACE_STYLE_USAGE(.BOTH.,#7156);
#7156 = SURFACE_SIDE_STYLE('',(#7157,#7160));
#7157 = SURFACE_STYLE_FILL_AREA(#7158);
#7158 = FILL_AREA_STYLE('',(#7159));
#7159 = FILL_AREA_STYLE_COLOUR('',#7095);
#7160 = SURFACE_STYLE_RENDERING_WITH_PROPERTIES(.NORMAL_SHADING.,#7095,(
    #7161));
#7161 = SURFACE_STYLE_TRANSPARENT(1.);
#7162 = OVER_RIDING_STYLED_ITEM('overriding color',(#7163),#1578,#7088);
#7163 = PRESENTATION_STYLE_ASSIGNMENT((#7164));
#7164 = SURFACE_STYLE_USAGE(.BOTH.,#7165);
#7165 = SURFACE_SIDE_STYLE('',(#7166,#7169));
#7166 = SURFACE_STYLE_FILL_AREA(#7167);
#7167 = FILL_AREA_STYLE('',(#7168));
#7168 = FILL_AREA_STYLE_COLOUR('',#7095);
#7169 = SURFACE_STYLE_RENDERING_WITH_PROPERTIES(.NORMAL_SHADING.,#7095,(
    #7170));
#7170 = SURFACE_STYLE_TRANSPARENT(1.);
#7171 = OVER_RIDING_STYLED_ITEM('overriding color',(#7172),#1603,#7088);
#7172 = PRESENTATION_STYLE_ASSIGNMENT((#7173));
#7173 = SURFACE_STYLE_USAGE(.BOTH.,#7174);
#7174 = SURFACE_SIDE_STYLE('',(#7175,#7178));
#7175 = SURFACE_STYLE_FILL_AREA(#7176);
#7176 = FILL_AREA_STYLE('',(#7177));
#7177 = FILL_AREA_STYLE_COLOUR('',#7095);
#7178 = SURFACE_STYLE_RENDERING_WITH_PROPERTIES(.NORMAL_SHADING.,#7095,(
    #7179));
#7179 = SURFACE_STYLE_TRANSPARENT(1.);
#7180 = OVER_RIDING_STYLED_ITEM('overriding color',(#7181),#1620,#7088);
#7181 = PRESENTATION_STYLE_ASSIGNMENT((#7182));
#7182 = SURFACE_STYLE_USAGE(.BOTH.,#7183);
#7183 = SURFACE_SIDE_STYLE('',(#7184,#7187));
#7184 = SURFACE_STYLE_FILL_AREA(#7185);
#7185 = FILL_AREA_STYLE('',(#7186));
#7186 = FILL_AREA_STYLE_COLOUR('',#7095);
#7187 = SURFACE_STYLE_RENDERING_WITH_PROPERTIES(.NORMAL_SHADING.,#7095,(
    #7188));
#7188 = SURFACE_STYLE_TRANSPARENT(1.);
#7189 = OVER_RIDING_STYLED_ITEM('overriding color',(#7190),#1706,#7088);
#7190 = PRESENTATION_STYLE_ASSIGNMENT((#7191));
#7191 = SURFACE_STYLE_USAGE(.BOTH.,#7192);
#7192 = SURFACE_SIDE_STYLE('',(#7193,#7197));
#7193 = SURFACE_STYLE_FILL_AREA(#7194);
#7194 = FILL_AREA_STYLE('',(#7195));
#7195 = FILL_AREA_STYLE_COLOUR('',#7196);
#7196 = COLOUR_RGB('',0.379000005575,0.270000008848,0.214999999939);
#7197 = SURFACE_STYLE_RENDERING_WITH_PROPERTIES(.NORMAL_SHADING.,#7196,(
    #7198));
#7198 = SURFACE_STYLE_TRANSPARENT(1.);
#7199 = OVER_RIDING_STYLED_ITEM('overriding color',(#7200),#1738,#7088);
#7200 = PRESENTATION_STYLE_ASSIGNMENT((#7201));
#7201 = SURFACE_STYLE_USAGE(.BOTH.,#7202);
#7202 = SURFACE_SIDE_STYLE('',(#7203,#7206));
#7203 = SURFACE_STYLE_FILL_AREA(#7204);
#7204 = FILL_AREA_STYLE('',(#7205));
#7205 = FILL_AREA_STYLE_COLOUR('',#7196);
#7206 = SURFACE_STYLE_RENDERING_WITH_PROPERTIES(.NORMAL_SHADING.,#7196,(
    #7207));
#7207 = SURFACE_STYLE_TRANSPARENT(1.);
#7208 = OVER_RIDING_STYLED_ITEM('overriding color',(#7209),#1762,#7088);
#7209 = PRESENTATION_STYLE_ASSIGNMENT((#7210));
#7210 = SURFACE_STYLE_USAGE(.BOTH.,#7211);
#7211 = SURFACE_SIDE_STYLE('',(#7212,#7215));
#7212 = SURFACE_STYLE_FILL_AREA(#7213);
#7213 = FILL_AREA_STYLE('',(#7214));
#7214 = FILL_AREA_STYLE_COLOUR('',#7196);
#7215 = SURFACE_STYLE_RENDERING_WITH_PROPERTIES(.NORMAL_SHADING.,#7196,(
    #7216));
#7216 = SURFACE_STYLE_TRANSPARENT(1.);
#7217 = OVER_RIDING_STYLED_ITEM('overriding color',(#7218),#1787,#7088);
#7218 = PRESENTATION_STYLE_ASSIGNMENT((#7219));
#7219 = SURFACE_STYLE_USAGE(.BOTH.,#7220);
#7220 = SURFACE_SIDE_STYLE('',(#7221,#7224));
#7221 = SURFACE_STYLE_FILL_AREA(#7222);
#7222 = FILL_AREA_STYLE('',(#7223));
#7223 = FILL_AREA_STYLE_COLOUR('',#7196);
#7224 = SURFACE_STYLE_RENDERING_WITH_PROPERTIES(.NORMAL_SHADING.,#7196,(
    #7225));
#7225 = SURFACE_STYLE_TRANSPARENT(1.);
#7226 = OVER_RIDING_STYLED_ITEM('overriding color',(#7227),#1811,#7088);
#7227 = PRESENTATION_STYLE_ASSIGNMENT((#7228));
#7228 = SURFACE_STYLE_USAGE(.BOTH.,#7229);
#7229 = SURFACE_SIDE_STYLE('',(#7230,#7233));
#7230 = SURFACE_STYLE_FILL_AREA(#7231);
#7231 = FILL_AREA_STYLE('',(#7232));
#7232 = FILL_AREA_STYLE_COLOUR('',#7196);
#7233 = SURFACE_STYLE_RENDERING_WITH_PROPERTIES(.NORMAL_SHADING.,#7196,(
    #7234));
#7234 = SURFACE_STYLE_TRANSPARENT(1.);
#7235 = OVER_RIDING_STYLED_ITEM('overriding color',(#7236),#1836,#7088);
#7236 = PRESENTATION_STYLE_ASSIGNMENT((#7237));
#7237 = SURFACE_STYLE_USAGE(.BOTH.,#7238);
#7238 = SURFACE_SIDE_STYLE('',(#7239,#7242));
#7239 = SURFACE_STYLE_FILL_AREA(#7240);
#7240 = FILL_AREA_STYLE('',(#7241));
#7241 = FILL_AREA_STYLE_COLOUR('',#7196);
#7242 = SURFACE_STYLE_RENDERING_WITH_PROPERTIES(.NORMAL_SHADING.,#7196,(
    #7243));
#7243 = SURFACE_STYLE_TRANSPARENT(1.);
#7244 = OVER_RIDING_STYLED_ITEM('overriding color',(#7245),#1860,#7088);
#7245 = PRESENTATION_STYLE_ASSIGNMENT((#7246));
#7246 = SURFACE_STYLE_USAGE(.BOTH.,#7247);
#7247 = SURFACE_SIDE_STYLE('',(#7248,#7251));
#7248 = SURFACE_STYLE_FILL_AREA(#7249);
#7249 = FILL_AREA_STYLE('',(#7250));
#7250 = FILL_AREA_STYLE_COLOUR('',#7196);
#7251 = SURFACE_STYLE_RENDERING_WITH_PROPERTIES(.NORMAL_SHADING.,#7196,(
    #7252));
#7252 = SURFACE_STYLE_TRANSPARENT(1.);
#7253 = OVER_RIDING_STYLED_ITEM('overriding color',(#7254),#1885,#7088);
#7254 = PRESENTATION_STYLE_ASSIGNMENT((#7255));
#7255 = SURFACE_STYLE_USAGE(.BOTH.,#7256);
#7256 = SURFACE_SIDE_STYLE('',(#7257,#7260));
#7257 = SURFACE_STYLE_FILL_AREA(#7258);
#7258 = FILL_AREA_STYLE('',(#7259));
#7259 = FILL_AREA_STYLE_COLOUR('',#7196);
#7260 = SURFACE_STYLE_RENDERING_WITH_PROPERTIES(.NORMAL_SHADING.,#7196,(
    #7261));
#7261 = SURFACE_STYLE_TRANSPARENT(1.);
#7262 = OVER_RIDING_STYLED_ITEM('overriding color',(#7263),#1902,#7088);
#7263 = PRESENTATION_STYLE_ASSIGNMENT((#7264));
#7264 = SURFACE_STYLE_USAGE(.BOTH.,#7265);
#7265 = SURFACE_SIDE_STYLE('',(#7266,#7269));
#7266 = SURFACE_STYLE_FILL_AREA(#7267);
#7267 = FILL_AREA_STYLE('',(#7268));
#7268 = FILL_AREA_STYLE_COLOUR('',#7095);
#7269 = SURFACE_STYLE_RENDERING_WITH_PROPERTIES(.NORMAL_SHADING.,#7095,(
    #7270));
#7270 = SURFACE_STYLE_TRANSPARENT(1.);
#7271 = OVER_RIDING_STYLED_ITEM('overriding color',(#7272),#1988,#7088);
#7272 = PRESENTATION_STYLE_ASSIGNMENT((#7273));
#7273 = SURFACE_STYLE_USAGE(.BOTH.,#7274);
#7274 = SURFACE_SIDE_STYLE('',(#7275,#7278));
#7275 = SURFACE_STYLE_FILL_AREA(#7276);
#7276 = FILL_AREA_STYLE('',(#7277));
#7277 = FILL_AREA_STYLE_COLOUR('',#7095);
#7278 = SURFACE_STYLE_RENDERING_WITH_PROPERTIES(.NORMAL_SHADING.,#7095,(
    #7279));
#7279 = SURFACE_STYLE_TRANSPARENT(1.);
#7280 = OVER_RIDING_STYLED_ITEM('overriding color',(#7281),#2019,#7088);
#7281 = PRESENTATION_STYLE_ASSIGNMENT((#7282));
#7282 = SURFACE_STYLE_USAGE(.BOTH.,#7283);
#7283 = SURFACE_SIDE_STYLE('',(#7284,#7287));
#7284 = SURFACE_STYLE_FILL_AREA(#7285);
#7285 = FILL_AREA_STYLE('',(#7286));
#7286 = FILL_AREA_STYLE_COLOUR('',#7095);
#7287 = SURFACE_STYLE_RENDERING_WITH_PROPERTIES(.NORMAL_SHADING.,#7095,(
    #7288));
#7288 = SURFACE_STYLE_TRANSPARENT(1.);
#7289 = OVER_RIDING_STYLED_ITEM('overriding color',(#7290),#2044,#7088);
#7290 = PRESENTATION_STYLE_ASSIGNMENT((#7291));
#7291 = SURFACE_STYLE_USAGE(.BOTH.,#7292);
#7292 = SURFACE_SIDE_STYLE('',(#7293,#7296));
#7293 = SURFACE_STYLE_FILL_AREA(#7294);
#7294 = FILL_AREA_STYLE('',(#7295));
#7295 = FILL_AREA_STYLE_COLOUR('',#7095);
#7296 = SURFACE_STYLE_RENDERING_WITH_PROPERTIES(.NORMAL_SHADING.,#7095,(
    #7297));
#7297 = SURFACE_STYLE_TRANSPARENT(1.);
#7298 = OVER_RIDING_STYLED_ITEM('overriding color',(#7299),#2069,#7088);
#7299 = PRESENTATION_STYLE_ASSIGNMENT((#7300));
#7300 = SURFACE_STYLE_USAGE(.BOTH.,#7301);
#7301 = SURFACE_SIDE_STYLE('',(#7302,#7305));
#7302 = SURFACE_STYLE_FILL_AREA(#7303);
#7303 = FILL_AREA_STYLE('',(#7304));
#7304 = FILL_AREA_STYLE_COLOUR('',#7095);
#7305 = SURFACE_STYLE_RENDERING_WITH_PROPERTIES(.NORMAL_SHADING.,#7095,(
    #7306));
#7306 = SURFACE_STYLE_TRANSPARENT(1.);
#7307 = OVER_RIDING_STYLED_ITEM('overriding color',(#7308),#2093,#7088);
#7308 = PRESENTATION_STYLE_ASSIGNMENT((#7309));
#7309 = SURFACE_STYLE_USAGE(.BOTH.,#7310);
#7310 = SURFACE_SIDE_STYLE('',(#7311,#7314));
#7311 = SURFACE_STYLE_FILL_AREA(#7312);
#7312 = FILL_AREA_STYLE('',(#7313));
#7313 = FILL_AREA_STYLE_COLOUR('',#7095);
#7314 = SURFACE_STYLE_RENDERING_WITH_PROPERTIES(.NORMAL_SHADING.,#7095,(
    #7315));
#7315 = SURFACE_STYLE_TRANSPARENT(1.);
#7316 = OVER_RIDING_STYLED_ITEM('overriding color',(#7317),#2117,#7088);
#7317 = PRESENTATION_STYLE_ASSIGNMENT((#7318));
#7318 = SURFACE_STYLE_USAGE(.BOTH.,#7319);
#7319 = SURFACE_SIDE_STYLE('',(#7320,#7323));
#7320 = SURFACE_STYLE_FILL_AREA(#7321);
#7321 = FILL_AREA_STYLE('',(#7322));
#7322 = FILL_AREA_STYLE_COLOUR('',#7095);
#7323 = SURFACE_STYLE_RENDERING_WITH_PROPERTIES(.NORMAL_SHADING.,#7095,(
    #7324));
#7324 = SURFACE_STYLE_TRANSPARENT(1.);
#7325 = OVER_RIDING_STYLED_ITEM('overriding color',(#7326),#2142,#7088);
#7326 = PRESENTATION_STYLE_ASSIGNMENT((#7327));
#7327 = SURFACE_STYLE_USAGE(.BOTH.,#7328);
#7328 = SURFACE_SIDE_STYLE('',(#7329,#7332));
#7329 = SURFACE_STYLE_FILL_AREA(#7330);
#7330 = FILL_AREA_STYLE('',(#7331));
#7331 = FILL_AREA_STYLE_COLOUR('',#7095);
#7332 = SURFACE_STYLE_RENDERING_WITH_PROPERTIES(.NORMAL_SHADING.,#7095,(
    #7333));
#7333 = SURFACE_STYLE_TRANSPARENT(1.);
#7334 = OVER_RIDING_STYLED_ITEM('overriding color',(#7335),#2167,#7088);
#7335 = PRESENTATION_STYLE_ASSIGNMENT((#7336));
#7336 = SURFACE_STYLE_USAGE(.BOTH.,#7337);
#7337 = SURFACE_SIDE_STYLE('',(#7338,#7341));
#7338 = SURFACE_STYLE_FILL_AREA(#7339);
#7339 = FILL_AREA_STYLE('',(#7340));
#7340 = FILL_AREA_STYLE_COLOUR('',#7095);
#7341 = SURFACE_STYLE_RENDERING_WITH_PROPERTIES(.NORMAL_SHADING.,#7095,(
    #7342));
#7342 = SURFACE_STYLE_TRANSPARENT(1.);
#7343 = OVER_RIDING_STYLED_ITEM('overriding color',(#7344),#2184,#7088);
#7344 = PRESENTATION_STYLE_ASSIGNMENT((#7345));
#7345 = SURFACE_STYLE_USAGE(.BOTH.,#7346);
#7346 = SURFACE_SIDE_STYLE('',(#7347,#7350));
#7347 = SURFACE_STYLE_FILL_AREA(#7348);
#7348 = FILL_AREA_STYLE('',(#7349));
#7349 = FILL_AREA_STYLE_COLOUR('',#7095);
#7350 = SURFACE_STYLE_RENDERING_WITH_PROPERTIES(.NORMAL_SHADING.,#7095,(
    #7351));
#7351 = SURFACE_STYLE_TRANSPARENT(1.);
#7352 = MECHANICAL_DESIGN_GEOMETRIC_PRESENTATION_REPRESENTATION('',(
    #7353),#444);
#7353 = STYLED_ITEM('color',(#7354),#60);
#7354 = PRESENTATION_STYLE_ASSIGNMENT((#7355,#7361));
#7355 = SURFACE_STYLE_USAGE(.BOTH.,#7356);
#7356 = SURFACE_SIDE_STYLE('',(#7357));
#7357 = SURFACE_STYLE_FILL_AREA(#7358);
#7358 = FILL_AREA_STYLE('',(#7359));
#7359 = FILL_AREA_STYLE_COLOUR('',#7360);
#7360 = COLOUR_RGB('',0.199999998682,0.600000020288,0.399999997426);
#7361 = CURVE_STYLE('',#7362,POSITIVE_LENGTH_MEASURE(0.1),#7098);
#7362 = DRAUGHTING_PRE_DEFINED_CURVE_FONT('continuous');
#7363 = MECHANICAL_DESIGN_GEOMETRIC_PRESENTATION_REPRESENTATION('',(
    #7364,#7374,#7383,#7392,#7401,#7410,#7419,#7428,#7437,#7446,#7455,
    #7464,#7473,#7482,#7491,#7500,#7509,#7518,#7528,#7537,#7546,#7555,
    #7564,#7573,#7582,#7591,#7600,#7609,#7618,#7627,#7636,#7645,#7654,
    #7663,#7672,#7681,#7690,#7699,#7708,#7717,#7726,#7735,#7744,#7753,
    #7762,#7771,#7780,#7789,#7798,#7807,#7816,#7825,#7834),#7066);
#7364 = STYLED_ITEM('color',(#7365),#5634);
#7365 = PRESENTATION_STYLE_ASSIGNMENT((#7366,#7372));
#7366 = SURFACE_STYLE_USAGE(.BOTH.,#7367);
#7367 = SURFACE_SIDE_STYLE('',(#7368));
#7368 = SURFACE_STYLE_FILL_AREA(#7369);
#7369 = FILL_AREA_STYLE('',(#7370));
#7370 = FILL_AREA_STYLE_COLOUR('',#7371);
#7371 = COLOUR_RGB('',0.147999998088,0.144999993226,0.144999993226);
#7372 = CURVE_STYLE('',#7373,POSITIVE_LENGTH_MEASURE(0.1),#7098);
#7373 = DRAUGHTING_PRE_DEFINED_CURVE_FONT('continuous');
#7374 = OVER_RIDING_STYLED_ITEM('overriding color',(#7375),#5636,#7364);
#7375 = PRESENTATION_STYLE_ASSIGNMENT((#7376));
#7376 = SURFACE_STYLE_USAGE(.BOTH.,#7377);
#7377 = SURFACE_SIDE_STYLE('',(#7378,#7381));
#7378 = SURFACE_STYLE_FILL_AREA(#7379);
#7379 = FILL_AREA_STYLE('',(#7380));
#7380 = FILL_AREA_STYLE_COLOUR('',#7371);
#7381 = SURFACE_STYLE_RENDERING_WITH_PROPERTIES(.NORMAL_SHADING.,#7371,(
    #7382));
#7382 = SURFACE_STYLE_TRANSPARENT(1.);
#7383 = OVER_RIDING_STYLED_ITEM('overriding color',(#7384),#5676,#7364);
#7384 = PRESENTATION_STYLE_ASSIGNMENT((#7385));
#7385 = SURFACE_STYLE_USAGE(.BOTH.,#7386);
#7386 = SURFACE_SIDE_STYLE('',(#7387,#7390));
#7387 = SURFACE_STYLE_FILL_AREA(#7388);
#7388 = FILL_AREA_STYLE('',(#7389));
#7389 = FILL_AREA_STYLE_COLOUR('',#7371);
#7390 = SURFACE_STYLE_RENDERING_WITH_PROPERTIES(.NORMAL_SHADING.,#7371,(
    #7391));
#7391 = SURFACE_STYLE_TRANSPARENT(1.);
#7392 = OVER_RIDING_STYLED_ITEM('overriding color',(#7393),#5707,#7364);
#7393 = PRESENTATION_STYLE_ASSIGNMENT((#7394));
#7394 = SURFACE_STYLE_USAGE(.BOTH.,#7395);
#7395 = SURFACE_SIDE_STYLE('',(#7396,#7399));
#7396 = SURFACE_STYLE_FILL_AREA(#7397);
#7397 = FILL_AREA_STYLE('',(#7398));
#7398 = FILL_AREA_STYLE_COLOUR('',#7371);
#7399 = SURFACE_STYLE_RENDERING_WITH_PROPERTIES(.NORMAL_SHADING.,#7371,(
    #7400));
#7400 = SURFACE_STYLE_TRANSPARENT(1.);
#7401 = OVER_RIDING_STYLED_ITEM('overriding color',(#7402),#5738,#7364);
#7402 = PRESENTATION_STYLE_ASSIGNMENT((#7403));
#7403 = SURFACE_STYLE_USAGE(.BOTH.,#7404);
#7404 = SURFACE_SIDE_STYLE('',(#7405,#7408));
#7405 = SURFACE_STYLE_FILL_AREA(#7406);
#7406 = FILL_AREA_STYLE('',(#7407));
#7407 = FILL_AREA_STYLE_COLOUR('',#7371);
#7408 = SURFACE_STYLE_RENDERING_WITH_PROPERTIES(.NORMAL_SHADING.,#7371,(
    #7409));
#7409 = SURFACE_STYLE_TRANSPARENT(1.);
#7410 = OVER_RIDING_STYLED_ITEM('overriding color',(#7411),#5903,#7364);
#7411 = PRESENTATION_STYLE_ASSIGNMENT((#7412));
#7412 = SURFACE_STYLE_USAGE(.BOTH.,#7413);
#7413 = SURFACE_SIDE_STYLE('',(#7414,#7417));
#7414 = SURFACE_STYLE_FILL_AREA(#7415);
#7415 = FILL_AREA_STYLE('',(#7416));
#7416 = FILL_AREA_STYLE_COLOUR('',#7371);
#7417 = SURFACE_STYLE_RENDERING_WITH_PROPERTIES(.NORMAL_SHADING.,#7371,(
    #7418));
#7418 = SURFACE_STYLE_TRANSPARENT(1.);
#7419 = OVER_RIDING_STYLED_ITEM('overriding color',(#7420),#6068,#7364);
#7420 = PRESENTATION_STYLE_ASSIGNMENT((#7421));
#7421 = SURFACE_STYLE_USAGE(.BOTH.,#7422);
#7422 = SURFACE_SIDE_STYLE('',(#7423,#7426));
#7423 = SURFACE_STYLE_FILL_AREA(#7424);
#7424 = FILL_AREA_STYLE('',(#7425));
#7425 = FILL_AREA_STYLE_COLOUR('',#7371);
#7426 = SURFACE_STYLE_RENDERING_WITH_PROPERTIES(.NORMAL_SHADING.,#7371,(
    #7427));
#7427 = SURFACE_STYLE_TRANSPARENT(1.);
#7428 = OVER_RIDING_STYLED_ITEM('overriding color',(#7429),#6085,#7364);
#7429 = PRESENTATION_STYLE_ASSIGNMENT((#7430));
#7430 = SURFACE_STYLE_USAGE(.BOTH.,#7431);
#7431 = SURFACE_SIDE_STYLE('',(#7432,#7435));
#7432 = SURFACE_STYLE_FILL_AREA(#7433);
#7433 = FILL_AREA_STYLE('',(#7434));
#7434 = FILL_AREA_STYLE_COLOUR('',#7371);
#7435 = SURFACE_STYLE_RENDERING_WITH_PROPERTIES(.NORMAL_SHADING.,#7371,(
    #7436));
#7436 = SURFACE_STYLE_TRANSPARENT(1.);
#7437 = OVER_RIDING_STYLED_ITEM('overriding color',(#7438),#6102,#7364);
#7438 = PRESENTATION_STYLE_ASSIGNMENT((#7439));
#7439 = SURFACE_STYLE_USAGE(.BOTH.,#7440);
#7440 = SURFACE_SIDE_STYLE('',(#7441,#7444));
#7441 = SURFACE_STYLE_FILL_AREA(#7442);
#7442 = FILL_AREA_STYLE('',(#7443));
#7443 = FILL_AREA_STYLE_COLOUR('',#7371);
#7444 = SURFACE_STYLE_RENDERING_WITH_PROPERTIES(.NORMAL_SHADING.,#7371,(
    #7445));
#7445 = SURFACE_STYLE_TRANSPARENT(1.);
#7446 = OVER_RIDING_STYLED_ITEM('overriding color',(#7447),#6119,#7364);
#7447 = PRESENTATION_STYLE_ASSIGNMENT((#7448));
#7448 = SURFACE_STYLE_USAGE(.BOTH.,#7449);
#7449 = SURFACE_SIDE_STYLE('',(#7450,#7453));
#7450 = SURFACE_STYLE_FILL_AREA(#7451);
#7451 = FILL_AREA_STYLE('',(#7452));
#7452 = FILL_AREA_STYLE_COLOUR('',#7371);
#7453 = SURFACE_STYLE_RENDERING_WITH_PROPERTIES(.NORMAL_SHADING.,#7371,(
    #7454));
#7454 = SURFACE_STYLE_TRANSPARENT(1.);
#7455 = OVER_RIDING_STYLED_ITEM('overriding color',(#7456),#6136,#7364);
#7456 = PRESENTATION_STYLE_ASSIGNMENT((#7457));
#7457 = SURFACE_STYLE_USAGE(.BOTH.,#7458);
#7458 = SURFACE_SIDE_STYLE('',(#7459,#7462));
#7459 = SURFACE_STYLE_FILL_AREA(#7460);
#7460 = FILL_AREA_STYLE('',(#7461));
#7461 = FILL_AREA_STYLE_COLOUR('',#7371);
#7462 = SURFACE_STYLE_RENDERING_WITH_PROPERTIES(.NORMAL_SHADING.,#7371,(
    #7463));
#7463 = SURFACE_STYLE_TRANSPARENT(1.);
#7464 = OVER_RIDING_STYLED_ITEM('overriding color',(#7465),#6153,#7364);
#7465 = PRESENTATION_STYLE_ASSIGNMENT((#7466));
#7466 = SURFACE_STYLE_USAGE(.BOTH.,#7467);
#7467 = SURFACE_SIDE_STYLE('',(#7468,#7471));
#7468 = SURFACE_STYLE_FILL_AREA(#7469);
#7469 = FILL_AREA_STYLE('',(#7470));
#7470 = FILL_AREA_STYLE_COLOUR('',#7371);
#7471 = SURFACE_STYLE_RENDERING_WITH_PROPERTIES(.NORMAL_SHADING.,#7371,(
    #7472));
#7472 = SURFACE_STYLE_TRANSPARENT(1.);
#7473 = OVER_RIDING_STYLED_ITEM('overriding color',(#7474),#6170,#7364);
#7474 = PRESENTATION_STYLE_ASSIGNMENT((#7475));
#7475 = SURFACE_STYLE_USAGE(.BOTH.,#7476);
#7476 = SURFACE_SIDE_STYLE('',(#7477,#7480));
#7477 = SURFACE_STYLE_FILL_AREA(#7478);
#7478 = FILL_AREA_STYLE('',(#7479));
#7479 = FILL_AREA_STYLE_COLOUR('',#7371);
#7480 = SURFACE_STYLE_RENDERING_WITH_PROPERTIES(.NORMAL_SHADING.,#7371,(
    #7481));
#7481 = SURFACE_STYLE_TRANSPARENT(1.);
#7482 = OVER_RIDING_STYLED_ITEM('overriding color',(#7483),#6187,#7364);
#7483 = PRESENTATION_STYLE_ASSIGNMENT((#7484));
#7484 = SURFACE_STYLE_USAGE(.BOTH.,#7485);
#7485 = SURFACE_SIDE_STYLE('',(#7486,#7489));
#7486 = SURFACE_STYLE_FILL_AREA(#7487);
#7487 = FILL_AREA_STYLE('',(#7488));
#7488 = FILL_AREA_STYLE_COLOUR('',#7371);
#7489 = SURFACE_STYLE_RENDERING_WITH_PROPERTIES(.NORMAL_SHADING.,#7371,(
    #7490));
#7490 = SURFACE_STYLE_TRANSPARENT(1.);
#7491 = OVER_RIDING_STYLED_ITEM('overriding color',(#7492),#6204,#7364);
#7492 = PRESENTATION_STYLE_ASSIGNMENT((#7493));
#7493 = SURFACE_STYLE_USAGE(.BOTH.,#7494);
#7494 = SURFACE_SIDE_STYLE('',(#7495,#7498));
#7495 = SURFACE_STYLE_FILL_AREA(#7496);
#7496 = FILL_AREA_STYLE('',(#7497));
#7497 = FILL_AREA_STYLE_COLOUR('',#7371);
#7498 = SURFACE_STYLE_RENDERING_WITH_PROPERTIES(.NORMAL_SHADING.,#7371,(
    #7499));
#7499 = SURFACE_STYLE_TRANSPARENT(1.);
#7500 = OVER_RIDING_STYLED_ITEM('overriding color',(#7501),#6221,#7364);
#7501 = PRESENTATION_STYLE_ASSIGNMENT((#7502));
#7502 = SURFACE_STYLE_USAGE(.BOTH.,#7503);
#7503 = SURFACE_SIDE_STYLE('',(#7504,#7507));
#7504 = SURFACE_STYLE_FILL_AREA(#7505);
#7505 = FILL_AREA_STYLE('',(#7506));
#7506 = FILL_AREA_STYLE_COLOUR('',#7371);
#7507 = SURFACE_STYLE_RENDERING_WITH_PROPERTIES(.NORMAL_SHADING.,#7371,(
    #7508));
#7508 = SURFACE_STYLE_TRANSPARENT(1.);
#7509 = OVER_RIDING_STYLED_ITEM('overriding color',(#7510),#6238,#7364);
#7510 = PRESENTATION_STYLE_ASSIGNMENT((#7511));
#7511 = SURFACE_STYLE_USAGE(.BOTH.,#7512);
#7512 = SURFACE_SIDE_STYLE('',(#7513,#7516));
#7513 = SURFACE_STYLE_FILL_AREA(#7514);
#7514 = FILL_AREA_STYLE('',(#7515));
#7515 = FILL_AREA_STYLE_COLOUR('',#7371);
#7516 = SURFACE_STYLE_RENDERING_WITH_PROPERTIES(.NORMAL_SHADING.,#7371,(
    #7517));
#7517 = SURFACE_STYLE_TRANSPARENT(1.);
#7518 = OVER_RIDING_STYLED_ITEM('overriding color',(#7519),#6250,#7364);
#7519 = PRESENTATION_STYLE_ASSIGNMENT((#7520));
#7520 = SURFACE_STYLE_USAGE(.BOTH.,#7521);
#7521 = SURFACE_SIDE_STYLE('',(#7522,#7526));
#7522 = SURFACE_STYLE_FILL_AREA(#7523);
#7523 = FILL_AREA_STYLE('',(#7524));
#7524 = FILL_AREA_STYLE_COLOUR('',#7525);
#7525 = COLOUR_RGB('',0.858999956717,0.737999965183,0.495999988746);
#7526 = SURFACE_STYLE_RENDERING_WITH_PROPERTIES(.NORMAL_SHADING.,#7525,(
    #7527));
#7527 = SURFACE_STYLE_TRANSPARENT(1.);
#7528 = OVER_RIDING_STYLED_ITEM('overriding color',(#7529),#6281,#7364);
#7529 = PRESENTATION_STYLE_ASSIGNMENT((#7530));
#7530 = SURFACE_STYLE_USAGE(.BOTH.,#7531);
#7531 = SURFACE_SIDE_STYLE('',(#7532,#7535));
#7532 = SURFACE_STYLE_FILL_AREA(#7533);
#7533 = FILL_AREA_STYLE('',(#7534));
#7534 = FILL_AREA_STYLE_COLOUR('',#7525);
#7535 = SURFACE_STYLE_RENDERING_WITH_PROPERTIES(.NORMAL_SHADING.,#7525,(
    #7536));
#7536 = SURFACE_STYLE_TRANSPARENT(1.);
#7537 = OVER_RIDING_STYLED_ITEM('overriding color',(#7538),#6305,#7364);
#7538 = PRESENTATION_STYLE_ASSIGNMENT((#7539));
#7539 = SURFACE_STYLE_USAGE(.BOTH.,#7540);
#7540 = SURFACE_SIDE_STYLE('',(#7541,#7544));
#7541 = SURFACE_STYLE_FILL_AREA(#7542);
#7542 = FILL_AREA_STYLE('',(#7543));
#7543 = FILL_AREA_STYLE_COLOUR('',#7525);
#7544 = SURFACE_STYLE_RENDERING_WITH_PROPERTIES(.NORMAL_SHADING.,#7525,(
    #7545));
#7545 = SURFACE_STYLE_TRANSPARENT(1.);
#7546 = OVER_RIDING_STYLED_ITEM('overriding color',(#7547),#6329,#7364);
#7547 = PRESENTATION_STYLE_ASSIGNMENT((#7548));
#7548 = SURFACE_STYLE_USAGE(.BOTH.,#7549);
#7549 = SURFACE_SIDE_STYLE('',(#7550,#7553));
#7550 = SURFACE_STYLE_FILL_AREA(#7551);
#7551 = FILL_AREA_STYLE('',(#7552));
#7552 = FILL_AREA_STYLE_COLOUR('',#7525);
#7553 = SURFACE_STYLE_RENDERING_WITH_PROPERTIES(.NORMAL_SHADING.,#7525,(
    #7554));
#7554 = SURFACE_STYLE_TRANSPARENT(1.);
#7555 = OVER_RIDING_STYLED_ITEM('overriding color',(#7556),#6346,#7364);
#7556 = PRESENTATION_STYLE_ASSIGNMENT((#7557));
#7557 = SURFACE_STYLE_USAGE(.BOTH.,#7558);
#7558 = SURFACE_SIDE_STYLE('',(#7559,#7562));
#7559 = SURFACE_STYLE_FILL_AREA(#7560);
#7560 = FILL_AREA_STYLE('',(#7561));
#7561 = FILL_AREA_STYLE_COLOUR('',#7525);
#7562 = SURFACE_STYLE_RENDERING_WITH_PROPERTIES(.NORMAL_SHADING.,#7525,(
    #7563));
#7563 = SURFACE_STYLE_TRANSPARENT(1.);
#7564 = OVER_RIDING_STYLED_ITEM('overriding color',(#7565),#6377,#7364);
#7565 = PRESENTATION_STYLE_ASSIGNMENT((#7566));
#7566 = SURFACE_STYLE_USAGE(.BOTH.,#7567);
#7567 = SURFACE_SIDE_STYLE('',(#7568,#7571));
#7568 = SURFACE_STYLE_FILL_AREA(#7569);
#7569 = FILL_AREA_STYLE('',(#7570));
#7570 = FILL_AREA_STYLE_COLOUR('',#7525);
#7571 = SURFACE_STYLE_RENDERING_WITH_PROPERTIES(.NORMAL_SHADING.,#7525,(
    #7572));
#7572 = SURFACE_STYLE_TRANSPARENT(1.);
#7573 = OVER_RIDING_STYLED_ITEM('overriding color',(#7574),#6401,#7364);
#7574 = PRESENTATION_STYLE_ASSIGNMENT((#7575));
#7575 = SURFACE_STYLE_USAGE(.BOTH.,#7576);
#7576 = SURFACE_SIDE_STYLE('',(#7577,#7580));
#7577 = SURFACE_STYLE_FILL_AREA(#7578);
#7578 = FILL_AREA_STYLE('',(#7579));
#7579 = FILL_AREA_STYLE_COLOUR('',#7525);
#7580 = SURFACE_STYLE_RENDERING_WITH_PROPERTIES(.NORMAL_SHADING.,#7525,(
    #7581));
#7581 = SURFACE_STYLE_TRANSPARENT(1.);
#7582 = OVER_RIDING_STYLED_ITEM('overriding color',(#7583),#6425,#7364);
#7583 = PRESENTATION_STYLE_ASSIGNMENT((#7584));
#7584 = SURFACE_STYLE_USAGE(.BOTH.,#7585);
#7585 = SURFACE_SIDE_STYLE('',(#7586,#7589));
#7586 = SURFACE_STYLE_FILL_AREA(#7587);
#7587 = FILL_AREA_STYLE('',(#7588));
#7588 = FILL_AREA_STYLE_COLOUR('',#7525);
#7589 = SURFACE_STYLE_RENDERING_WITH_PROPERTIES(.NORMAL_SHADING.,#7525,(
    #7590));
#7590 = SURFACE_STYLE_TRANSPARENT(1.);
#7591 = OVER_RIDING_STYLED_ITEM('overriding color',(#7592),#6442,#7364);
#7592 = PRESENTATION_STYLE_ASSIGNMENT((#7593));
#7593 = SURFACE_STYLE_USAGE(.BOTH.,#7594);
#7594 = SURFACE_SIDE_STYLE('',(#7595,#7598));
#7595 = SURFACE_STYLE_FILL_AREA(#7596);
#7596 = FILL_AREA_STYLE('',(#7597));
#7597 = FILL_AREA_STYLE_COLOUR('',#7525);
#7598 = SURFACE_STYLE_RENDERING_WITH_PROPERTIES(.NORMAL_SHADING.,#7525,(
    #7599));
#7599 = SURFACE_STYLE_TRANSPARENT(1.);
#7600 = OVER_RIDING_STYLED_ITEM('overriding color',(#7601),#6473,#7364);
#7601 = PRESENTATION_STYLE_ASSIGNMENT((#7602));
#7602 = SURFACE_STYLE_USAGE(.BOTH.,#7603);
#7603 = SURFACE_SIDE_STYLE('',(#7604,#7607));
#7604 = SURFACE_STYLE_FILL_AREA(#7605);
#7605 = FILL_AREA_STYLE('',(#7606));
#7606 = FILL_AREA_STYLE_COLOUR('',#7525);
#7607 = SURFACE_STYLE_RENDERING_WITH_PROPERTIES(.NORMAL_SHADING.,#7525,(
    #7608));
#7608 = SURFACE_STYLE_TRANSPARENT(1.);
#7609 = OVER_RIDING_STYLED_ITEM('overriding color',(#7610),#6497,#7364);
#7610 = PRESENTATION_STYLE_ASSIGNMENT((#7611));
#7611 = SURFACE_STYLE_USAGE(.BOTH.,#7612);
#7612 = SURFACE_SIDE_STYLE('',(#7613,#7616));
#7613 = SURFACE_STYLE_FILL_AREA(#7614);
#7614 = FILL_AREA_STYLE('',(#7615));
#7615 = FILL_AREA_STYLE_COLOUR('',#7525);
#7616 = SURFACE_STYLE_RENDERING_WITH_PROPERTIES(.NORMAL_SHADING.,#7525,(
    #7617));
#7617 = SURFACE_STYLE_TRANSPARENT(1.);
#7618 = OVER_RIDING_STYLED_ITEM('overriding color',(#7619),#6521,#7364);
#7619 = PRESENTATION_STYLE_ASSIGNMENT((#7620));
#7620 = SURFACE_STYLE_USAGE(.BOTH.,#7621);
#7621 = SURFACE_SIDE_STYLE('',(#7622,#7625));
#7622 = SURFACE_STYLE_FILL_AREA(#7623);
#7623 = FILL_AREA_STYLE('',(#7624));
#7624 = FILL_AREA_STYLE_COLOUR('',#7525);
#7625 = SURFACE_STYLE_RENDERING_WITH_PROPERTIES(.NORMAL_SHADING.,#7525,(
    #7626));
#7626 = SURFACE_STYLE_TRANSPARENT(1.);
#7627 = OVER_RIDING_STYLED_ITEM('overriding color',(#7628),#6538,#7364);
#7628 = PRESENTATION_STYLE_ASSIGNMENT((#7629));
#7629 = SURFACE_STYLE_USAGE(.BOTH.,#7630);
#7630 = SURFACE_SIDE_STYLE('',(#7631,#7634));
#7631 = SURFACE_STYLE_FILL_AREA(#7632);
#7632 = FILL_AREA_STYLE('',(#7633));
#7633 = FILL_AREA_STYLE_COLOUR('',#7525);
#7634 = SURFACE_STYLE_RENDERING_WITH_PROPERTIES(.NORMAL_SHADING.,#7525,(
    #7635));
#7635 = SURFACE_STYLE_TRANSPARENT(1.);
#7636 = OVER_RIDING_STYLED_ITEM('overriding color',(#7637),#6569,#7364);
#7637 = PRESENTATION_STYLE_ASSIGNMENT((#7638));
#7638 = SURFACE_STYLE_USAGE(.BOTH.,#7639);
#7639 = SURFACE_SIDE_STYLE('',(#7640,#7643));
#7640 = SURFACE_STYLE_FILL_AREA(#7641);
#7641 = FILL_AREA_STYLE('',(#7642));
#7642 = FILL_AREA_STYLE_COLOUR('',#7525);
#7643 = SURFACE_STYLE_RENDERING_WITH_PROPERTIES(.NORMAL_SHADING.,#7525,(
    #7644));
#7644 = SURFACE_STYLE_TRANSPARENT(1.);
#7645 = OVER_RIDING_STYLED_ITEM('overriding color',(#7646),#6593,#7364);
#7646 = PRESENTATION_STYLE_ASSIGNMENT((#7647));
#7647 = SURFACE_STYLE_USAGE(.BOTH.,#7648);
#7648 = SURFACE_SIDE_STYLE('',(#7649,#7652));
#7649 = SURFACE_STYLE_FILL_AREA(#7650);
#7650 = FILL_AREA_STYLE('',(#7651));
#7651 = FILL_AREA_STYLE_COLOUR('',#7525);
#7652 = SURFACE_STYLE_RENDERING_WITH_PROPERTIES(.NORMAL_SHADING.,#7525,(
    #7653));
#7653 = SURFACE_STYLE_TRANSPARENT(1.);
#7654 = OVER_RIDING_STYLED_ITEM('overriding color',(#7655),#6617,#7364);
#7655 = PRESENTATION_STYLE_ASSIGNMENT((#7656));
#7656 = SURFACE_STYLE_USAGE(.BOTH.,#7657);
#7657 = SURFACE_SIDE_STYLE('',(#7658,#7661));
#7658 = SURFACE_STYLE_FILL_AREA(#7659);
#7659 = FILL_AREA_STYLE('',(#7660));
#7660 = FILL_AREA_STYLE_COLOUR('',#7525);
#7661 = SURFACE_STYLE_RENDERING_WITH_PROPERTIES(.NORMAL_SHADING.,#7525,(
    #7662));
#7662 = SURFACE_STYLE_TRANSPARENT(1.);
#7663 = OVER_RIDING_STYLED_ITEM('overriding color',(#7664),#6634,#7364);
#7664 = PRESENTATION_STYLE_ASSIGNMENT((#7665));
#7665 = SURFACE_STYLE_USAGE(.BOTH.,#7666);
#7666 = SURFACE_SIDE_STYLE('',(#7667,#7670));
#7667 = SURFACE_STYLE_FILL_AREA(#7668);
#7668 = FILL_AREA_STYLE('',(#7669));
#7669 = FILL_AREA_STYLE_COLOUR('',#7525);
#7670 = SURFACE_STYLE_RENDERING_WITH_PROPERTIES(.NORMAL_SHADING.,#7525,(
    #7671));
#7671 = SURFACE_STYLE_TRANSPARENT(1.);
#7672 = OVER_RIDING_STYLED_ITEM('overriding color',(#7673),#6665,#7364);
#7673 = PRESENTATION_STYLE_ASSIGNMENT((#7674));
#7674 = SURFACE_STYLE_USAGE(.BOTH.,#7675);
#7675 = SURFACE_SIDE_STYLE('',(#7676,#7679));
#7676 = SURFACE_STYLE_FILL_AREA(#7677);
#7677 = FILL_AREA_STYLE('',(#7678));
#7678 = FILL_AREA_STYLE_COLOUR('',#7525);
#7679 = SURFACE_STYLE_RENDERING_WITH_PROPERTIES(.NORMAL_SHADING.,#7525,(
    #7680));
#7680 = SURFACE_STYLE_TRANSPARENT(1.);
#7681 = OVER_RIDING_STYLED_ITEM('overriding color',(#7682),#6689,#7364);
#7682 = PRESENTATION_STYLE_ASSIGNMENT((#7683));
#7683 = SURFACE_STYLE_USAGE(.BOTH.,#7684);
#7684 = SURFACE_SIDE_STYLE('',(#7685,#7688));
#7685 = SURFACE_STYLE_FILL_AREA(#7686);
#7686 = FILL_AREA_STYLE('',(#7687));
#7687 = FILL_AREA_STYLE_COLOUR('',#7525);
#7688 = SURFACE_STYLE_RENDERING_WITH_PROPERTIES(.NORMAL_SHADING.,#7525,(
    #7689));
#7689 = SURFACE_STYLE_TRANSPARENT(1.);
#7690 = OVER_RIDING_STYLED_ITEM('overriding color',(#7691),#6713,#7364);
#7691 = PRESENTATION_STYLE_ASSIGNMENT((#7692));
#7692 = SURFACE_STYLE_USAGE(.BOTH.,#7693);
#7693 = SURFACE_SIDE_STYLE('',(#7694,#7697));
#7694 = SURFACE_STYLE_FILL_AREA(#7695);
#7695 = FILL_AREA_STYLE('',(#7696));
#7696 = FILL_AREA_STYLE_COLOUR('',#7525);
#7697 = SURFACE_STYLE_RENDERING_WITH_PROPERTIES(.NORMAL_SHADING.,#7525,(
    #7698));
#7698 = SURFACE_STYLE_TRANSPARENT(1.);
#7699 = OVER_RIDING_STYLED_ITEM('overriding color',(#7700),#6730,#7364);
#7700 = PRESENTATION_STYLE_ASSIGNMENT((#7701));
#7701 = SURFACE_STYLE_USAGE(.BOTH.,#7702);
#7702 = SURFACE_SIDE_STYLE('',(#7703,#7706));
#7703 = SURFACE_STYLE_FILL_AREA(#7704);
#7704 = FILL_AREA_STYLE('',(#7705));
#7705 = FILL_AREA_STYLE_COLOUR('',#7525);
#7706 = SURFACE_STYLE_RENDERING_WITH_PROPERTIES(.NORMAL_SHADING.,#7525,(
    #7707));
#7707 = SURFACE_STYLE_TRANSPARENT(1.);
#7708 = OVER_RIDING_STYLED_ITEM('overriding color',(#7709),#6761,#7364);
#7709 = PRESENTATION_STYLE_ASSIGNMENT((#7710));
#7710 = SURFACE_STYLE_USAGE(.BOTH.,#7711);
#7711 = SURFACE_SIDE_STYLE('',(#7712,#7715));
#7712 = SURFACE_STYLE_FILL_AREA(#7713);
#7713 = FILL_AREA_STYLE('',(#7714));
#7714 = FILL_AREA_STYLE_COLOUR('',#7525);
#7715 = SURFACE_STYLE_RENDERING_WITH_PROPERTIES(.NORMAL_SHADING.,#7525,(
    #7716));
#7716 = SURFACE_STYLE_TRANSPARENT(1.);
#7717 = OVER_RIDING_STYLED_ITEM('overriding color',(#7718),#6785,#7364);
#7718 = PRESENTATION_STYLE_ASSIGNMENT((#7719));
#7719 = SURFACE_STYLE_USAGE(.BOTH.,#7720);
#7720 = SURFACE_SIDE_STYLE('',(#7721,#7724));
#7721 = SURFACE_STYLE_FILL_AREA(#7722);
#7722 = FILL_AREA_STYLE('',(#7723));
#7723 = FILL_AREA_STYLE_COLOUR('',#7525);
#7724 = SURFACE_STYLE_RENDERING_WITH_PROPERTIES(.NORMAL_SHADING.,#7525,(
    #7725));
#7725 = SURFACE_STYLE_TRANSPARENT(1.);
#7726 = OVER_RIDING_STYLED_ITEM('overriding color',(#7727),#6809,#7364);
#7727 = PRESENTATION_STYLE_ASSIGNMENT((#7728));
#7728 = SURFACE_STYLE_USAGE(.BOTH.,#7729);
#7729 = SURFACE_SIDE_STYLE('',(#7730,#7733));
#7730 = SURFACE_STYLE_FILL_AREA(#7731);
#7731 = FILL_AREA_STYLE('',(#7732));
#7732 = FILL_AREA_STYLE_COLOUR('',#7525);
#7733 = SURFACE_STYLE_RENDERING_WITH_PROPERTIES(.NORMAL_SHADING.,#7525,(
    #7734));
#7734 = SURFACE_STYLE_TRANSPARENT(1.);
#7735 = OVER_RIDING_STYLED_ITEM('overriding color',(#7736),#6826,#7364);
#7736 = PRESENTATION_STYLE_ASSIGNMENT((#7737));
#7737 = SURFACE_STYLE_USAGE(.BOTH.,#7738);
#7738 = SURFACE_SIDE_STYLE('',(#7739,#7742));
#7739 = SURFACE_STYLE_FILL_AREA(#7740);
#7740 = FILL_AREA_STYLE('',(#7741));
#7741 = FILL_AREA_STYLE_COLOUR('',#7525);
#7742 = SURFACE_STYLE_RENDERING_WITH_PROPERTIES(.NORMAL_SHADING.,#7525,(
    #7743));
#7743 = SURFACE_STYLE_TRANSPARENT(1.);
#7744 = OVER_RIDING_STYLED_ITEM('overriding color',(#7745),#6857,#7364);
#7745 = PRESENTATION_STYLE_ASSIGNMENT((#7746));
#7746 = SURFACE_STYLE_USAGE(.BOTH.,#7747);
#7747 = SURFACE_SIDE_STYLE('',(#7748,#7751));
#7748 = SURFACE_STYLE_FILL_AREA(#7749);
#7749 = FILL_AREA_STYLE('',(#7750));
#7750 = FILL_AREA_STYLE_COLOUR('',#7525);
#7751 = SURFACE_STYLE_RENDERING_WITH_PROPERTIES(.NORMAL_SHADING.,#7525,(
    #7752));
#7752 = SURFACE_STYLE_TRANSPARENT(1.);
#7753 = OVER_RIDING_STYLED_ITEM('overriding color',(#7754),#6881,#7364);
#7754 = PRESENTATION_STYLE_ASSIGNMENT((#7755));
#7755 = SURFACE_STYLE_USAGE(.BOTH.,#7756);
#7756 = SURFACE_SIDE_STYLE('',(#7757,#7760));
#7757 = SURFACE_STYLE_FILL_AREA(#7758);
#7758 = FILL_AREA_STYLE('',(#7759));
#7759 = FILL_AREA_STYLE_COLOUR('',#7525);
#7760 = SURFACE_STYLE_RENDERING_WITH_PROPERTIES(.NORMAL_SHADING.,#7525,(
    #7761));
#7761 = SURFACE_STYLE_TRANSPARENT(1.);
#7762 = OVER_RIDING_STYLED_ITEM('overriding color',(#7763),#6905,#7364);
#7763 = PRESENTATION_STYLE_ASSIGNMENT((#7764));
#7764 = SURFACE_STYLE_USAGE(.BOTH.,#7765);
#7765 = SURFACE_SIDE_STYLE('',(#7766,#7769));
#7766 = SURFACE_STYLE_FILL_AREA(#7767);
#7767 = FILL_AREA_STYLE('',(#7768));
#7768 = FILL_AREA_STYLE_COLOUR('',#7525);
#7769 = SURFACE_STYLE_RENDERING_WITH_PROPERTIES(.NORMAL_SHADING.,#7525,(
    #7770));
#7770 = SURFACE_STYLE_TRANSPARENT(1.);
#7771 = OVER_RIDING_STYLED_ITEM('overriding color',(#7772),#6922,#7364);
#7772 = PRESENTATION_STYLE_ASSIGNMENT((#7773));
#7773 = SURFACE_STYLE_USAGE(.BOTH.,#7774);
#7774 = SURFACE_SIDE_STYLE('',(#7775,#7778));
#7775 = SURFACE_STYLE_FILL_AREA(#7776);
#7776 = FILL_AREA_STYLE('',(#7777));
#7777 = FILL_AREA_STYLE_COLOUR('',#7525);
#7778 = SURFACE_STYLE_RENDERING_WITH_PROPERTIES(.NORMAL_SHADING.,#7525,(
    #7779));
#7779 = SURFACE_STYLE_TRANSPARENT(1.);
#7780 = OVER_RIDING_STYLED_ITEM('overriding color',(#7781),#6953,#7364);
#7781 = PRESENTATION_STYLE_ASSIGNMENT((#7782));
#7782 = SURFACE_STYLE_USAGE(.BOTH.,#7783);
#7783 = SURFACE_SIDE_STYLE('',(#7784,#7787));
#7784 = SURFACE_STYLE_FILL_AREA(#7785);
#7785 = FILL_AREA_STYLE('',(#7786));
#7786 = FILL_AREA_STYLE_COLOUR('',#7525);
#7787 = SURFACE_STYLE_RENDERING_WITH_PROPERTIES(.NORMAL_SHADING.,#7525,(
    #7788));
#7788 = SURFACE_STYLE_TRANSPARENT(1.);
#7789 = OVER_RIDING_STYLED_ITEM('overriding color',(#7790),#6977,#7364);
#7790 = PRESENTATION_STYLE_ASSIGNMENT((#7791));
#7791 = SURFACE_STYLE_USAGE(.BOTH.,#7792);
#7792 = SURFACE_SIDE_STYLE('',(#7793,#7796));
#7793 = SURFACE_STYLE_FILL_AREA(#7794);
#7794 = FILL_AREA_STYLE('',(#7795));
#7795 = FILL_AREA_STYLE_COLOUR('',#7525);
#7796 = SURFACE_STYLE_RENDERING_WITH_PROPERTIES(.NORMAL_SHADING.,#7525,(
    #7797));
#7797 = SURFACE_STYLE_TRANSPARENT(1.);
#7798 = OVER_RIDING_STYLED_ITEM('overriding color',(#7799),#7001,#7364);
#7799 = PRESENTATION_STYLE_ASSIGNMENT((#7800));
#7800 = SURFACE_STYLE_USAGE(.BOTH.,#7801);
#7801 = SURFACE_SIDE_STYLE('',(#7802,#7805));
#7802 = SURFACE_STYLE_FILL_AREA(#7803);
#7803 = FILL_AREA_STYLE('',(#7804));
#7804 = FILL_AREA_STYLE_COLOUR('',#7525);
#7805 = SURFACE_STYLE_RENDERING_WITH_PROPERTIES(.NORMAL_SHADING.,#7525,(
    #7806));
#7806 = SURFACE_STYLE_TRANSPARENT(1.);
#7807 = OVER_RIDING_STYLED_ITEM('overriding color',(#7808),#7018,#7364);
#7808 = PRESENTATION_STYLE_ASSIGNMENT((#7809));
#7809 = SURFACE_STYLE_USAGE(.BOTH.,#7810);
#7810 = SURFACE_SIDE_STYLE('',(#7811,#7814));
#7811 = SURFACE_STYLE_FILL_AREA(#7812);
#7812 = FILL_AREA_STYLE('',(#7813));
#7813 = FILL_AREA_STYLE_COLOUR('',#7525);
#7814 = SURFACE_STYLE_RENDERING_WITH_PROPERTIES(.NORMAL_SHADING.,#7525,(
    #7815));
#7815 = SURFACE_STYLE_TRANSPARENT(1.);
#7816 = OVER_RIDING_STYLED_ITEM('overriding color',(#7817),#7030,#7364);
#7817 = PRESENTATION_STYLE_ASSIGNMENT((#7818));
#7818 = SURFACE_STYLE_USAGE(.BOTH.,#7819);
#7819 = SURFACE_SIDE_STYLE('',(#7820,#7823));
#7820 = SURFACE_STYLE_FILL_AREA(#7821);
#7821 = FILL_AREA_STYLE('',(#7822));
#7822 = FILL_AREA_STYLE_COLOUR('',#7525);
#7823 = SURFACE_STYLE_RENDERING_WITH_PROPERTIES(.NORMAL_SHADING.,#7525,(
    #7824));
#7824 = SURFACE_STYLE_TRANSPARENT(1.);
#7825 = OVER_RIDING_STYLED_ITEM('overriding color',(#7826),#7042,#7364);
#7826 = PRESENTATION_STYLE_ASSIGNMENT((#7827));
#7827 = SURFACE_STYLE_USAGE(.BOTH.,#7828);
#7828 = SURFACE_SIDE_STYLE('',(#7829,#7832));
#7829 = SURFACE_STYLE_FILL_AREA(#7830);
#7830 = FILL_AREA_STYLE('',(#7831));
#7831 = FILL_AREA_STYLE_COLOUR('',#7525);
#7832 = SURFACE_STYLE_RENDERING_WITH_PROPERTIES(.NORMAL_SHADING.,#7525,(
    #7833));
#7833 = SURFACE_STYLE_TRANSPARENT(1.);
#7834 = OVER_RIDING_STYLED_ITEM('overriding color',(#7835),#7054,#7364);
#7835 = PRESENTATION_STYLE_ASSIGNMENT((#7836));
#7836 = SURFACE_STYLE_USAGE(.BOTH.,#7837);
#7837 = SURFACE_SIDE_STYLE('',(#7838,#7841));
#7838 = SURFACE_STYLE_FILL_AREA(#7839);
#7839 = FILL_AREA_STYLE('',(#7840));
#7840 = FILL_AREA_STYLE_COLOUR('',#7525);
#7841 = SURFACE_STYLE_RENDERING_WITH_PROPERTIES(.NORMAL_SHADING.,#7525,(
    #7842));
#7842 = SURFACE_STYLE_TRANSPARENT(1.);
#7843 = MECHANICAL_DESIGN_GEOMETRIC_PRESENTATION_REPRESENTATION('',(
    #7844,#7853,#7862,#7871,#7880,#7889,#7898,#7907,#7916,#7926,#7935,
    #7944,#7953,#7962,#7971,#7981,#7990,#7999,#8008,#8017,#8026,#8035,
    #8044,#8053,#8062,#8071,#8080),#1327);
#7844 = STYLED_ITEM('color',(#7845),#537);
#7845 = PRESENTATION_STYLE_ASSIGNMENT((#7846,#7851));
#7846 = SURFACE_STYLE_USAGE(.BOTH.,#7847);
#7847 = SURFACE_SIDE_STYLE('',(#7848));
#7848 = SURFACE_STYLE_FILL_AREA(#7849);
#7849 = FILL_AREA_STYLE('',(#7850));
#7850 = FILL_AREA_STYLE_COLOUR('',#7095);
#7851 = CURVE_STYLE('',#7852,POSITIVE_LENGTH_MEASURE(0.1),#7098);
#7852 = DRAUGHTING_PRE_DEFINED_CURVE_FONT('continuous');
#7853 = OVER_RIDING_STYLED_ITEM('overriding color',(#7854),#539,#7844);
#7854 = PRESENTATION_STYLE_ASSIGNMENT((#7855));
#7855 = SURFACE_STYLE_USAGE(.BOTH.,#7856);
#7856 = SURFACE_SIDE_STYLE('',(#7857,#7860));
#7857 = SURFACE_STYLE_FILL_AREA(#7858);
#7858 = FILL_AREA_STYLE('',(#7859));
#7859 = FILL_AREA_STYLE_COLOUR('',#7095);
#7860 = SURFACE_STYLE_RENDERING_WITH_PROPERTIES(.NORMAL_SHADING.,#7095,(
    #7861));
#7861 = SURFACE_STYLE_TRANSPARENT(1.);
#7862 = OVER_RIDING_STYLED_ITEM('overriding color',(#7863),#579,#7844);
#7863 = PRESENTATION_STYLE_ASSIGNMENT((#7864));
#7864 = SURFACE_STYLE_USAGE(.BOTH.,#7865);
#7865 = SURFACE_SIDE_STYLE('',(#7866,#7869));
#7866 = SURFACE_STYLE_FILL_AREA(#7867);
#7867 = FILL_AREA_STYLE('',(#7868));
#7868 = FILL_AREA_STYLE_COLOUR('',#7095);
#7869 = SURFACE_STYLE_RENDERING_WITH_PROPERTIES(.NORMAL_SHADING.,#7095,(
    #7870));
#7870 = SURFACE_STYLE_TRANSPARENT(1.);
#7871 = OVER_RIDING_STYLED_ITEM('overriding color',(#7872),#662,#7844);
#7872 = PRESENTATION_STYLE_ASSIGNMENT((#7873));
#7873 = SURFACE_STYLE_USAGE(.BOTH.,#7874);
#7874 = SURFACE_SIDE_STYLE('',(#7875,#7878));
#7875 = SURFACE_STYLE_FILL_AREA(#7876);
#7876 = FILL_AREA_STYLE('',(#7877));
#7877 = FILL_AREA_STYLE_COLOUR('',#7095);
#7878 = SURFACE_STYLE_RENDERING_WITH_PROPERTIES(.NORMAL_SHADING.,#7095,(
    #7879));
#7879 = SURFACE_STYLE_TRANSPARENT(1.);
#7880 = OVER_RIDING_STYLED_ITEM('overriding color',(#7881),#687,#7844);
#7881 = PRESENTATION_STYLE_ASSIGNMENT((#7882));
#7882 = SURFACE_STYLE_USAGE(.BOTH.,#7883);
#7883 = SURFACE_SIDE_STYLE('',(#7884,#7887));
#7884 = SURFACE_STYLE_FILL_AREA(#7885);
#7885 = FILL_AREA_STYLE('',(#7886));
#7886 = FILL_AREA_STYLE_COLOUR('',#7095);
#7887 = SURFACE_STYLE_RENDERING_WITH_PROPERTIES(.NORMAL_SHADING.,#7095,(
    #7888));
#7888 = SURFACE_STYLE_TRANSPARENT(1.);
#7889 = OVER_RIDING_STYLED_ITEM('overriding color',(#7890),#712,#7844);
#7890 = PRESENTATION_STYLE_ASSIGNMENT((#7891));
#7891 = SURFACE_STYLE_USAGE(.BOTH.,#7892);
#7892 = SURFACE_SIDE_STYLE('',(#7893,#7896));
#7893 = SURFACE_STYLE_FILL_AREA(#7894);
#7894 = FILL_AREA_STYLE('',(#7895));
#7895 = FILL_AREA_STYLE_COLOUR('',#7095);
#7896 = SURFACE_STYLE_RENDERING_WITH_PROPERTIES(.NORMAL_SHADING.,#7095,(
    #7897));
#7897 = SURFACE_STYLE_TRANSPARENT(1.);
#7898 = OVER_RIDING_STYLED_ITEM('overriding color',(#7899),#779,#7844);
#7899 = PRESENTATION_STYLE_ASSIGNMENT((#7900));
#7900 = SURFACE_STYLE_USAGE(.BOTH.,#7901);
#7901 = SURFACE_SIDE_STYLE('',(#7902,#7905));
#7902 = SURFACE_STYLE_FILL_AREA(#7903);
#7903 = FILL_AREA_STYLE('',(#7904));
#7904 = FILL_AREA_STYLE_COLOUR('',#7095);
#7905 = SURFACE_STYLE_RENDERING_WITH_PROPERTIES(.NORMAL_SHADING.,#7095,(
    #7906));
#7906 = SURFACE_STYLE_TRANSPARENT(1.);
#7907 = OVER_RIDING_STYLED_ITEM('overriding color',(#7908),#796,#7844);
#7908 = PRESENTATION_STYLE_ASSIGNMENT((#7909));
#7909 = SURFACE_STYLE_USAGE(.BOTH.,#7910);
#7910 = SURFACE_SIDE_STYLE('',(#7911,#7914));
#7911 = SURFACE_STYLE_FILL_AREA(#7912);
#7912 = FILL_AREA_STYLE('',(#7913));
#7913 = FILL_AREA_STYLE_COLOUR('',#7095);
#7914 = SURFACE_STYLE_RENDERING_WITH_PROPERTIES(.NORMAL_SHADING.,#7095,(
    #7915));
#7915 = SURFACE_STYLE_TRANSPARENT(1.);
#7916 = OVER_RIDING_STYLED_ITEM('overriding color',(#7917),#813,#7844);
#7917 = PRESENTATION_STYLE_ASSIGNMENT((#7918));
#7918 = SURFACE_STYLE_USAGE(.BOTH.,#7919);
#7919 = SURFACE_SIDE_STYLE('',(#7920,#7924));
#7920 = SURFACE_STYLE_FILL_AREA(#7921);
#7921 = FILL_AREA_STYLE('',(#7922));
#7922 = FILL_AREA_STYLE_COLOUR('',#7923);
#7923 = COLOUR_RGB('',0.894999966383,0.890999961016,0.813000030345);
#7924 = SURFACE_STYLE_RENDERING_WITH_PROPERTIES(.NORMAL_SHADING.,#7923,(
    #7925));
#7925 = SURFACE_STYLE_TRANSPARENT(1.);
#7926 = OVER_RIDING_STYLED_ITEM('overriding color',(#7927),#862,#7844);
#7927 = PRESENTATION_STYLE_ASSIGNMENT((#7928));
#7928 = SURFACE_STYLE_USAGE(.BOTH.,#7929);
#7929 = SURFACE_SIDE_STYLE('',(#7930,#7933));
#7930 = SURFACE_STYLE_FILL_AREA(#7931);
#7931 = FILL_AREA_STYLE('',(#7932));
#7932 = FILL_AREA_STYLE_COLOUR('',#7095);
#7933 = SURFACE_STYLE_RENDERING_WITH_PROPERTIES(.NORMAL_SHADING.,#7095,(
    #7934));
#7934 = SURFACE_STYLE_TRANSPARENT(1.);
#7935 = OVER_RIDING_STYLED_ITEM('overriding color',(#7936),#879,#7844);
#7936 = PRESENTATION_STYLE_ASSIGNMENT((#7937));
#7937 = SURFACE_STYLE_USAGE(.BOTH.,#7938);
#7938 = SURFACE_SIDE_STYLE('',(#7939,#7942));
#7939 = SURFACE_STYLE_FILL_AREA(#7940);
#7940 = FILL_AREA_STYLE('',(#7941));
#7941 = FILL_AREA_STYLE_COLOUR('',#7095);
#7942 = SURFACE_STYLE_RENDERING_WITH_PROPERTIES(.NORMAL_SHADING.,#7095,(
    #7943));
#7943 = SURFACE_STYLE_TRANSPARENT(1.);
#7944 = OVER_RIDING_STYLED_ITEM('overriding color',(#7945),#896,#7844);
#7945 = PRESENTATION_STYLE_ASSIGNMENT((#7946));
#7946 = SURFACE_STYLE_USAGE(.BOTH.,#7947);
#7947 = SURFACE_SIDE_STYLE('',(#7948,#7951));
#7948 = SURFACE_STYLE_FILL_AREA(#7949);
#7949 = FILL_AREA_STYLE('',(#7950));
#7950 = FILL_AREA_STYLE_COLOUR('',#7923);
#7951 = SURFACE_STYLE_RENDERING_WITH_PROPERTIES(.NORMAL_SHADING.,#7923,(
    #7952));
#7952 = SURFACE_STYLE_TRANSPARENT(1.);
#7953 = OVER_RIDING_STYLED_ITEM('overriding color',(#7954),#945,#7844);
#7954 = PRESENTATION_STYLE_ASSIGNMENT((#7955));
#7955 = SURFACE_STYLE_USAGE(.BOTH.,#7956);
#7956 = SURFACE_SIDE_STYLE('',(#7957,#7960));
#7957 = SURFACE_STYLE_FILL_AREA(#7958);
#7958 = FILL_AREA_STYLE('',(#7959));
#7959 = FILL_AREA_STYLE_COLOUR('',#7923);
#7960 = SURFACE_STYLE_RENDERING_WITH_PROPERTIES(.NORMAL_SHADING.,#7923,(
    #7961));
#7961 = SURFACE_STYLE_TRANSPARENT(1.);
#7962 = OVER_RIDING_STYLED_ITEM('overriding color',(#7963),#962,#7844);
#7963 = PRESENTATION_STYLE_ASSIGNMENT((#7964));
#7964 = SURFACE_STYLE_USAGE(.BOTH.,#7965);
#7965 = SURFACE_SIDE_STYLE('',(#7966,#7969));
#7966 = SURFACE_STYLE_FILL_AREA(#7967);
#7967 = FILL_AREA_STYLE('',(#7968));
#7968 = FILL_AREA_STYLE_COLOUR('',#7095);
#7969 = SURFACE_STYLE_RENDERING_WITH_PROPERTIES(.NORMAL_SHADING.,#7095,(
    #7970));
#7970 = SURFACE_STYLE_TRANSPARENT(1.);
#7971 = OVER_RIDING_STYLED_ITEM('overriding color',(#7972),#1031,#7844);
#7972 = PRESENTATION_STYLE_ASSIGNMENT((#7973));
#7973 = SURFACE_STYLE_USAGE(.BOTH.,#7974);
#7974 = SURFACE_SIDE_STYLE('',(#7975,#7979));
#7975 = SURFACE_STYLE_FILL_AREA(#7976);
#7976 = FILL_AREA_STYLE('',(#7977));
#7977 = FILL_AREA_STYLE_COLOUR('',#7978);
#7978 = COLOUR_RGB('',8.200000279077E-02,8.600000121357E-02,
  9.399999706163E-02);
#7979 = SURFACE_STYLE_RENDERING_WITH_PROPERTIES(.NORMAL_SHADING.,#7978,(
    #7980));
#7980 = SURFACE_STYLE_TRANSPARENT(1.);
#7981 = OVER_RIDING_STYLED_ITEM('overriding color',(#7982),#1062,#7844);
#7982 = PRESENTATION_STYLE_ASSIGNMENT((#7983));
#7983 = SURFACE_STYLE_USAGE(.BOTH.,#7984);
#7984 = SURFACE_SIDE_STYLE('',(#7985,#7988));
#7985 = SURFACE_STYLE_FILL_AREA(#7986);
#7986 = FILL_AREA_STYLE('',(#7987));
#7987 = FILL_AREA_STYLE_COLOUR('',#7978);
#7988 = SURFACE_STYLE_RENDERING_WITH_PROPERTIES(.NORMAL_SHADING.,#7978,(
    #7989));
#7989 = SURFACE_STYLE_TRANSPARENT(1.);
#7990 = OVER_RIDING_STYLED_ITEM('overriding color',(#7991),#1086,#7844);
#7991 = PRESENTATION_STYLE_ASSIGNMENT((#7992));
#7992 = SURFACE_STYLE_USAGE(.BOTH.,#7993);
#7993 = SURFACE_SIDE_STYLE('',(#7994,#7997));
#7994 = SURFACE_STYLE_FILL_AREA(#7995);
#7995 = FILL_AREA_STYLE('',(#7996));
#7996 = FILL_AREA_STYLE_COLOUR('',#7095);
#7997 = SURFACE_STYLE_RENDERING_WITH_PROPERTIES(.NORMAL_SHADING.,#7095,(
    #7998));
#7998 = SURFACE_STYLE_TRANSPARENT(1.);
#7999 = OVER_RIDING_STYLED_ITEM('overriding color',(#8000),#1155,#7844);
#8000 = PRESENTATION_STYLE_ASSIGNMENT((#8001));
#8001 = SURFACE_STYLE_USAGE(.BOTH.,#8002);
#8002 = SURFACE_SIDE_STYLE('',(#8003,#8006));
#8003 = SURFACE_STYLE_FILL_AREA(#8004);
#8004 = FILL_AREA_STYLE('',(#8005));
#8005 = FILL_AREA_STYLE_COLOUR('',#7978);
#8006 = SURFACE_STYLE_RENDERING_WITH_PROPERTIES(.NORMAL_SHADING.,#7978,(
    #8007));
#8007 = SURFACE_STYLE_TRANSPARENT(1.);
#8008 = OVER_RIDING_STYLED_ITEM('overriding color',(#8009),#1179,#7844);
#8009 = PRESENTATION_STYLE_ASSIGNMENT((#8010));
#8010 = SURFACE_STYLE_USAGE(.BOTH.,#8011);
#8011 = SURFACE_SIDE_STYLE('',(#8012,#8015));
#8012 = SURFACE_STYLE_FILL_AREA(#8013);
#8013 = FILL_AREA_STYLE('',(#8014));
#8014 = FILL_AREA_STYLE_COLOUR('',#7095);
#8015 = SURFACE_STYLE_RENDERING_WITH_PROPERTIES(.NORMAL_SHADING.,#7095,(
    #8016));
#8016 = SURFACE_STYLE_TRANSPARENT(1.);
#8017 = OVER_RIDING_STYLED_ITEM('overriding color',(#8018),#1196,#7844);
#8018 = PRESENTATION_STYLE_ASSIGNMENT((#8019));
#8019 = SURFACE_STYLE_USAGE(.BOTH.,#8020);
#8020 = SURFACE_SIDE_STYLE('',(#8021,#8024));
#8021 = SURFACE_STYLE_FILL_AREA(#8022);
#8022 = FILL_AREA_STYLE('',(#8023));
#8023 = FILL_AREA_STYLE_COLOUR('',#7095);
#8024 = SURFACE_STYLE_RENDERING_WITH_PROPERTIES(.NORMAL_SHADING.,#7095,(
    #8025));
#8025 = SURFACE_STYLE_TRANSPARENT(1.);
#8026 = OVER_RIDING_STYLED_ITEM('overriding color',(#8027),#1213,#7844);
#8027 = PRESENTATION_STYLE_ASSIGNMENT((#8028));
#8028 = SURFACE_STYLE_USAGE(.BOTH.,#8029);
#8029 = SURFACE_SIDE_STYLE('',(#8030,#8033));
#8030 = SURFACE_STYLE_FILL_AREA(#8031);
#8031 = FILL_AREA_STYLE('',(#8032));
#8032 = FILL_AREA_STYLE_COLOUR('',#7095);
#8033 = SURFACE_STYLE_RENDERING_WITH_PROPERTIES(.NORMAL_SHADING.,#7095,(
    #8034));
#8034 = SURFACE_STYLE_TRANSPARENT(1.);
#8035 = OVER_RIDING_STYLED_ITEM('overriding color',(#8036),#1230,#7844);
#8036 = PRESENTATION_STYLE_ASSIGNMENT((#8037));
#8037 = SURFACE_STYLE_USAGE(.BOTH.,#8038);
#8038 = SURFACE_SIDE_STYLE('',(#8039,#8042));
#8039 = SURFACE_STYLE_FILL_AREA(#8040);
#8040 = FILL_AREA_STYLE('',(#8041));
#8041 = FILL_AREA_STYLE_COLOUR('',#7095);
#8042 = SURFACE_STYLE_RENDERING_WITH_PROPERTIES(.NORMAL_SHADING.,#7095,(
    #8043));
#8043 = SURFACE_STYLE_TRANSPARENT(1.);
#8044 = OVER_RIDING_STYLED_ITEM('overriding color',(#8045),#1247,#7844);
#8045 = PRESENTATION_STYLE_ASSIGNMENT((#8046));
#8046 = SURFACE_STYLE_USAGE(.BOTH.,#8047);
#8047 = SURFACE_SIDE_STYLE('',(#8048,#8051));
#8048 = SURFACE_STYLE_FILL_AREA(#8049);
#8049 = FILL_AREA_STYLE('',(#8050));
#8050 = FILL_AREA_STYLE_COLOUR('',#7095);
#8051 = SURFACE_STYLE_RENDERING_WITH_PROPERTIES(.NORMAL_SHADING.,#7095,(
    #8052));
#8052 = SURFACE_STYLE_TRANSPARENT(1.);
#8053 = OVER_RIDING_STYLED_ITEM('overriding color',(#8054),#1264,#7844);
#8054 = PRESENTATION_STYLE_ASSIGNMENT((#8055));
#8055 = SURFACE_STYLE_USAGE(.BOTH.,#8056);
#8056 = SURFACE_SIDE_STYLE('',(#8057,#8060));
#8057 = SURFACE_STYLE_FILL_AREA(#8058);
#8058 = FILL_AREA_STYLE('',(#8059));
#8059 = FILL_AREA_STYLE_COLOUR('',#7095);
#8060 = SURFACE_STYLE_RENDERING_WITH_PROPERTIES(.NORMAL_SHADING.,#7095,(
    #8061));
#8061 = SURFACE_STYLE_TRANSPARENT(1.);
#8062 = OVER_RIDING_STYLED_ITEM('overriding color',(#8063),#1281,#7844);
#8063 = PRESENTATION_STYLE_ASSIGNMENT((#8064));
#8064 = SURFACE_STYLE_USAGE(.BOTH.,#8065);
#8065 = SURFACE_SIDE_STYLE('',(#8066,#8069));
#8066 = SURFACE_STYLE_FILL_AREA(#8067);
#8067 = FILL_AREA_STYLE('',(#8068));
#8068 = FILL_AREA_STYLE_COLOUR('',#7095);
#8069 = SURFACE_STYLE_RENDERING_WITH_PROPERTIES(.NORMAL_SHADING.,#7095,(
    #8070));
#8070 = SURFACE_STYLE_TRANSPARENT(1.);
#8071 = OVER_RIDING_STYLED_ITEM('overriding color',(#8072),#1298,#7844);
#8072 = PRESENTATION_STYLE_ASSIGNMENT((#8073));
#8073 = SURFACE_STYLE_USAGE(.BOTH.,#8074);
#8074 = SURFACE_SIDE_STYLE('',(#8075,#8078));
#8075 = SURFACE_STYLE_FILL_AREA(#8076);
#8076 = FILL_AREA_STYLE('',(#8077));
#8077 = FILL_AREA_STYLE_COLOUR('',#7978);
#8078 = SURFACE_STYLE_RENDERING_WITH_PROPERTIES(.NORMAL_SHADING.,#7978,(
    #8079));
#8079 = SURFACE_STYLE_TRANSPARENT(1.);
#8080 = OVER_RIDING_STYLED_ITEM('overriding color',(#8081),#1315,#7844);
#8081 = PRESENTATION_STYLE_ASSIGNMENT((#8082));
#8082 = SURFACE_STYLE_USAGE(.BOTH.,#8083);
#8083 = SURFACE_SIDE_STYLE('',(#8084,#8087));
#8084 = SURFACE_STYLE_FILL_AREA(#8085);
#8085 = FILL_AREA_STYLE('',(#8086));
#8086 = FILL_AREA_STYLE_COLOUR('',#7978);
#8087 = SURFACE_STYLE_RENDERING_WITH_PROPERTIES(.NORMAL_SHADING.,#7978,(
    #8088));
#8088 = SURFACE_STYLE_TRANSPARENT(1.);
#8089 = MECHANICAL_DESIGN_GEOMETRIC_PRESENTATION_REPRESENTATION('',(
    #8090,#8099,#8108,#8117,#8126,#8135,#8144,#8153,#8162,#8171,#8180,
    #8189,#8198,#8207,#8216,#8225,#8234,#8243,#8252,#8261,#8270,#8279,
    #8288,#8297,#8306,#8315,#8324,#8333,#8342,#8351,#8360,#8369,#8378,
    #8387,#8396,#8405,#8414,#8423,#8432,#8441,#8450,#8459,#8468,#8477,
    #8486,#8495,#8504,#8513,#8522,#8531,#8540,#8549,#8558,#8567,#8576,
    #8585,#8594,#8603,#8612,#8621,#8630,#8639,#8648,#8657,#8666,#8675,
    #8684,#8693,#8702,#8711,#8720,#8729,#8738,#8747,#8756,#8765,#8774,
    #8783,#8792,#8801,#8810,#8819,#8828,#8837,#8846,#8855,#8864,#8873,
    #8882,#8891,#8900,#8909,#8918,#8927,#8936,#8945,#8954,#8963,#8972,
    #8981,#8990,#8999,#9008,#9017,#9026,#9035,#9044,#9053,#9062,#9071,
    #9080,#9089,#9098,#9107,#9116),#5615);
#8090 = STYLED_ITEM('color',(#8091),#2229);
#8091 = PRESENTATION_STYLE_ASSIGNMENT((#8092,#8097));
#8092 = SURFACE_STYLE_USAGE(.BOTH.,#8093);
#8093 = SURFACE_SIDE_STYLE('',(#8094));
#8094 = SURFACE_STYLE_FILL_AREA(#8095);
#8095 = FILL_AREA_STYLE('',(#8096));
#8096 = FILL_AREA_STYLE_COLOUR('',#7371);
#8097 = CURVE_STYLE('',#8098,POSITIVE_LENGTH_MEASURE(0.1),#7098);
#8098 = DRAUGHTING_PRE_DEFINED_CURVE_FONT('continuous');
#8099 = OVER_RIDING_STYLED_ITEM('overriding color',(#8100),#2231,#8090);
#8100 = PRESENTATION_STYLE_ASSIGNMENT((#8101));
#8101 = SURFACE_STYLE_USAGE(.BOTH.,#8102);
#8102 = SURFACE_SIDE_STYLE('',(#8103,#8106));
#8103 = SURFACE_STYLE_FILL_AREA(#8104);
#8104 = FILL_AREA_STYLE('',(#8105));
#8105 = FILL_AREA_STYLE_COLOUR('',#7371);
#8106 = SURFACE_STYLE_RENDERING_WITH_PROPERTIES(.NORMAL_SHADING.,#7371,(
    #8107));
#8107 = SURFACE_STYLE_TRANSPARENT(1.);
#8108 = OVER_RIDING_STYLED_ITEM('overriding color',(#8109),#2271,#8090);
#8109 = PRESENTATION_STYLE_ASSIGNMENT((#8110));
#8110 = SURFACE_STYLE_USAGE(.BOTH.,#8111);
#8111 = SURFACE_SIDE_STYLE('',(#8112,#8115));
#8112 = SURFACE_STYLE_FILL_AREA(#8113);
#8113 = FILL_AREA_STYLE('',(#8114));
#8114 = FILL_AREA_STYLE_COLOUR('',#7371);
#8115 = SURFACE_STYLE_RENDERING_WITH_PROPERTIES(.NORMAL_SHADING.,#7371,(
    #8116));
#8116 = SURFACE_STYLE_TRANSPARENT(1.);
#8117 = OVER_RIDING_STYLED_ITEM('overriding color',(#8118),#2334,#8090);
#8118 = PRESENTATION_STYLE_ASSIGNMENT((#8119));
#8119 = SURFACE_STYLE_USAGE(.BOTH.,#8120);
#8120 = SURFACE_SIDE_STYLE('',(#8121,#8124));
#8121 = SURFACE_STYLE_FILL_AREA(#8122);
#8122 = FILL_AREA_STYLE('',(#8123));
#8123 = FILL_AREA_STYLE_COLOUR('',#7371);
#8124 = SURFACE_STYLE_RENDERING_WITH_PROPERTIES(.NORMAL_SHADING.,#7371,(
    #8125));
#8125 = SURFACE_STYLE_TRANSPARENT(1.);
#8126 = OVER_RIDING_STYLED_ITEM('overriding color',(#8127),#2397,#8090);
#8127 = PRESENTATION_STYLE_ASSIGNMENT((#8128));
#8128 = SURFACE_STYLE_USAGE(.BOTH.,#8129);
#8129 = SURFACE_SIDE_STYLE('',(#8130,#8133));
#8130 = SURFACE_STYLE_FILL_AREA(#8131);
#8131 = FILL_AREA_STYLE('',(#8132));
#8132 = FILL_AREA_STYLE_COLOUR('',#7371);
#8133 = SURFACE_STYLE_RENDERING_WITH_PROPERTIES(.NORMAL_SHADING.,#7371,(
    #8134));
#8134 = SURFACE_STYLE_TRANSPARENT(1.);
#8135 = OVER_RIDING_STYLED_ITEM('overriding color',(#8136),#2414,#8090);
#8136 = PRESENTATION_STYLE_ASSIGNMENT((#8137));
#8137 = SURFACE_STYLE_USAGE(.BOTH.,#8138);
#8138 = SURFACE_SIDE_STYLE('',(#8139,#8142));
#8139 = SURFACE_STYLE_FILL_AREA(#8140);
#8140 = FILL_AREA_STYLE('',(#8141));
#8141 = FILL_AREA_STYLE_COLOUR('',#7371);
#8142 = SURFACE_STYLE_RENDERING_WITH_PROPERTIES(.NORMAL_SHADING.,#7371,(
    #8143));
#8143 = SURFACE_STYLE_TRANSPARENT(1.);
#8144 = OVER_RIDING_STYLED_ITEM('overriding color',(#8145),#2567,#8090);
#8145 = PRESENTATION_STYLE_ASSIGNMENT((#8146));
#8146 = SURFACE_STYLE_USAGE(.BOTH.,#8147);
#8147 = SURFACE_SIDE_STYLE('',(#8148,#8151));
#8148 = SURFACE_STYLE_FILL_AREA(#8149);
#8149 = FILL_AREA_STYLE('',(#8150));
#8150 = FILL_AREA_STYLE_COLOUR('',#7371);
#8151 = SURFACE_STYLE_RENDERING_WITH_PROPERTIES(.NORMAL_SHADING.,#7371,(
    #8152));
#8152 = SURFACE_STYLE_TRANSPARENT(1.);
#8153 = OVER_RIDING_STYLED_ITEM('overriding color',(#8154),#2589,#8090);
#8154 = PRESENTATION_STYLE_ASSIGNMENT((#8155));
#8155 = SURFACE_STYLE_USAGE(.BOTH.,#8156);
#8156 = SURFACE_SIDE_STYLE('',(#8157,#8160));
#8157 = SURFACE_STYLE_FILL_AREA(#8158);
#8158 = FILL_AREA_STYLE('',(#8159));
#8159 = FILL_AREA_STYLE_COLOUR('',#7371);
#8160 = SURFACE_STYLE_RENDERING_WITH_PROPERTIES(.NORMAL_SHADING.,#7371,(
    #8161));
#8161 = SURFACE_STYLE_TRANSPARENT(1.);
#8162 = OVER_RIDING_STYLED_ITEM('overriding color',(#8163),#2606,#8090);
#8163 = PRESENTATION_STYLE_ASSIGNMENT((#8164));
#8164 = SURFACE_STYLE_USAGE(.BOTH.,#8165);
#8165 = SURFACE_SIDE_STYLE('',(#8166,#8169));
#8166 = SURFACE_STYLE_FILL_AREA(#8167);
#8167 = FILL_AREA_STYLE('',(#8168));
#8168 = FILL_AREA_STYLE_COLOUR('',#7371);
#8169 = SURFACE_STYLE_RENDERING_WITH_PROPERTIES(.NORMAL_SHADING.,#7371,(
    #8170));
#8170 = SURFACE_STYLE_TRANSPARENT(1.);
#8171 = OVER_RIDING_STYLED_ITEM('overriding color',(#8172),#2887,#8090);
#8172 = PRESENTATION_STYLE_ASSIGNMENT((#8173));
#8173 = SURFACE_STYLE_USAGE(.BOTH.,#8174);
#8174 = SURFACE_SIDE_STYLE('',(#8175,#8178));
#8175 = SURFACE_STYLE_FILL_AREA(#8176);
#8176 = FILL_AREA_STYLE('',(#8177));
#8177 = FILL_AREA_STYLE_COLOUR('',#7371);
#8178 = SURFACE_STYLE_RENDERING_WITH_PROPERTIES(.NORMAL_SHADING.,#7371,(
    #8179));
#8179 = SURFACE_STYLE_TRANSPARENT(1.);
#8180 = OVER_RIDING_STYLED_ITEM('overriding color',(#8181),#2899,#8090);
#8181 = PRESENTATION_STYLE_ASSIGNMENT((#8182));
#8182 = SURFACE_STYLE_USAGE(.BOTH.,#8183);
#8183 = SURFACE_SIDE_STYLE('',(#8184,#8187));
#8184 = SURFACE_STYLE_FILL_AREA(#8185);
#8185 = FILL_AREA_STYLE('',(#8186));
#8186 = FILL_AREA_STYLE_COLOUR('',#7371);
#8187 = SURFACE_STYLE_RENDERING_WITH_PROPERTIES(.NORMAL_SHADING.,#7371,(
    #8188));
#8188 = SURFACE_STYLE_TRANSPARENT(1.);
#8189 = OVER_RIDING_STYLED_ITEM('overriding color',(#8190),#2911,#8090);
#8190 = PRESENTATION_STYLE_ASSIGNMENT((#8191));
#8191 = SURFACE_STYLE_USAGE(.BOTH.,#8192);
#8192 = SURFACE_SIDE_STYLE('',(#8193,#8196));
#8193 = SURFACE_STYLE_FILL_AREA(#8194);
#8194 = FILL_AREA_STYLE('',(#8195));
#8195 = FILL_AREA_STYLE_COLOUR('',#7371);
#8196 = SURFACE_STYLE_RENDERING_WITH_PROPERTIES(.NORMAL_SHADING.,#7371,(
    #8197));
#8197 = SURFACE_STYLE_TRANSPARENT(1.);
#8198 = OVER_RIDING_STYLED_ITEM('overriding color',(#8199),#2942,#8090);
#8199 = PRESENTATION_STYLE_ASSIGNMENT((#8200));
#8200 = SURFACE_STYLE_USAGE(.BOTH.,#8201);
#8201 = SURFACE_SIDE_STYLE('',(#8202,#8205));
#8202 = SURFACE_STYLE_FILL_AREA(#8203);
#8203 = FILL_AREA_STYLE('',(#8204));
#8204 = FILL_AREA_STYLE_COLOUR('',#7371);
#8205 = SURFACE_STYLE_RENDERING_WITH_PROPERTIES(.NORMAL_SHADING.,#7371,(
    #8206));
#8206 = SURFACE_STYLE_TRANSPARENT(1.);
#8207 = OVER_RIDING_STYLED_ITEM('overriding color',(#8208),#2966,#8090);
#8208 = PRESENTATION_STYLE_ASSIGNMENT((#8209));
#8209 = SURFACE_STYLE_USAGE(.BOTH.,#8210);
#8210 = SURFACE_SIDE_STYLE('',(#8211,#8214));
#8211 = SURFACE_STYLE_FILL_AREA(#8212);
#8212 = FILL_AREA_STYLE('',(#8213));
#8213 = FILL_AREA_STYLE_COLOUR('',#7371);
#8214 = SURFACE_STYLE_RENDERING_WITH_PROPERTIES(.NORMAL_SHADING.,#7371,(
    #8215));
#8215 = SURFACE_STYLE_TRANSPARENT(1.);
#8216 = OVER_RIDING_STYLED_ITEM('overriding color',(#8217),#2990,#8090);
#8217 = PRESENTATION_STYLE_ASSIGNMENT((#8218));
#8218 = SURFACE_STYLE_USAGE(.BOTH.,#8219);
#8219 = SURFACE_SIDE_STYLE('',(#8220,#8223));
#8220 = SURFACE_STYLE_FILL_AREA(#8221);
#8221 = FILL_AREA_STYLE('',(#8222));
#8222 = FILL_AREA_STYLE_COLOUR('',#7371);
#8223 = SURFACE_STYLE_RENDERING_WITH_PROPERTIES(.NORMAL_SHADING.,#7371,(
    #8224));
#8224 = SURFACE_STYLE_TRANSPARENT(1.);
#8225 = OVER_RIDING_STYLED_ITEM('overriding color',(#8226),#3007,#8090);
#8226 = PRESENTATION_STYLE_ASSIGNMENT((#8227));
#8227 = SURFACE_STYLE_USAGE(.BOTH.,#8228);
#8228 = SURFACE_SIDE_STYLE('',(#8229,#8232));
#8229 = SURFACE_STYLE_FILL_AREA(#8230);
#8230 = FILL_AREA_STYLE('',(#8231));
#8231 = FILL_AREA_STYLE_COLOUR('',#7371);
#8232 = SURFACE_STYLE_RENDERING_WITH_PROPERTIES(.NORMAL_SHADING.,#7371,(
    #8233));
#8233 = SURFACE_STYLE_TRANSPARENT(1.);
#8234 = OVER_RIDING_STYLED_ITEM('overriding color',(#8235),#3038,#8090);
#8235 = PRESENTATION_STYLE_ASSIGNMENT((#8236));
#8236 = SURFACE_STYLE_USAGE(.BOTH.,#8237);
#8237 = SURFACE_SIDE_STYLE('',(#8238,#8241));
#8238 = SURFACE_STYLE_FILL_AREA(#8239);
#8239 = FILL_AREA_STYLE('',(#8240));
#8240 = FILL_AREA_STYLE_COLOUR('',#7371);
#8241 = SURFACE_STYLE_RENDERING_WITH_PROPERTIES(.NORMAL_SHADING.,#7371,(
    #8242));
#8242 = SURFACE_STYLE_TRANSPARENT(1.);
#8243 = OVER_RIDING_STYLED_ITEM('overriding color',(#8244),#3062,#8090);
#8244 = PRESENTATION_STYLE_ASSIGNMENT((#8245));
#8245 = SURFACE_STYLE_USAGE(.BOTH.,#8246);
#8246 = SURFACE_SIDE_STYLE('',(#8247,#8250));
#8247 = SURFACE_STYLE_FILL_AREA(#8248);
#8248 = FILL_AREA_STYLE('',(#8249));
#8249 = FILL_AREA_STYLE_COLOUR('',#7371);
#8250 = SURFACE_STYLE_RENDERING_WITH_PROPERTIES(.NORMAL_SHADING.,#7371,(
    #8251));
#8251 = SURFACE_STYLE_TRANSPARENT(1.);
#8252 = OVER_RIDING_STYLED_ITEM('overriding color',(#8253),#3086,#8090);
#8253 = PRESENTATION_STYLE_ASSIGNMENT((#8254));
#8254 = SURFACE_STYLE_USAGE(.BOTH.,#8255);
#8255 = SURFACE_SIDE_STYLE('',(#8256,#8259));
#8256 = SURFACE_STYLE_FILL_AREA(#8257);
#8257 = FILL_AREA_STYLE('',(#8258));
#8258 = FILL_AREA_STYLE_COLOUR('',#7371);
#8259 = SURFACE_STYLE_RENDERING_WITH_PROPERTIES(.NORMAL_SHADING.,#7371,(
    #8260));
#8260 = SURFACE_STYLE_TRANSPARENT(1.);
#8261 = OVER_RIDING_STYLED_ITEM('overriding color',(#8262),#3103,#8090);
#8262 = PRESENTATION_STYLE_ASSIGNMENT((#8263));
#8263 = SURFACE_STYLE_USAGE(.BOTH.,#8264);
#8264 = SURFACE_SIDE_STYLE('',(#8265,#8268));
#8265 = SURFACE_STYLE_FILL_AREA(#8266);
#8266 = FILL_AREA_STYLE('',(#8267));
#8267 = FILL_AREA_STYLE_COLOUR('',#7371);
#8268 = SURFACE_STYLE_RENDERING_WITH_PROPERTIES(.NORMAL_SHADING.,#7371,(
    #8269));
#8269 = SURFACE_STYLE_TRANSPARENT(1.);
#8270 = OVER_RIDING_STYLED_ITEM('overriding color',(#8271),#3134,#8090);
#8271 = PRESENTATION_STYLE_ASSIGNMENT((#8272));
#8272 = SURFACE_STYLE_USAGE(.BOTH.,#8273);
#8273 = SURFACE_SIDE_STYLE('',(#8274,#8277));
#8274 = SURFACE_STYLE_FILL_AREA(#8275);
#8275 = FILL_AREA_STYLE('',(#8276));
#8276 = FILL_AREA_STYLE_COLOUR('',#7371);
#8277 = SURFACE_STYLE_RENDERING_WITH_PROPERTIES(.NORMAL_SHADING.,#7371,(
    #8278));
#8278 = SURFACE_STYLE_TRANSPARENT(1.);
#8279 = OVER_RIDING_STYLED_ITEM('overriding color',(#8280),#3158,#8090);
#8280 = PRESENTATION_STYLE_ASSIGNMENT((#8281));
#8281 = SURFACE_STYLE_USAGE(.BOTH.,#8282);
#8282 = SURFACE_SIDE_STYLE('',(#8283,#8286));
#8283 = SURFACE_STYLE_FILL_AREA(#8284);
#8284 = FILL_AREA_STYLE('',(#8285));
#8285 = FILL_AREA_STYLE_COLOUR('',#7371);
#8286 = SURFACE_STYLE_RENDERING_WITH_PROPERTIES(.NORMAL_SHADING.,#7371,(
    #8287));
#8287 = SURFACE_STYLE_TRANSPARENT(1.);
#8288 = OVER_RIDING_STYLED_ITEM('overriding color',(#8289),#3182,#8090);
#8289 = PRESENTATION_STYLE_ASSIGNMENT((#8290));
#8290 = SURFACE_STYLE_USAGE(.BOTH.,#8291);
#8291 = SURFACE_SIDE_STYLE('',(#8292,#8295));
#8292 = SURFACE_STYLE_FILL_AREA(#8293);
#8293 = FILL_AREA_STYLE('',(#8294));
#8294 = FILL_AREA_STYLE_COLOUR('',#7371);
#8295 = SURFACE_STYLE_RENDERING_WITH_PROPERTIES(.NORMAL_SHADING.,#7371,(
    #8296));
#8296 = SURFACE_STYLE_TRANSPARENT(1.);
#8297 = OVER_RIDING_STYLED_ITEM('overriding color',(#8298),#3199,#8090);
#8298 = PRESENTATION_STYLE_ASSIGNMENT((#8299));
#8299 = SURFACE_STYLE_USAGE(.BOTH.,#8300);
#8300 = SURFACE_SIDE_STYLE('',(#8301,#8304));
#8301 = SURFACE_STYLE_FILL_AREA(#8302);
#8302 = FILL_AREA_STYLE('',(#8303));
#8303 = FILL_AREA_STYLE_COLOUR('',#7371);
#8304 = SURFACE_STYLE_RENDERING_WITH_PROPERTIES(.NORMAL_SHADING.,#7371,(
    #8305));
#8305 = SURFACE_STYLE_TRANSPARENT(1.);
#8306 = OVER_RIDING_STYLED_ITEM('overriding color',(#8307),#3230,#8090);
#8307 = PRESENTATION_STYLE_ASSIGNMENT((#8308));
#8308 = SURFACE_STYLE_USAGE(.BOTH.,#8309);
#8309 = SURFACE_SIDE_STYLE('',(#8310,#8313));
#8310 = SURFACE_STYLE_FILL_AREA(#8311);
#8311 = FILL_AREA_STYLE('',(#8312));
#8312 = FILL_AREA_STYLE_COLOUR('',#7371);
#8313 = SURFACE_STYLE_RENDERING_WITH_PROPERTIES(.NORMAL_SHADING.,#7371,(
    #8314));
#8314 = SURFACE_STYLE_TRANSPARENT(1.);
#8315 = OVER_RIDING_STYLED_ITEM('overriding color',(#8316),#3254,#8090);
#8316 = PRESENTATION_STYLE_ASSIGNMENT((#8317));
#8317 = SURFACE_STYLE_USAGE(.BOTH.,#8318);
#8318 = SURFACE_SIDE_STYLE('',(#8319,#8322));
#8319 = SURFACE_STYLE_FILL_AREA(#8320);
#8320 = FILL_AREA_STYLE('',(#8321));
#8321 = FILL_AREA_STYLE_COLOUR('',#7371);
#8322 = SURFACE_STYLE_RENDERING_WITH_PROPERTIES(.NORMAL_SHADING.,#7371,(
    #8323));
#8323 = SURFACE_STYLE_TRANSPARENT(1.);
#8324 = OVER_RIDING_STYLED_ITEM('overriding color',(#8325),#3278,#8090);
#8325 = PRESENTATION_STYLE_ASSIGNMENT((#8326));
#8326 = SURFACE_STYLE_USAGE(.BOTH.,#8327);
#8327 = SURFACE_SIDE_STYLE('',(#8328,#8331));
#8328 = SURFACE_STYLE_FILL_AREA(#8329);
#8329 = FILL_AREA_STYLE('',(#8330));
#8330 = FILL_AREA_STYLE_COLOUR('',#7371);
#8331 = SURFACE_STYLE_RENDERING_WITH_PROPERTIES(.NORMAL_SHADING.,#7371,(
    #8332));
#8332 = SURFACE_STYLE_TRANSPARENT(1.);
#8333 = OVER_RIDING_STYLED_ITEM('overriding color',(#8334),#3295,#8090);
#8334 = PRESENTATION_STYLE_ASSIGNMENT((#8335));
#8335 = SURFACE_STYLE_USAGE(.BOTH.,#8336);
#8336 = SURFACE_SIDE_STYLE('',(#8337,#8340));
#8337 = SURFACE_STYLE_FILL_AREA(#8338);
#8338 = FILL_AREA_STYLE('',(#8339));
#8339 = FILL_AREA_STYLE_COLOUR('',#7525);
#8340 = SURFACE_STYLE_RENDERING_WITH_PROPERTIES(.NORMAL_SHADING.,#7525,(
    #8341));
#8341 = SURFACE_STYLE_TRANSPARENT(1.);
#8342 = OVER_RIDING_STYLED_ITEM('overriding color',(#8343),#3312,#8090);
#8343 = PRESENTATION_STYLE_ASSIGNMENT((#8344));
#8344 = SURFACE_STYLE_USAGE(.BOTH.,#8345);
#8345 = SURFACE_SIDE_STYLE('',(#8346,#8349));
#8346 = SURFACE_STYLE_FILL_AREA(#8347);
#8347 = FILL_AREA_STYLE('',(#8348));
#8348 = FILL_AREA_STYLE_COLOUR('',#7525);
#8349 = SURFACE_STYLE_RENDERING_WITH_PROPERTIES(.NORMAL_SHADING.,#7525,(
    #8350));
#8350 = SURFACE_STYLE_TRANSPARENT(1.);
#8351 = OVER_RIDING_STYLED_ITEM('overriding color',(#8352),#3359,#8090);
#8352 = PRESENTATION_STYLE_ASSIGNMENT((#8353));
#8353 = SURFACE_STYLE_USAGE(.BOTH.,#8354);
#8354 = SURFACE_SIDE_STYLE('',(#8355,#8358));
#8355 = SURFACE_STYLE_FILL_AREA(#8356);
#8356 = FILL_AREA_STYLE('',(#8357));
#8357 = FILL_AREA_STYLE_COLOUR('',#7525);
#8358 = SURFACE_STYLE_RENDERING_WITH_PROPERTIES(.NORMAL_SHADING.,#7525,(
    #8359));
#8359 = SURFACE_STYLE_TRANSPARENT(1.);
#8360 = OVER_RIDING_STYLED_ITEM('overriding color',(#8361),#3376,#8090);
#8361 = PRESENTATION_STYLE_ASSIGNMENT((#8362));
#8362 = SURFACE_STYLE_USAGE(.BOTH.,#8363);
#8363 = SURFACE_SIDE_STYLE('',(#8364,#8367));
#8364 = SURFACE_STYLE_FILL_AREA(#8365);
#8365 = FILL_AREA_STYLE('',(#8366));
#8366 = FILL_AREA_STYLE_COLOUR('',#7525);
#8367 = SURFACE_STYLE_RENDERING_WITH_PROPERTIES(.NORMAL_SHADING.,#7525,(
    #8368));
#8368 = SURFACE_STYLE_TRANSPARENT(1.);
#8369 = OVER_RIDING_STYLED_ITEM('overriding color',(#8370),#3423,#8090);
#8370 = PRESENTATION_STYLE_ASSIGNMENT((#8371));
#8371 = SURFACE_STYLE_USAGE(.BOTH.,#8372);
#8372 = SURFACE_SIDE_STYLE('',(#8373,#8376));
#8373 = SURFACE_STYLE_FILL_AREA(#8374);
#8374 = FILL_AREA_STYLE('',(#8375));
#8375 = FILL_AREA_STYLE_COLOUR('',#7525);
#8376 = SURFACE_STYLE_RENDERING_WITH_PROPERTIES(.NORMAL_SHADING.,#7525,(
    #8377));
#8377 = SURFACE_STYLE_TRANSPARENT(1.);
#8378 = OVER_RIDING_STYLED_ITEM('overriding color',(#8379),#3440,#8090);
#8379 = PRESENTATION_STYLE_ASSIGNMENT((#8380));
#8380 = SURFACE_STYLE_USAGE(.BOTH.,#8381);
#8381 = SURFACE_SIDE_STYLE('',(#8382,#8385));
#8382 = SURFACE_STYLE_FILL_AREA(#8383);
#8383 = FILL_AREA_STYLE('',(#8384));
#8384 = FILL_AREA_STYLE_COLOUR('',#7525);
#8385 = SURFACE_STYLE_RENDERING_WITH_PROPERTIES(.NORMAL_SHADING.,#7525,(
    #8386));
#8386 = SURFACE_STYLE_TRANSPARENT(1.);
#8387 = OVER_RIDING_STYLED_ITEM('overriding color',(#8388),#3487,#8090);
#8388 = PRESENTATION_STYLE_ASSIGNMENT((#8389));
#8389 = SURFACE_STYLE_USAGE(.BOTH.,#8390);
#8390 = SURFACE_SIDE_STYLE('',(#8391,#8394));
#8391 = SURFACE_STYLE_FILL_AREA(#8392);
#8392 = FILL_AREA_STYLE('',(#8393));
#8393 = FILL_AREA_STYLE_COLOUR('',#7525);
#8394 = SURFACE_STYLE_RENDERING_WITH_PROPERTIES(.NORMAL_SHADING.,#7525,(
    #8395));
#8395 = SURFACE_STYLE_TRANSPARENT(1.);
#8396 = OVER_RIDING_STYLED_ITEM('overriding color',(#8397),#3504,#8090);
#8397 = PRESENTATION_STYLE_ASSIGNMENT((#8398));
#8398 = SURFACE_STYLE_USAGE(.BOTH.,#8399);
#8399 = SURFACE_SIDE_STYLE('',(#8400,#8403));
#8400 = SURFACE_STYLE_FILL_AREA(#8401);
#8401 = FILL_AREA_STYLE('',(#8402));
#8402 = FILL_AREA_STYLE_COLOUR('',#7525);
#8403 = SURFACE_STYLE_RENDERING_WITH_PROPERTIES(.NORMAL_SHADING.,#7525,(
    #8404));
#8404 = SURFACE_STYLE_TRANSPARENT(1.);
#8405 = OVER_RIDING_STYLED_ITEM('overriding color',(#8406),#3551,#8090);
#8406 = PRESENTATION_STYLE_ASSIGNMENT((#8407));
#8407 = SURFACE_STYLE_USAGE(.BOTH.,#8408);
#8408 = SURFACE_SIDE_STYLE('',(#8409,#8412));
#8409 = SURFACE_STYLE_FILL_AREA(#8410);
#8410 = FILL_AREA_STYLE('',(#8411));
#8411 = FILL_AREA_STYLE_COLOUR('',#7525);
#8412 = SURFACE_STYLE_RENDERING_WITH_PROPERTIES(.NORMAL_SHADING.,#7525,(
    #8413));
#8413 = SURFACE_STYLE_TRANSPARENT(1.);
#8414 = OVER_RIDING_STYLED_ITEM('overriding color',(#8415),#3568,#8090);
#8415 = PRESENTATION_STYLE_ASSIGNMENT((#8416));
#8416 = SURFACE_STYLE_USAGE(.BOTH.,#8417);
#8417 = SURFACE_SIDE_STYLE('',(#8418,#8421));
#8418 = SURFACE_STYLE_FILL_AREA(#8419);
#8419 = FILL_AREA_STYLE('',(#8420));
#8420 = FILL_AREA_STYLE_COLOUR('',#7525);
#8421 = SURFACE_STYLE_RENDERING_WITH_PROPERTIES(.NORMAL_SHADING.,#7525,(
    #8422));
#8422 = SURFACE_STYLE_TRANSPARENT(1.);
#8423 = OVER_RIDING_STYLED_ITEM('overriding color',(#8424),#3615,#8090);
#8424 = PRESENTATION_STYLE_ASSIGNMENT((#8425));
#8425 = SURFACE_STYLE_USAGE(.BOTH.,#8426);
#8426 = SURFACE_SIDE_STYLE('',(#8427,#8430));
#8427 = SURFACE_STYLE_FILL_AREA(#8428);
#8428 = FILL_AREA_STYLE('',(#8429));
#8429 = FILL_AREA_STYLE_COLOUR('',#7525);
#8430 = SURFACE_STYLE_RENDERING_WITH_PROPERTIES(.NORMAL_SHADING.,#7525,(
    #8431));
#8431 = SURFACE_STYLE_TRANSPARENT(1.);
#8432 = OVER_RIDING_STYLED_ITEM('overriding color',(#8433),#3632,#8090);
#8433 = PRESENTATION_STYLE_ASSIGNMENT((#8434));
#8434 = SURFACE_STYLE_USAGE(.BOTH.,#8435);
#8435 = SURFACE_SIDE_STYLE('',(#8436,#8439));
#8436 = SURFACE_STYLE_FILL_AREA(#8437);
#8437 = FILL_AREA_STYLE('',(#8438));
#8438 = FILL_AREA_STYLE_COLOUR('',#7525);
#8439 = SURFACE_STYLE_RENDERING_WITH_PROPERTIES(.NORMAL_SHADING.,#7525,(
    #8440));
#8440 = SURFACE_STYLE_TRANSPARENT(1.);
#8441 = OVER_RIDING_STYLED_ITEM('overriding color',(#8442),#3679,#8090);
#8442 = PRESENTATION_STYLE_ASSIGNMENT((#8443));
#8443 = SURFACE_STYLE_USAGE(.BOTH.,#8444);
#8444 = SURFACE_SIDE_STYLE('',(#8445,#8448));
#8445 = SURFACE_STYLE_FILL_AREA(#8446);
#8446 = FILL_AREA_STYLE('',(#8447));
#8447 = FILL_AREA_STYLE_COLOUR('',#7525);
#8448 = SURFACE_STYLE_RENDERING_WITH_PROPERTIES(.NORMAL_SHADING.,#7525,(
    #8449));
#8449 = SURFACE_STYLE_TRANSPARENT(1.);
#8450 = OVER_RIDING_STYLED_ITEM('overriding color',(#8451),#3696,#8090);
#8451 = PRESENTATION_STYLE_ASSIGNMENT((#8452));
#8452 = SURFACE_STYLE_USAGE(.BOTH.,#8453);
#8453 = SURFACE_SIDE_STYLE('',(#8454,#8457));
#8454 = SURFACE_STYLE_FILL_AREA(#8455);
#8455 = FILL_AREA_STYLE('',(#8456));
#8456 = FILL_AREA_STYLE_COLOUR('',#7525);
#8457 = SURFACE_STYLE_RENDERING_WITH_PROPERTIES(.NORMAL_SHADING.,#7525,(
    #8458));
#8458 = SURFACE_STYLE_TRANSPARENT(1.);
#8459 = OVER_RIDING_STYLED_ITEM('overriding color',(#8460),#3743,#8090);
#8460 = PRESENTATION_STYLE_ASSIGNMENT((#8461));
#8461 = SURFACE_STYLE_USAGE(.BOTH.,#8462);
#8462 = SURFACE_SIDE_STYLE('',(#8463,#8466));
#8463 = SURFACE_STYLE_FILL_AREA(#8464);
#8464 = FILL_AREA_STYLE('',(#8465));
#8465 = FILL_AREA_STYLE_COLOUR('',#7525);
#8466 = SURFACE_STYLE_RENDERING_WITH_PROPERTIES(.NORMAL_SHADING.,#7525,(
    #8467));
#8467 = SURFACE_STYLE_TRANSPARENT(1.);
#8468 = OVER_RIDING_STYLED_ITEM('overriding color',(#8469),#3760,#8090);
#8469 = PRESENTATION_STYLE_ASSIGNMENT((#8470));
#8470 = SURFACE_STYLE_USAGE(.BOTH.,#8471);
#8471 = SURFACE_SIDE_STYLE('',(#8472,#8475));
#8472 = SURFACE_STYLE_FILL_AREA(#8473);
#8473 = FILL_AREA_STYLE('',(#8474));
#8474 = FILL_AREA_STYLE_COLOUR('',#7525);
#8475 = SURFACE_STYLE_RENDERING_WITH_PROPERTIES(.NORMAL_SHADING.,#7525,(
    #8476));
#8476 = SURFACE_STYLE_TRANSPARENT(1.);
#8477 = OVER_RIDING_STYLED_ITEM('overriding color',(#8478),#3807,#8090);
#8478 = PRESENTATION_STYLE_ASSIGNMENT((#8479));
#8479 = SURFACE_STYLE_USAGE(.BOTH.,#8480);
#8480 = SURFACE_SIDE_STYLE('',(#8481,#8484));
#8481 = SURFACE_STYLE_FILL_AREA(#8482);
#8482 = FILL_AREA_STYLE('',(#8483));
#8483 = FILL_AREA_STYLE_COLOUR('',#7371);
#8484 = SURFACE_STYLE_RENDERING_WITH_PROPERTIES(.NORMAL_SHADING.,#7371,(
    #8485));
#8485 = SURFACE_STYLE_TRANSPARENT(1.);
#8486 = OVER_RIDING_STYLED_ITEM('overriding color',(#8487),#3838,#8090);
#8487 = PRESENTATION_STYLE_ASSIGNMENT((#8488));
#8488 = SURFACE_STYLE_USAGE(.BOTH.,#8489);
#8489 = SURFACE_SIDE_STYLE('',(#8490,#8493));
#8490 = SURFACE_STYLE_FILL_AREA(#8491);
#8491 = FILL_AREA_STYLE('',(#8492));
#8492 = FILL_AREA_STYLE_COLOUR('',#7371);
#8493 = SURFACE_STYLE_RENDERING_WITH_PROPERTIES(.NORMAL_SHADING.,#7371,(
    #8494));
#8494 = SURFACE_STYLE_TRANSPARENT(1.);
#8495 = OVER_RIDING_STYLED_ITEM('overriding color',(#8496),#3894,#8090);
#8496 = PRESENTATION_STYLE_ASSIGNMENT((#8497));
#8497 = SURFACE_STYLE_USAGE(.BOTH.,#8498);
#8498 = SURFACE_SIDE_STYLE('',(#8499,#8502));
#8499 = SURFACE_STYLE_FILL_AREA(#8500);
#8500 = FILL_AREA_STYLE('',(#8501));
#8501 = FILL_AREA_STYLE_COLOUR('',#7371);
#8502 = SURFACE_STYLE_RENDERING_WITH_PROPERTIES(.NORMAL_SHADING.,#7371,(
    #8503));
#8503 = SURFACE_STYLE_TRANSPARENT(1.);
#8504 = OVER_RIDING_STYLED_ITEM('overriding color',(#8505),#3918,#8090);
#8505 = PRESENTATION_STYLE_ASSIGNMENT((#8506));
#8506 = SURFACE_STYLE_USAGE(.BOTH.,#8507);
#8507 = SURFACE_SIDE_STYLE('',(#8508,#8511));
#8508 = SURFACE_STYLE_FILL_AREA(#8509);
#8509 = FILL_AREA_STYLE('',(#8510));
#8510 = FILL_AREA_STYLE_COLOUR('',#7371);
#8511 = SURFACE_STYLE_RENDERING_WITH_PROPERTIES(.NORMAL_SHADING.,#7371,(
    #8512));
#8512 = SURFACE_STYLE_TRANSPARENT(1.);
#8513 = OVER_RIDING_STYLED_ITEM('overriding color',(#8514),#3967,#8090);
#8514 = PRESENTATION_STYLE_ASSIGNMENT((#8515));
#8515 = SURFACE_STYLE_USAGE(.BOTH.,#8516);
#8516 = SURFACE_SIDE_STYLE('',(#8517,#8520));
#8517 = SURFACE_STYLE_FILL_AREA(#8518);
#8518 = FILL_AREA_STYLE('',(#8519));
#8519 = FILL_AREA_STYLE_COLOUR('',#7371);
#8520 = SURFACE_STYLE_RENDERING_WITH_PROPERTIES(.NORMAL_SHADING.,#7371,(
    #8521));
#8521 = SURFACE_STYLE_TRANSPARENT(1.);
#8522 = OVER_RIDING_STYLED_ITEM('overriding color',(#8523),#3998,#8090);
#8523 = PRESENTATION_STYLE_ASSIGNMENT((#8524));
#8524 = SURFACE_STYLE_USAGE(.BOTH.,#8525);
#8525 = SURFACE_SIDE_STYLE('',(#8526,#8529));
#8526 = SURFACE_STYLE_FILL_AREA(#8527);
#8527 = FILL_AREA_STYLE('',(#8528));
#8528 = FILL_AREA_STYLE_COLOUR('',#7371);
#8529 = SURFACE_STYLE_RENDERING_WITH_PROPERTIES(.NORMAL_SHADING.,#7371,(
    #8530));
#8530 = SURFACE_STYLE_TRANSPARENT(1.);
#8531 = OVER_RIDING_STYLED_ITEM('overriding color',(#8532),#4054,#8090);
#8532 = PRESENTATION_STYLE_ASSIGNMENT((#8533));
#8533 = SURFACE_STYLE_USAGE(.BOTH.,#8534);
#8534 = SURFACE_SIDE_STYLE('',(#8535,#8538));
#8535 = SURFACE_STYLE_FILL_AREA(#8536);
#8536 = FILL_AREA_STYLE('',(#8537));
#8537 = FILL_AREA_STYLE_COLOUR('',#7371);
#8538 = SURFACE_STYLE_RENDERING_WITH_PROPERTIES(.NORMAL_SHADING.,#7371,(
    #8539));
#8539 = SURFACE_STYLE_TRANSPARENT(1.);
#8540 = OVER_RIDING_STYLED_ITEM('overriding color',(#8541),#4078,#8090);
#8541 = PRESENTATION_STYLE_ASSIGNMENT((#8542));
#8542 = SURFACE_STYLE_USAGE(.BOTH.,#8543);
#8543 = SURFACE_SIDE_STYLE('',(#8544,#8547));
#8544 = SURFACE_STYLE_FILL_AREA(#8545);
#8545 = FILL_AREA_STYLE('',(#8546));
#8546 = FILL_AREA_STYLE_COLOUR('',#7371);
#8547 = SURFACE_STYLE_RENDERING_WITH_PROPERTIES(.NORMAL_SHADING.,#7371,(
    #8548));
#8548 = SURFACE_STYLE_TRANSPARENT(1.);
#8549 = OVER_RIDING_STYLED_ITEM('overriding color',(#8550),#4127,#8090);
#8550 = PRESENTATION_STYLE_ASSIGNMENT((#8551));
#8551 = SURFACE_STYLE_USAGE(.BOTH.,#8552);
#8552 = SURFACE_SIDE_STYLE('',(#8553,#8556));
#8553 = SURFACE_STYLE_FILL_AREA(#8554);
#8554 = FILL_AREA_STYLE('',(#8555));
#8555 = FILL_AREA_STYLE_COLOUR('',#7371);
#8556 = SURFACE_STYLE_RENDERING_WITH_PROPERTIES(.NORMAL_SHADING.,#7371,(
    #8557));
#8557 = SURFACE_STYLE_TRANSPARENT(1.);
#8558 = OVER_RIDING_STYLED_ITEM('overriding color',(#8559),#4158,#8090);
#8559 = PRESENTATION_STYLE_ASSIGNMENT((#8560));
#8560 = SURFACE_STYLE_USAGE(.BOTH.,#8561);
#8561 = SURFACE_SIDE_STYLE('',(#8562,#8565));
#8562 = SURFACE_STYLE_FILL_AREA(#8563);
#8563 = FILL_AREA_STYLE('',(#8564));
#8564 = FILL_AREA_STYLE_COLOUR('',#7371);
#8565 = SURFACE_STYLE_RENDERING_WITH_PROPERTIES(.NORMAL_SHADING.,#7371,(
    #8566));
#8566 = SURFACE_STYLE_TRANSPARENT(1.);
#8567 = OVER_RIDING_STYLED_ITEM('overriding color',(#8568),#4214,#8090);
#8568 = PRESENTATION_STYLE_ASSIGNMENT((#8569));
#8569 = SURFACE_STYLE_USAGE(.BOTH.,#8570);
#8570 = SURFACE_SIDE_STYLE('',(#8571,#8574));
#8571 = SURFACE_STYLE_FILL_AREA(#8572);
#8572 = FILL_AREA_STYLE('',(#8573));
#8573 = FILL_AREA_STYLE_COLOUR('',#7371);
#8574 = SURFACE_STYLE_RENDERING_WITH_PROPERTIES(.NORMAL_SHADING.,#7371,(
    #8575));
#8575 = SURFACE_STYLE_TRANSPARENT(1.);
#8576 = OVER_RIDING_STYLED_ITEM('overriding color',(#8577),#4238,#8090);
#8577 = PRESENTATION_STYLE_ASSIGNMENT((#8578));
#8578 = SURFACE_STYLE_USAGE(.BOTH.,#8579);
#8579 = SURFACE_SIDE_STYLE('',(#8580,#8583));
#8580 = SURFACE_STYLE_FILL_AREA(#8581);
#8581 = FILL_AREA_STYLE('',(#8582));
#8582 = FILL_AREA_STYLE_COLOUR('',#7371);
#8583 = SURFACE_STYLE_RENDERING_WITH_PROPERTIES(.NORMAL_SHADING.,#7371,(
    #8584));
#8584 = SURFACE_STYLE_TRANSPARENT(1.);
#8585 = OVER_RIDING_STYLED_ITEM('overriding color',(#8586),#4287,#8090);
#8586 = PRESENTATION_STYLE_ASSIGNMENT((#8587));
#8587 = SURFACE_STYLE_USAGE(.BOTH.,#8588);
#8588 = SURFACE_SIDE_STYLE('',(#8589,#8592));
#8589 = SURFACE_STYLE_FILL_AREA(#8590);
#8590 = FILL_AREA_STYLE('',(#8591));
#8591 = FILL_AREA_STYLE_COLOUR('',#7371);
#8592 = SURFACE_STYLE_RENDERING_WITH_PROPERTIES(.NORMAL_SHADING.,#7371,(
    #8593));
#8593 = SURFACE_STYLE_TRANSPARENT(1.);
#8594 = OVER_RIDING_STYLED_ITEM('overriding color',(#8595),#4318,#8090);
#8595 = PRESENTATION_STYLE_ASSIGNMENT((#8596));
#8596 = SURFACE_STYLE_USAGE(.BOTH.,#8597);
#8597 = SURFACE_SIDE_STYLE('',(#8598,#8601));
#8598 = SURFACE_STYLE_FILL_AREA(#8599);
#8599 = FILL_AREA_STYLE('',(#8600));
#8600 = FILL_AREA_STYLE_COLOUR('',#7371);
#8601 = SURFACE_STYLE_RENDERING_WITH_PROPERTIES(.NORMAL_SHADING.,#7371,(
    #8602));
#8602 = SURFACE_STYLE_TRANSPARENT(1.);
#8603 = OVER_RIDING_STYLED_ITEM('overriding color',(#8604),#4374,#8090);
#8604 = PRESENTATION_STYLE_ASSIGNMENT((#8605));
#8605 = SURFACE_STYLE_USAGE(.BOTH.,#8606);
#8606 = SURFACE_SIDE_STYLE('',(#8607,#8610));
#8607 = SURFACE_STYLE_FILL_AREA(#8608);
#8608 = FILL_AREA_STYLE('',(#8609));
#8609 = FILL_AREA_STYLE_COLOUR('',#7371);
#8610 = SURFACE_STYLE_RENDERING_WITH_PROPERTIES(.NORMAL_SHADING.,#7371,(
    #8611));
#8611 = SURFACE_STYLE_TRANSPARENT(1.);
#8612 = OVER_RIDING_STYLED_ITEM('overriding color',(#8613),#4398,#8090);
#8613 = PRESENTATION_STYLE_ASSIGNMENT((#8614));
#8614 = SURFACE_STYLE_USAGE(.BOTH.,#8615);
#8615 = SURFACE_SIDE_STYLE('',(#8616,#8619));
#8616 = SURFACE_STYLE_FILL_AREA(#8617);
#8617 = FILL_AREA_STYLE('',(#8618));
#8618 = FILL_AREA_STYLE_COLOUR('',#7371);
#8619 = SURFACE_STYLE_RENDERING_WITH_PROPERTIES(.NORMAL_SHADING.,#7371,(
    #8620));
#8620 = SURFACE_STYLE_TRANSPARENT(1.);
#8621 = OVER_RIDING_STYLED_ITEM('overriding color',(#8622),#4447,#8090);
#8622 = PRESENTATION_STYLE_ASSIGNMENT((#8623));
#8623 = SURFACE_STYLE_USAGE(.BOTH.,#8624);
#8624 = SURFACE_SIDE_STYLE('',(#8625,#8628));
#8625 = SURFACE_STYLE_FILL_AREA(#8626);
#8626 = FILL_AREA_STYLE('',(#8627));
#8627 = FILL_AREA_STYLE_COLOUR('',#7525);
#8628 = SURFACE_STYLE_RENDERING_WITH_PROPERTIES(.NORMAL_SHADING.,#7525,(
    #8629));
#8629 = SURFACE_STYLE_TRANSPARENT(1.);
#8630 = OVER_RIDING_STYLED_ITEM('overriding color',(#8631),#4464,#8090);
#8631 = PRESENTATION_STYLE_ASSIGNMENT((#8632));
#8632 = SURFACE_STYLE_USAGE(.BOTH.,#8633);
#8633 = SURFACE_SIDE_STYLE('',(#8634,#8637));
#8634 = SURFACE_STYLE_FILL_AREA(#8635);
#8635 = FILL_AREA_STYLE('',(#8636));
#8636 = FILL_AREA_STYLE_COLOUR('',#7525);
#8637 = SURFACE_STYLE_RENDERING_WITH_PROPERTIES(.NORMAL_SHADING.,#7525,(
    #8638));
#8638 = SURFACE_STYLE_TRANSPARENT(1.);
#8639 = OVER_RIDING_STYLED_ITEM('overriding color',(#8640),#4481,#8090);
#8640 = PRESENTATION_STYLE_ASSIGNMENT((#8641));
#8641 = SURFACE_STYLE_USAGE(.BOTH.,#8642);
#8642 = SURFACE_SIDE_STYLE('',(#8643,#8646));
#8643 = SURFACE_STYLE_FILL_AREA(#8644);
#8644 = FILL_AREA_STYLE('',(#8645));
#8645 = FILL_AREA_STYLE_COLOUR('',#7525);
#8646 = SURFACE_STYLE_RENDERING_WITH_PROPERTIES(.NORMAL_SHADING.,#7525,(
    #8647));
#8647 = SURFACE_STYLE_TRANSPARENT(1.);
#8648 = OVER_RIDING_STYLED_ITEM('overriding color',(#8649),#4498,#8090);
#8649 = PRESENTATION_STYLE_ASSIGNMENT((#8650));
#8650 = SURFACE_STYLE_USAGE(.BOTH.,#8651);
#8651 = SURFACE_SIDE_STYLE('',(#8652,#8655));
#8652 = SURFACE_STYLE_FILL_AREA(#8653);
#8653 = FILL_AREA_STYLE('',(#8654));
#8654 = FILL_AREA_STYLE_COLOUR('',#7525);
#8655 = SURFACE_STYLE_RENDERING_WITH_PROPERTIES(.NORMAL_SHADING.,#7525,(
    #8656));
#8656 = SURFACE_STYLE_TRANSPARENT(1.);
#8657 = OVER_RIDING_STYLED_ITEM('overriding color',(#8658),#4515,#8090);
#8658 = PRESENTATION_STYLE_ASSIGNMENT((#8659));
#8659 = SURFACE_STYLE_USAGE(.BOTH.,#8660);
#8660 = SURFACE_SIDE_STYLE('',(#8661,#8664));
#8661 = SURFACE_STYLE_FILL_AREA(#8662);
#8662 = FILL_AREA_STYLE('',(#8663));
#8663 = FILL_AREA_STYLE_COLOUR('',#7525);
#8664 = SURFACE_STYLE_RENDERING_WITH_PROPERTIES(.NORMAL_SHADING.,#7525,(
    #8665));
#8665 = SURFACE_STYLE_TRANSPARENT(1.);
#8666 = OVER_RIDING_STYLED_ITEM('overriding color',(#8667),#4527,#8090);
#8667 = PRESENTATION_STYLE_ASSIGNMENT((#8668));
#8668 = SURFACE_STYLE_USAGE(.BOTH.,#8669);
#8669 = SURFACE_SIDE_STYLE('',(#8670,#8673));
#8670 = SURFACE_STYLE_FILL_AREA(#8671);
#8671 = FILL_AREA_STYLE('',(#8672));
#8672 = FILL_AREA_STYLE_COLOUR('',#7525);
#8673 = SURFACE_STYLE_RENDERING_WITH_PROPERTIES(.NORMAL_SHADING.,#7525,(
    #8674));
#8674 = SURFACE_STYLE_TRANSPARENT(1.);
#8675 = OVER_RIDING_STYLED_ITEM('overriding color',(#8676),#4544,#8090);
#8676 = PRESENTATION_STYLE_ASSIGNMENT((#8677));
#8677 = SURFACE_STYLE_USAGE(.BOTH.,#8678);
#8678 = SURFACE_SIDE_STYLE('',(#8679,#8682));
#8679 = SURFACE_STYLE_FILL_AREA(#8680);
#8680 = FILL_AREA_STYLE('',(#8681));
#8681 = FILL_AREA_STYLE_COLOUR('',#7525);
#8682 = SURFACE_STYLE_RENDERING_WITH_PROPERTIES(.NORMAL_SHADING.,#7525,(
    #8683));
#8683 = SURFACE_STYLE_TRANSPARENT(1.);
#8684 = OVER_RIDING_STYLED_ITEM('overriding color',(#8685),#4561,#8090);
#8685 = PRESENTATION_STYLE_ASSIGNMENT((#8686));
#8686 = SURFACE_STYLE_USAGE(.BOTH.,#8687);
#8687 = SURFACE_SIDE_STYLE('',(#8688,#8691));
#8688 = SURFACE_STYLE_FILL_AREA(#8689);
#8689 = FILL_AREA_STYLE('',(#8690));
#8690 = FILL_AREA_STYLE_COLOUR('',#7525);
#8691 = SURFACE_STYLE_RENDERING_WITH_PROPERTIES(.NORMAL_SHADING.,#7525,(
    #8692));
#8692 = SURFACE_STYLE_TRANSPARENT(1.);
#8693 = OVER_RIDING_STYLED_ITEM('overriding color',(#8694),#4578,#8090);
#8694 = PRESENTATION_STYLE_ASSIGNMENT((#8695));
#8695 = SURFACE_STYLE_USAGE(.BOTH.,#8696);
#8696 = SURFACE_SIDE_STYLE('',(#8697,#8700));
#8697 = SURFACE_STYLE_FILL_AREA(#8698);
#8698 = FILL_AREA_STYLE('',(#8699));
#8699 = FILL_AREA_STYLE_COLOUR('',#7525);
#8700 = SURFACE_STYLE_RENDERING_WITH_PROPERTIES(.NORMAL_SHADING.,#7525,(
    #8701));
#8701 = SURFACE_STYLE_TRANSPARENT(1.);
#8702 = OVER_RIDING_STYLED_ITEM('overriding color',(#8703),#4595,#8090);
#8703 = PRESENTATION_STYLE_ASSIGNMENT((#8704));
#8704 = SURFACE_STYLE_USAGE(.BOTH.,#8705);
#8705 = SURFACE_SIDE_STYLE('',(#8706,#8709));
#8706 = SURFACE_STYLE_FILL_AREA(#8707);
#8707 = FILL_AREA_STYLE('',(#8708));
#8708 = FILL_AREA_STYLE_COLOUR('',#7525);
#8709 = SURFACE_STYLE_RENDERING_WITH_PROPERTIES(.NORMAL_SHADING.,#7525,(
    #8710));
#8710 = SURFACE_STYLE_TRANSPARENT(1.);
#8711 = OVER_RIDING_STYLED_ITEM('overriding color',(#8712),#4607,#8090);
#8712 = PRESENTATION_STYLE_ASSIGNMENT((#8713));
#8713 = SURFACE_STYLE_USAGE(.BOTH.,#8714);
#8714 = SURFACE_SIDE_STYLE('',(#8715,#8718));
#8715 = SURFACE_STYLE_FILL_AREA(#8716);
#8716 = FILL_AREA_STYLE('',(#8717));
#8717 = FILL_AREA_STYLE_COLOUR('',#7525);
#8718 = SURFACE_STYLE_RENDERING_WITH_PROPERTIES(.NORMAL_SHADING.,#7525,(
    #8719));
#8719 = SURFACE_STYLE_TRANSPARENT(1.);
#8720 = OVER_RIDING_STYLED_ITEM('overriding color',(#8721),#4624,#8090);
#8721 = PRESENTATION_STYLE_ASSIGNMENT((#8722));
#8722 = SURFACE_STYLE_USAGE(.BOTH.,#8723);
#8723 = SURFACE_SIDE_STYLE('',(#8724,#8727));
#8724 = SURFACE_STYLE_FILL_AREA(#8725);
#8725 = FILL_AREA_STYLE('',(#8726));
#8726 = FILL_AREA_STYLE_COLOUR('',#7525);
#8727 = SURFACE_STYLE_RENDERING_WITH_PROPERTIES(.NORMAL_SHADING.,#7525,(
    #8728));
#8728 = SURFACE_STYLE_TRANSPARENT(1.);
#8729 = OVER_RIDING_STYLED_ITEM('overriding color',(#8730),#4641,#8090);
#8730 = PRESENTATION_STYLE_ASSIGNMENT((#8731));
#8731 = SURFACE_STYLE_USAGE(.BOTH.,#8732);
#8732 = SURFACE_SIDE_STYLE('',(#8733,#8736));
#8733 = SURFACE_STYLE_FILL_AREA(#8734);
#8734 = FILL_AREA_STYLE('',(#8735));
#8735 = FILL_AREA_STYLE_COLOUR('',#7525);
#8736 = SURFACE_STYLE_RENDERING_WITH_PROPERTIES(.NORMAL_SHADING.,#7525,(
    #8737));
#8737 = SURFACE_STYLE_TRANSPARENT(1.);
#8738 = OVER_RIDING_STYLED_ITEM('overriding color',(#8739),#4658,#8090);
#8739 = PRESENTATION_STYLE_ASSIGNMENT((#8740));
#8740 = SURFACE_STYLE_USAGE(.BOTH.,#8741);
#8741 = SURFACE_SIDE_STYLE('',(#8742,#8745));
#8742 = SURFACE_STYLE_FILL_AREA(#8743);
#8743 = FILL_AREA_STYLE('',(#8744));
#8744 = FILL_AREA_STYLE_COLOUR('',#7525);
#8745 = SURFACE_STYLE_RENDERING_WITH_PROPERTIES(.NORMAL_SHADING.,#7525,(
    #8746));
#8746 = SURFACE_STYLE_TRANSPARENT(1.);
#8747 = OVER_RIDING_STYLED_ITEM('overriding color',(#8748),#4675,#8090);
#8748 = PRESENTATION_STYLE_ASSIGNMENT((#8749));
#8749 = SURFACE_STYLE_USAGE(.BOTH.,#8750);
#8750 = SURFACE_SIDE_STYLE('',(#8751,#8754));
#8751 = SURFACE_STYLE_FILL_AREA(#8752);
#8752 = FILL_AREA_STYLE('',(#8753));
#8753 = FILL_AREA_STYLE_COLOUR('',#7525);
#8754 = SURFACE_STYLE_RENDERING_WITH_PROPERTIES(.NORMAL_SHADING.,#7525,(
    #8755));
#8755 = SURFACE_STYLE_TRANSPARENT(1.);
#8756 = OVER_RIDING_STYLED_ITEM('overriding color',(#8757),#4687,#8090);
#8757 = PRESENTATION_STYLE_ASSIGNMENT((#8758));
#8758 = SURFACE_STYLE_USAGE(.BOTH.,#8759);
#8759 = SURFACE_SIDE_STYLE('',(#8760,#8763));
#8760 = SURFACE_STYLE_FILL_AREA(#8761);
#8761 = FILL_AREA_STYLE('',(#8762));
#8762 = FILL_AREA_STYLE_COLOUR('',#7525);
#8763 = SURFACE_STYLE_RENDERING_WITH_PROPERTIES(.NORMAL_SHADING.,#7525,(
    #8764));
#8764 = SURFACE_STYLE_TRANSPARENT(1.);
#8765 = OVER_RIDING_STYLED_ITEM('overriding color',(#8766),#4704,#8090);
#8766 = PRESENTATION_STYLE_ASSIGNMENT((#8767));
#8767 = SURFACE_STYLE_USAGE(.BOTH.,#8768);
#8768 = SURFACE_SIDE_STYLE('',(#8769,#8772));
#8769 = SURFACE_STYLE_FILL_AREA(#8770);
#8770 = FILL_AREA_STYLE('',(#8771));
#8771 = FILL_AREA_STYLE_COLOUR('',#7525);
#8772 = SURFACE_STYLE_RENDERING_WITH_PROPERTIES(.NORMAL_SHADING.,#7525,(
    #8773));
#8773 = SURFACE_STYLE_TRANSPARENT(1.);
#8774 = OVER_RIDING_STYLED_ITEM('overriding color',(#8775),#4721,#8090);
#8775 = PRESENTATION_STYLE_ASSIGNMENT((#8776));
#8776 = SURFACE_STYLE_USAGE(.BOTH.,#8777);
#8777 = SURFACE_SIDE_STYLE('',(#8778,#8781));
#8778 = SURFACE_STYLE_FILL_AREA(#8779);
#8779 = FILL_AREA_STYLE('',(#8780));
#8780 = FILL_AREA_STYLE_COLOUR('',#7525);
#8781 = SURFACE_STYLE_RENDERING_WITH_PROPERTIES(.NORMAL_SHADING.,#7525,(
    #8782));
#8782 = SURFACE_STYLE_TRANSPARENT(1.);
#8783 = OVER_RIDING_STYLED_ITEM('overriding color',(#8784),#4738,#8090);
#8784 = PRESENTATION_STYLE_ASSIGNMENT((#8785));
#8785 = SURFACE_STYLE_USAGE(.BOTH.,#8786);
#8786 = SURFACE_SIDE_STYLE('',(#8787,#8790));
#8787 = SURFACE_STYLE_FILL_AREA(#8788);
#8788 = FILL_AREA_STYLE('',(#8789));
#8789 = FILL_AREA_STYLE_COLOUR('',#7525);
#8790 = SURFACE_STYLE_RENDERING_WITH_PROPERTIES(.NORMAL_SHADING.,#7525,(
    #8791));
#8791 = SURFACE_STYLE_TRANSPARENT(1.);
#8792 = OVER_RIDING_STYLED_ITEM('overriding color',(#8793),#4755,#8090);
#8793 = PRESENTATION_STYLE_ASSIGNMENT((#8794));
#8794 = SURFACE_STYLE_USAGE(.BOTH.,#8795);
#8795 = SURFACE_SIDE_STYLE('',(#8796,#8799));
#8796 = SURFACE_STYLE_FILL_AREA(#8797);
#8797 = FILL_AREA_STYLE('',(#8798));
#8798 = FILL_AREA_STYLE_COLOUR('',#7525);
#8799 = SURFACE_STYLE_RENDERING_WITH_PROPERTIES(.NORMAL_SHADING.,#7525,(
    #8800));
#8800 = SURFACE_STYLE_TRANSPARENT(1.);
#8801 = OVER_RIDING_STYLED_ITEM('overriding color',(#8802),#4767,#8090);
#8802 = PRESENTATION_STYLE_ASSIGNMENT((#8803));
#8803 = SURFACE_STYLE_USAGE(.BOTH.,#8804);
#8804 = SURFACE_SIDE_STYLE('',(#8805,#8808));
#8805 = SURFACE_STYLE_FILL_AREA(#8806);
#8806 = FILL_AREA_STYLE('',(#8807));
#8807 = FILL_AREA_STYLE_COLOUR('',#7371);
#8808 = SURFACE_STYLE_RENDERING_WITH_PROPERTIES(.NORMAL_SHADING.,#7371,(
    #8809));
#8809 = SURFACE_STYLE_TRANSPARENT(1.);
#8810 = OVER_RIDING_STYLED_ITEM('overriding color',(#8811),#4784,#8090);
#8811 = PRESENTATION_STYLE_ASSIGNMENT((#8812));
#8812 = SURFACE_STYLE_USAGE(.BOTH.,#8813);
#8813 = SURFACE_SIDE_STYLE('',(#8814,#8817));
#8814 = SURFACE_STYLE_FILL_AREA(#8815);
#8815 = FILL_AREA_STYLE('',(#8816));
#8816 = FILL_AREA_STYLE_COLOUR('',#7371);
#8817 = SURFACE_STYLE_RENDERING_WITH_PROPERTIES(.NORMAL_SHADING.,#7371,(
    #8818));
#8818 = SURFACE_STYLE_TRANSPARENT(1.);
#8819 = OVER_RIDING_STYLED_ITEM('overriding color',(#8820),#4801,#8090);
#8820 = PRESENTATION_STYLE_ASSIGNMENT((#8821));
#8821 = SURFACE_STYLE_USAGE(.BOTH.,#8822);
#8822 = SURFACE_SIDE_STYLE('',(#8823,#8826));
#8823 = SURFACE_STYLE_FILL_AREA(#8824);
#8824 = FILL_AREA_STYLE('',(#8825));
#8825 = FILL_AREA_STYLE_COLOUR('',#7525);
#8826 = SURFACE_STYLE_RENDERING_WITH_PROPERTIES(.NORMAL_SHADING.,#7525,(
    #8827));
#8827 = SURFACE_STYLE_TRANSPARENT(1.);
#8828 = OVER_RIDING_STYLED_ITEM('overriding color',(#8829),#4850,#8090);
#8829 = PRESENTATION_STYLE_ASSIGNMENT((#8830));
#8830 = SURFACE_STYLE_USAGE(.BOTH.,#8831);
#8831 = SURFACE_SIDE_STYLE('',(#8832,#8835));
#8832 = SURFACE_STYLE_FILL_AREA(#8833);
#8833 = FILL_AREA_STYLE('',(#8834));
#8834 = FILL_AREA_STYLE_COLOUR('',#7525);
#8835 = SURFACE_STYLE_RENDERING_WITH_PROPERTIES(.NORMAL_SHADING.,#7525,(
    #8836));
#8836 = SURFACE_STYLE_TRANSPARENT(1.);
#8837 = OVER_RIDING_STYLED_ITEM('overriding color',(#8838),#4874,#8090);
#8838 = PRESENTATION_STYLE_ASSIGNMENT((#8839));
#8839 = SURFACE_STYLE_USAGE(.BOTH.,#8840);
#8840 = SURFACE_SIDE_STYLE('',(#8841,#8844));
#8841 = SURFACE_STYLE_FILL_AREA(#8842);
#8842 = FILL_AREA_STYLE('',(#8843));
#8843 = FILL_AREA_STYLE_COLOUR('',#7525);
#8844 = SURFACE_STYLE_RENDERING_WITH_PROPERTIES(.NORMAL_SHADING.,#7525,(
    #8845));
#8845 = SURFACE_STYLE_TRANSPARENT(1.);
#8846 = OVER_RIDING_STYLED_ITEM('overriding color',(#8847),#4916,#8090);
#8847 = PRESENTATION_STYLE_ASSIGNMENT((#8848));
#8848 = SURFACE_STYLE_USAGE(.BOTH.,#8849);
#8849 = SURFACE_SIDE_STYLE('',(#8850,#8853));
#8850 = SURFACE_STYLE_FILL_AREA(#8851);
#8851 = FILL_AREA_STYLE('',(#8852));
#8852 = FILL_AREA_STYLE_COLOUR('',#7525);
#8853 = SURFACE_STYLE_RENDERING_WITH_PROPERTIES(.NORMAL_SHADING.,#7525,(
    #8854));
#8854 = SURFACE_STYLE_TRANSPARENT(1.);
#8855 = OVER_RIDING_STYLED_ITEM('overriding color',(#8856),#4933,#8090);
#8856 = PRESENTATION_STYLE_ASSIGNMENT((#8857));
#8857 = SURFACE_STYLE_USAGE(.BOTH.,#8858);
#8858 = SURFACE_SIDE_STYLE('',(#8859,#8862));
#8859 = SURFACE_STYLE_FILL_AREA(#8860);
#8860 = FILL_AREA_STYLE('',(#8861));
#8861 = FILL_AREA_STYLE_COLOUR('',#7371);
#8862 = SURFACE_STYLE_RENDERING_WITH_PROPERTIES(.NORMAL_SHADING.,#7371,(
    #8863));
#8863 = SURFACE_STYLE_TRANSPARENT(1.);
#8864 = OVER_RIDING_STYLED_ITEM('overriding color',(#8865),#4950,#8090);
#8865 = PRESENTATION_STYLE_ASSIGNMENT((#8866));
#8866 = SURFACE_STYLE_USAGE(.BOTH.,#8867);
#8867 = SURFACE_SIDE_STYLE('',(#8868,#8871));
#8868 = SURFACE_STYLE_FILL_AREA(#8869);
#8869 = FILL_AREA_STYLE('',(#8870));
#8870 = FILL_AREA_STYLE_COLOUR('',#7371);
#8871 = SURFACE_STYLE_RENDERING_WITH_PROPERTIES(.NORMAL_SHADING.,#7371,(
    #8872));
#8872 = SURFACE_STYLE_TRANSPARENT(1.);
#8873 = OVER_RIDING_STYLED_ITEM('overriding color',(#8874),#4967,#8090);
#8874 = PRESENTATION_STYLE_ASSIGNMENT((#8875));
#8875 = SURFACE_STYLE_USAGE(.BOTH.,#8876);
#8876 = SURFACE_SIDE_STYLE('',(#8877,#8880));
#8877 = SURFACE_STYLE_FILL_AREA(#8878);
#8878 = FILL_AREA_STYLE('',(#8879));
#8879 = FILL_AREA_STYLE_COLOUR('',#7525);
#8880 = SURFACE_STYLE_RENDERING_WITH_PROPERTIES(.NORMAL_SHADING.,#7525,(
    #8881));
#8881 = SURFACE_STYLE_TRANSPARENT(1.);
#8882 = OVER_RIDING_STYLED_ITEM('overriding color',(#8883),#5016,#8090);
#8883 = PRESENTATION_STYLE_ASSIGNMENT((#8884));
#8884 = SURFACE_STYLE_USAGE(.BOTH.,#8885);
#8885 = SURFACE_SIDE_STYLE('',(#8886,#8889));
#8886 = SURFACE_STYLE_FILL_AREA(#8887);
#8887 = FILL_AREA_STYLE('',(#8888));
#8888 = FILL_AREA_STYLE_COLOUR('',#7525);
#8889 = SURFACE_STYLE_RENDERING_WITH_PROPERTIES(.NORMAL_SHADING.,#7525,(
    #8890));
#8890 = SURFACE_STYLE_TRANSPARENT(1.);
#8891 = OVER_RIDING_STYLED_ITEM('overriding color',(#8892),#5040,#8090);
#8892 = PRESENTATION_STYLE_ASSIGNMENT((#8893));
#8893 = SURFACE_STYLE_USAGE(.BOTH.,#8894);
#8894 = SURFACE_SIDE_STYLE('',(#8895,#8898));
#8895 = SURFACE_STYLE_FILL_AREA(#8896);
#8896 = FILL_AREA_STYLE('',(#8897));
#8897 = FILL_AREA_STYLE_COLOUR('',#7525);
#8898 = SURFACE_STYLE_RENDERING_WITH_PROPERTIES(.NORMAL_SHADING.,#7525,(
    #8899));
#8899 = SURFACE_STYLE_TRANSPARENT(1.);
#8900 = OVER_RIDING_STYLED_ITEM('overriding color',(#8901),#5082,#8090);
#8901 = PRESENTATION_STYLE_ASSIGNMENT((#8902));
#8902 = SURFACE_STYLE_USAGE(.BOTH.,#8903);
#8903 = SURFACE_SIDE_STYLE('',(#8904,#8907));
#8904 = SURFACE_STYLE_FILL_AREA(#8905);
#8905 = FILL_AREA_STYLE('',(#8906));
#8906 = FILL_AREA_STYLE_COLOUR('',#7525);
#8907 = SURFACE_STYLE_RENDERING_WITH_PROPERTIES(.NORMAL_SHADING.,#7525,(
    #8908));
#8908 = SURFACE_STYLE_TRANSPARENT(1.);
#8909 = OVER_RIDING_STYLED_ITEM('overriding color',(#8910),#5099,#8090);
#8910 = PRESENTATION_STYLE_ASSIGNMENT((#8911));
#8911 = SURFACE_STYLE_USAGE(.BOTH.,#8912);
#8912 = SURFACE_SIDE_STYLE('',(#8913,#8916));
#8913 = SURFACE_STYLE_FILL_AREA(#8914);
#8914 = FILL_AREA_STYLE('',(#8915));
#8915 = FILL_AREA_STYLE_COLOUR('',#7371);
#8916 = SURFACE_STYLE_RENDERING_WITH_PROPERTIES(.NORMAL_SHADING.,#7371,(
    #8917));
#8917 = SURFACE_STYLE_TRANSPARENT(1.);
#8918 = OVER_RIDING_STYLED_ITEM('overriding color',(#8919),#5116,#8090);
#8919 = PRESENTATION_STYLE_ASSIGNMENT((#8920));
#8920 = SURFACE_STYLE_USAGE(.BOTH.,#8921);
#8921 = SURFACE_SIDE_STYLE('',(#8922,#8925));
#8922 = SURFACE_STYLE_FILL_AREA(#8923);
#8923 = FILL_AREA_STYLE('',(#8924));
#8924 = FILL_AREA_STYLE_COLOUR('',#7371);
#8925 = SURFACE_STYLE_RENDERING_WITH_PROPERTIES(.NORMAL_SHADING.,#7371,(
    #8926));
#8926 = SURFACE_STYLE_TRANSPARENT(1.);
#8927 = OVER_RIDING_STYLED_ITEM('overriding color',(#8928),#5133,#8090);
#8928 = PRESENTATION_STYLE_ASSIGNMENT((#8929));
#8929 = SURFACE_STYLE_USAGE(.BOTH.,#8930);
#8930 = SURFACE_SIDE_STYLE('',(#8931,#8934));
#8931 = SURFACE_STYLE_FILL_AREA(#8932);
#8932 = FILL_AREA_STYLE('',(#8933));
#8933 = FILL_AREA_STYLE_COLOUR('',#7525);
#8934 = SURFACE_STYLE_RENDERING_WITH_PROPERTIES(.NORMAL_SHADING.,#7525,(
    #8935));
#8935 = SURFACE_STYLE_TRANSPARENT(1.);
#8936 = OVER_RIDING_STYLED_ITEM('overriding color',(#8937),#5182,#8090);
#8937 = PRESENTATION_STYLE_ASSIGNMENT((#8938));
#8938 = SURFACE_STYLE_USAGE(.BOTH.,#8939);
#8939 = SURFACE_SIDE_STYLE('',(#8940,#8943));
#8940 = SURFACE_STYLE_FILL_AREA(#8941);
#8941 = FILL_AREA_STYLE('',(#8942));
#8942 = FILL_AREA_STYLE_COLOUR('',#7525);
#8943 = SURFACE_STYLE_RENDERING_WITH_PROPERTIES(.NORMAL_SHADING.,#7525,(
    #8944));
#8944 = SURFACE_STYLE_TRANSPARENT(1.);
#8945 = OVER_RIDING_STYLED_ITEM('overriding color',(#8946),#5206,#8090);
#8946 = PRESENTATION_STYLE_ASSIGNMENT((#8947));
#8947 = SURFACE_STYLE_USAGE(.BOTH.,#8948);
#8948 = SURFACE_SIDE_STYLE('',(#8949,#8952));
#8949 = SURFACE_STYLE_FILL_AREA(#8950);
#8950 = FILL_AREA_STYLE('',(#8951));
#8951 = FILL_AREA_STYLE_COLOUR('',#7525);
#8952 = SURFACE_STYLE_RENDERING_WITH_PROPERTIES(.NORMAL_SHADING.,#7525,(
    #8953));
#8953 = SURFACE_STYLE_TRANSPARENT(1.);
#8954 = OVER_RIDING_STYLED_ITEM('overriding color',(#8955),#5248,#8090);
#8955 = PRESENTATION_STYLE_ASSIGNMENT((#8956));
#8956 = SURFACE_STYLE_USAGE(.BOTH.,#8957);
#8957 = SURFACE_SIDE_STYLE('',(#8958,#8961));
#8958 = SURFACE_STYLE_FILL_AREA(#8959);
#8959 = FILL_AREA_STYLE('',(#8960));
#8960 = FILL_AREA_STYLE_COLOUR('',#7525);
#8961 = SURFACE_STYLE_RENDERING_WITH_PROPERTIES(.NORMAL_SHADING.,#7525,(
    #8962));
#8962 = SURFACE_STYLE_TRANSPARENT(1.);
#8963 = OVER_RIDING_STYLED_ITEM('overriding color',(#8964),#5265,#8090);
#8964 = PRESENTATION_STYLE_ASSIGNMENT((#8965));
#8965 = SURFACE_STYLE_USAGE(.BOTH.,#8966);
#8966 = SURFACE_SIDE_STYLE('',(#8967,#8970));
#8967 = SURFACE_STYLE_FILL_AREA(#8968);
#8968 = FILL_AREA_STYLE('',(#8969));
#8969 = FILL_AREA_STYLE_COLOUR('',#7371);
#8970 = SURFACE_STYLE_RENDERING_WITH_PROPERTIES(.NORMAL_SHADING.,#7371,(
    #8971));
#8971 = SURFACE_STYLE_TRANSPARENT(1.);
#8972 = OVER_RIDING_STYLED_ITEM('overriding color',(#8973),#5282,#8090);
#8973 = PRESENTATION_STYLE_ASSIGNMENT((#8974));
#8974 = SURFACE_STYLE_USAGE(.BOTH.,#8975);
#8975 = SURFACE_SIDE_STYLE('',(#8976,#8979));
#8976 = SURFACE_STYLE_FILL_AREA(#8977);
#8977 = FILL_AREA_STYLE('',(#8978));
#8978 = FILL_AREA_STYLE_COLOUR('',#7371);
#8979 = SURFACE_STYLE_RENDERING_WITH_PROPERTIES(.NORMAL_SHADING.,#7371,(
    #8980));
#8980 = SURFACE_STYLE_TRANSPARENT(1.);
#8981 = OVER_RIDING_STYLED_ITEM('overriding color',(#8982),#5299,#8090);
#8982 = PRESENTATION_STYLE_ASSIGNMENT((#8983));
#8983 = SURFACE_STYLE_USAGE(.BOTH.,#8984);
#8984 = SURFACE_SIDE_STYLE('',(#8985,#8988));
#8985 = SURFACE_STYLE_FILL_AREA(#8986);
#8986 = FILL_AREA_STYLE('',(#8987));
#8987 = FILL_AREA_STYLE_COLOUR('',#7525);
#8988 = SURFACE_STYLE_RENDERING_WITH_PROPERTIES(.NORMAL_SHADING.,#7525,(
    #8989));
#8989 = SURFACE_STYLE_TRANSPARENT(1.);
#8990 = OVER_RIDING_STYLED_ITEM('overriding color',(#8991),#5348,#8090);
#8991 = PRESENTATION_STYLE_ASSIGNMENT((#8992));
#8992 = SURFACE_STYLE_USAGE(.BOTH.,#8993);
#8993 = SURFACE_SIDE_STYLE('',(#8994,#8997));
#8994 = SURFACE_STYLE_FILL_AREA(#8995);
#8995 = FILL_AREA_STYLE('',(#8996));
#8996 = FILL_AREA_STYLE_COLOUR('',#7525);
#8997 = SURFACE_STYLE_RENDERING_WITH_PROPERTIES(.NORMAL_SHADING.,#7525,(
    #8998));
#8998 = SURFACE_STYLE_TRANSPARENT(1.);
#8999 = OVER_RIDING_STYLED_ITEM('overriding color',(#9000),#5372,#8090);
#9000 = PRESENTATION_STYLE_ASSIGNMENT((#9001));
#9001 = SURFACE_STYLE_USAGE(.BOTH.,#9002);
#9002 = SURFACE_SIDE_STYLE('',(#9003,#9006));
#9003 = SURFACE_STYLE_FILL_AREA(#9004);
#9004 = FILL_AREA_STYLE('',(#9005));
#9005 = FILL_AREA_STYLE_COLOUR('',#7525);
#9006 = SURFACE_STYLE_RENDERING_WITH_PROPERTIES(.NORMAL_SHADING.,#7525,(
    #9007));
#9007 = SURFACE_STYLE_TRANSPARENT(1.);
#9008 = OVER_RIDING_STYLED_ITEM('overriding color',(#9009),#5414,#8090);
#9009 = PRESENTATION_STYLE_ASSIGNMENT((#9010));
#9010 = SURFACE_STYLE_USAGE(.BOTH.,#9011);
#9011 = SURFACE_SIDE_STYLE('',(#9012,#9015));
#9012 = SURFACE_STYLE_FILL_AREA(#9013);
#9013 = FILL_AREA_STYLE('',(#9014));
#9014 = FILL_AREA_STYLE_COLOUR('',#7525);
#9015 = SURFACE_STYLE_RENDERING_WITH_PROPERTIES(.NORMAL_SHADING.,#7525,(
    #9016));
#9016 = SURFACE_STYLE_TRANSPARENT(1.);
#9017 = OVER_RIDING_STYLED_ITEM('overriding color',(#9018),#5431,#8090);
#9018 = PRESENTATION_STYLE_ASSIGNMENT((#9019));
#9019 = SURFACE_STYLE_USAGE(.BOTH.,#9020);
#9020 = SURFACE_SIDE_STYLE('',(#9021,#9024));
#9021 = SURFACE_STYLE_FILL_AREA(#9022);
#9022 = FILL_AREA_STYLE('',(#9023));
#9023 = FILL_AREA_STYLE_COLOUR('',#7525);
#9024 = SURFACE_STYLE_RENDERING_WITH_PROPERTIES(.NORMAL_SHADING.,#7525,(
    #9025));
#9025 = SURFACE_STYLE_TRANSPARENT(1.);
#9026 = OVER_RIDING_STYLED_ITEM('overriding color',(#9027),#5448,#8090);
#9027 = PRESENTATION_STYLE_ASSIGNMENT((#9028));
#9028 = SURFACE_STYLE_USAGE(.BOTH.,#9029);
#9029 = SURFACE_SIDE_STYLE('',(#9030,#9033));
#9030 = SURFACE_STYLE_FILL_AREA(#9031);
#9031 = FILL_AREA_STYLE('',(#9032));
#9032 = FILL_AREA_STYLE_COLOUR('',#7525);
#9033 = SURFACE_STYLE_RENDERING_WITH_PROPERTIES(.NORMAL_SHADING.,#7525,(
    #9034));
#9034 = SURFACE_STYLE_TRANSPARENT(1.);
#9035 = OVER_RIDING_STYLED_ITEM('overriding color',(#9036),#5465,#8090);
#9036 = PRESENTATION_STYLE_ASSIGNMENT((#9037));
#9037 = SURFACE_STYLE_USAGE(.BOTH.,#9038);
#9038 = SURFACE_SIDE_STYLE('',(#9039,#9042));
#9039 = SURFACE_STYLE_FILL_AREA(#9040);
#9040 = FILL_AREA_STYLE('',(#9041));
#9041 = FILL_AREA_STYLE_COLOUR('',#7525);
#9042 = SURFACE_STYLE_RENDERING_WITH_PROPERTIES(.NORMAL_SHADING.,#7525,(
    #9043));
#9043 = SURFACE_STYLE_TRANSPARENT(1.);
#9044 = OVER_RIDING_STYLED_ITEM('overriding color',(#9045),#5477,#8090);
#9045 = PRESENTATION_STYLE_ASSIGNMENT((#9046));
#9046 = SURFACE_STYLE_USAGE(.BOTH.,#9047);
#9047 = SURFACE_SIDE_STYLE('',(#9048,#9051));
#9048 = SURFACE_STYLE_FILL_AREA(#9049);
#9049 = FILL_AREA_STYLE('',(#9050));
#9050 = FILL_AREA_STYLE_COLOUR('',#7525);
#9051 = SURFACE_STYLE_RENDERING_WITH_PROPERTIES(.NORMAL_SHADING.,#7525,(
    #9052));
#9052 = SURFACE_STYLE_TRANSPARENT(1.);
#9053 = OVER_RIDING_STYLED_ITEM('overriding color',(#9054),#5494,#8090);
#9054 = PRESENTATION_STYLE_ASSIGNMENT((#9055));
#9055 = SURFACE_STYLE_USAGE(.BOTH.,#9056);
#9056 = SURFACE_SIDE_STYLE('',(#9057,#9060));
#9057 = SURFACE_STYLE_FILL_AREA(#9058);
#9058 = FILL_AREA_STYLE('',(#9059));
#9059 = FILL_AREA_STYLE_COLOUR('',#7525);
#9060 = SURFACE_STYLE_RENDERING_WITH_PROPERTIES(.NORMAL_SHADING.,#7525,(
    #9061));
#9061 = SURFACE_STYLE_TRANSPARENT(1.);
#9062 = OVER_RIDING_STYLED_ITEM('overriding color',(#9063),#5511,#8090);
#9063 = PRESENTATION_STYLE_ASSIGNMENT((#9064));
#9064 = SURFACE_STYLE_USAGE(.BOTH.,#9065);
#9065 = SURFACE_SIDE_STYLE('',(#9066,#9069));
#9066 = SURFACE_STYLE_FILL_AREA(#9067);
#9067 = FILL_AREA_STYLE('',(#9068));
#9068 = FILL_AREA_STYLE_COLOUR('',#7525);
#9069 = SURFACE_STYLE_RENDERING_WITH_PROPERTIES(.NORMAL_SHADING.,#7525,(
    #9070));
#9070 = SURFACE_STYLE_TRANSPARENT(1.);
#9071 = OVER_RIDING_STYLED_ITEM('overriding color',(#9072),#5523,#8090);
#9072 = PRESENTATION_STYLE_ASSIGNMENT((#9073));
#9073 = SURFACE_STYLE_USAGE(.BOTH.,#9074);
#9074 = SURFACE_SIDE_STYLE('',(#9075,#9078));
#9075 = SURFACE_STYLE_FILL_AREA(#9076);
#9076 = FILL_AREA_STYLE('',(#9077));
#9077 = FILL_AREA_STYLE_COLOUR('',#7525);
#9078 = SURFACE_STYLE_RENDERING_WITH_PROPERTIES(.NORMAL_SHADING.,#7525,(
    #9079));
#9079 = SURFACE_STYLE_TRANSPARENT(1.);
#9080 = OVER_RIDING_STYLED_ITEM('overriding color',(#9081),#5540,#8090);
#9081 = PRESENTATION_STYLE_ASSIGNMENT((#9082));
#9082 = SURFACE_STYLE_USAGE(.BOTH.,#9083);
#9083 = SURFACE_SIDE_STYLE('',(#9084,#9087));
#9084 = SURFACE_STYLE_FILL_AREA(#9085);
#9085 = FILL_AREA_STYLE('',(#9086));
#9086 = FILL_AREA_STYLE_COLOUR('',#7525);
#9087 = SURFACE_STYLE_RENDERING_WITH_PROPERTIES(.NORMAL_SHADING.,#7525,(
    #9088));
#9088 = SURFACE_STYLE_TRANSPARENT(1.);
#9089 = OVER_RIDING_STYLED_ITEM('overriding color',(#9090),#5557,#8090);
#9090 = PRESENTATION_STYLE_ASSIGNMENT((#9091));
#9091 = SURFACE_STYLE_USAGE(.BOTH.,#9092);
#9092 = SURFACE_SIDE_STYLE('',(#9093,#9096));
#9093 = SURFACE_STYLE_FILL_AREA(#9094);
#9094 = FILL_AREA_STYLE('',(#9095));
#9095 = FILL_AREA_STYLE_COLOUR('',#7525);
#9096 = SURFACE_STYLE_RENDERING_WITH_PROPERTIES(.NORMAL_SHADING.,#7525,(
    #9097));
#9097 = SURFACE_STYLE_TRANSPARENT(1.);
#9098 = OVER_RIDING_STYLED_ITEM('overriding color',(#9099),#5569,#8090);
#9099 = PRESENTATION_STYLE_ASSIGNMENT((#9100));
#9100 = SURFACE_STYLE_USAGE(.BOTH.,#9101);
#9101 = SURFACE_SIDE_STYLE('',(#9102,#9105));
#9102 = SURFACE_STYLE_FILL_AREA(#9103);
#9103 = FILL_AREA_STYLE('',(#9104));
#9104 = FILL_AREA_STYLE_COLOUR('',#7525);
#9105 = SURFACE_STYLE_RENDERING_WITH_PROPERTIES(.NORMAL_SHADING.,#7525,(
    #9106));
#9106 = SURFACE_STYLE_TRANSPARENT(1.);
#9107 = OVER_RIDING_STYLED_ITEM('overriding color',(#9108),#5586,#8090);
#9108 = PRESENTATION_STYLE_ASSIGNMENT((#9109));
#9109 = SURFACE_STYLE_USAGE(.BOTH.,#9110);
#9110 = SURFACE_SIDE_STYLE('',(#9111,#9114));
#9111 = SURFACE_STYLE_FILL_AREA(#9112);
#9112 = FILL_AREA_STYLE('',(#9113));
#9113 = FILL_AREA_STYLE_COLOUR('',#7525);
#9114 = SURFACE_STYLE_RENDERING_WITH_PROPERTIES(.NORMAL_SHADING.,#7525,(
    #9115));
#9115 = SURFACE_STYLE_TRANSPARENT(1.);
#9116 = OVER_RIDING_STYLED_ITEM('overriding color',(#9117),#5603,#8090);
#9117 = PRESENTATION_STYLE_ASSIGNMENT((#9118));
#9118 = SURFACE_STYLE_USAGE(.BOTH.,#9119);
#9119 = SURFACE_SIDE_STYLE('',(#9120,#9123));
#9120 = SURFACE_STYLE_FILL_AREA(#9121);
#9121 = FILL_AREA_STYLE('',(#9122));
#9122 = FILL_AREA_STYLE_COLOUR('',#7525);
#9123 = SURFACE_STYLE_RENDERING_WITH_PROPERTIES(.NORMAL_SHADING.,#7525,(
    #9124));
#9124 = SURFACE_STYLE_TRANSPARENT(1.);
ENDSEC;
END-ISO-10303-21;
